Customer_ID,Recency,Frequency,Monetary,First_purchase,Last_purchase,Total_items,Tenure,AOV,Cancelled_orders,Return_Rate,R_Score,F_Score,M_Score,Segment,Lifespan_years,CLV
12346,326,12,77556.46,14-12-2009 08:34,18-01-2011 10:01,74285,726,6463.038333,5,0.294117647,2,5,5,At_Risk,1.989041096,154262.9862
12347,2,8,5633.32,31-10-2010 14:20,07-12-2011 15:52,3286,404,704.165,0,0,5,4,5,Champions,1.106849315,6235.236384
12348,75,5,2019.4,27-09-2010 14:59,25-09-2011 13:13,2714,438,403.88,0,0,3,4,4,Loyal_customers,1.2,2423.28
12349,19,4,4428.69,29-04-2010 13:20,21-11-2011 09:51,1624,589,1107.1725,1,0.2,5,3,5,Loyal_customers,1.61369863,7146.570986
12350,310,1,334.4,02-02-2011 16:01,02-02-2011 16:01,197,310,334.4,0,0,2,1,2,lost,0.849315068,284.0109589
12351,375,1,300.93,29-11-2010 15:23,29-11-2010 15:23,261,375,300.93,0,0,2,1,2,lost,1.02739726,309.1746575
12352,36,10,2849.84,12-11-2010 10:20,03-11-2011 14:37,724,393,284.984,3,0.230769231,4,5,4,Champions,1.076712329,3068.457863
12353,204,2,406.76,27-10-2010 12:44,19-05-2011 17:47,212,409,203.38,0,0,2,2,2,lost,1.120547945,455.7940822
12354,232,1,1079.4,21-04-2011 13:11,21-04-2011 13:11,530,232,1079.4,0,0,2,1,3,Needs_Attention,0.635616438,686.0843836
12355,214,2,947.61,21-05-2010 11:59,09-05-2011 13:49,543,568,473.805,0,0,2,2,3,Needs_Attention,1.556164384,1474.636932
12356,23,6,6373.68,11-10-2010 09:42,17-11-2011 08:40,3417,425,1062.28,0,0,4,4,5,Champions,1.164383562,7421.408219
12357,33,3,18287.66,16-11-2010 10:05,06-11-2011 16:07,6587,389,6095.886667,0,0,4,3,5,Loyal_customers,1.065753425,19490.13627
12358,2,5,3887.07,08-12-2009 07:59,08-12-2011 10:26,1079,732,777.414,0,0,5,4,5,Champions,2.005479452,7795.439014
12359,58,10,8935.94,05-12-2009 13:32,13-10-2011 12:47,2752,734,893.594,4,0.285714286,4,5,5,Champions,2.010958904,17969.80811
12360,52,8,4252.89,22-02-2010 09:32,18-10-2011 15:22,2459,656,531.61125,1,0.111111111,4,4,5,Champions,1.797260274,7643.550247
12361,287,4,511.25,26-01-2010 14:37,25-02-2011 13:51,235,682,127.8125,0,0,2,3,2,At_Risk,1.868493151,955.2671233
12362,3,11,5356.23,01-12-2009 10:10,06-12-2011 15:40,2230,739,486.93,3,0.214285714,5,5,5,Champions,2.024657534,10844.53142
12363,110,2,552,11-04-2011 13:29,22-08-2011 10:18,408,242,276,0,0,3,2,2,Needs_Attention,0.663013699,365.9835616
12364,8,4,1313.1,19-08-2011 15:24,02-12-2011 10:22,1506,112,328.275,0,0,5,3,4,Loyal_customers,0.306849315,402.9238356
12365,291,2,641.38,21-02-2011 13:51,21-02-2011 14:04,174,291,320.69,1,0.333333333,2,2,3,Needs_Attention,0.797260274,511.3467945
12366,634,1,500.24,16-03-2010 10:28,16-03-2010 10:28,296,634,500.24,0,0,1,1,2,lost,1.736986301,868.9100274
12367,4,1,168.9,05-12-2011 16:48,05-12-2011 16:48,173,4,168.9,0,0,5,1,1,New_customers,0.010958904,1.850958904
12368,628,1,917.7,21-03-2010 15:56,21-03-2010 15:56,330,628,917.7,0,0,1,1,3,Needs_Attention,1.720547945,1578.946849
12369,413,3,1791.15,08-03-2010 08:09,22-10-2010 13:13,1241,642,597.05,0,0,1,3,4,At_Risk,1.75890411,3150.461096
12370,51,7,4320.31,09-02-2010 09:41,19-10-2011 14:51,2605,669,617.1871429,0,0,4,4,5,Champions,1.832876712,7918.595589
12371,45,5,4067.38,04-03-2010 18:23,26-10-2011 10:16,1436,645,813.476,0,0,4,4,5,Champions,1.767123288,7187.561918
12372,72,3,1298.04,16-02-2011 12:46,29-09-2011 12:12,794,297,432.68,0,0,3,3,4,Loyal_customers,0.81369863,1056.21337
12373,311,3,1127.65,04-02-2010 12:08,01-02-2011 13:10,516,674,375.8833333,0,0,2,3,3,At_Risk,1.846575342,2082.290685
12374,25,4,2989.22,30-04-2010 14:01,14-11-2011 15:37,1362,588,747.305,0,0,4,3,5,Loyal_customers,1.610958904,4815.510575
12375,11,2,457.5,02-09-2011 14:23,29-11-2011 10:36,178,98,228.75,1,0.333333333,5,2,2,New_customers,0.268493151,122.8356164
12376,390,2,503.15,18-10-2010 08:42,15-11-2010 12:15,240,418,251.575,0,0,2,2,2,lost,1.145205479,576.210137
12377,315,4,3426.32,29-04-2010 15:34,28-01-2011 15:45,2105,589,856.58,0,0,2,3,5,At_Risk,1.61369863,5529.04789
12378,130,2,5416.32,26-05-2010 14:07,02-08-2011 10:34,3316,562,2708.16,0,0,3,2,5,Needs_Attention,1.539726027,8339.648877
12379,82,4,1620.22,23-06-2010 12:49,19-09-2011 10:09,815,535,405.055,1,0.2,3,3,4,Loyal_customers,1.465753425,2374.843014
12380,22,11,9676.3,15-02-2010 12:05,18-11-2011 11:27,3355,663,879.6636364,4,0.266666667,4,5,5,Champions,1.816438356,17576.40247
12381,5,5,1845.31,12-08-2011 09:57,05-12-2011 12:44,808,120,369.062,1,0.166666667,5,4,4,Champions,0.328767123,606.6772603
12383,185,5,1850.56,22-12-2010 14:28,08-06-2011 08:02,1532,352,370.112,1,0.166666667,3,4,4,Loyal_customers,0.964383562,1784.649644
12384,29,2,585.27,10-08-2011 11:23,11-11-2011 08:39,126,122,292.635,1,0.333333333,4,2,2,New_customers,0.334246575,195.6244932
12385,379,1,1938.4,25-11-2010 15:14,25-11-2010 15:14,612,379,1938.4,1,0.5,2,1,4,Needs_Attention,1.038356164,2012.749589
12386,338,2,660.8,08-12-2010 09:53,06-01-2011 12:37,568,367,330.4,0,0,2,2,3,Needs_Attention,1.005479452,664.4208219
12387,415,1,143.94,20-10-2010 16:27,20-10-2010 16:27,134,415,143.94,0,0,1,1,1,lost,1.136986301,163.6578082
12388,16,8,3901.11,06-05-2010 12:54,24-11-2011 12:30,2001,582,487.63875,0,0,5,4,5,Champions,1.594520548,6220.400055
12389,403,3,1433.33,22-02-2010 10:15,02-11-2010 11:52,614,656,477.7766667,0,0,2,3,4,At_Risk,1.797260274,2576.067068
12390,80,1,549.84,21-09-2011 09:33,21-09-2011 09:33,353,80,549.84,0,0,3,1,2,Needs_Attention,0.219178082,120.5128767
12391,22,6,2773.42,15-02-2010 10:12,18-11-2011 12:07,1220,663,462.2366667,1,0.142857143,4,4,4,Champions,1.816438356,5037.746466
12392,591,1,234.75,27-04-2010 14:04,27-04-2010 14:04,73,591,234.75,0,0,1,1,1,lost,1.619178082,380.1020548
12393,72,6,2399.45,07-10-2010 13:49,28-09-2011 15:41,1311,428,399.9083333,1,0.142857143,3,4,4,Loyal_customers,1.17260274,2813.601644
12394,64,2,1272.48,06-05-2011 14:01,07-10-2011 08:08,819,217,636.24,0,0,3,2,4,Needs_Attention,0.594520548,756.5155068
12395,19,15,5067.27,16-04-2010 10:16,20-11-2011 15:21,3733,603,337.818,3,0.166666667,5,5,5,Champions,1.652054795,8371.407699
12396,674,1,931.43,03-02-2010 13:22,03-02-2010 13:22,591,674,931.43,0,0,1,1,3,Needs_Attention,1.846575342,1719.955671
12397,36,2,2409.9,27-07-2011 14:21,04-11-2011 09:52,1263,135,1204.95,0,0,4,2,4,New_customers,0.369863014,891.3328767
12398,46,1,1635.66,25-10-2011 10:27,25-10-2011 10:27,1394,46,1635.66,0,0,4,1,4,New_customers,0.126027397,206.1379726
12399,119,7,1962.3,05-03-2010 08:45,12-08-2011 13:15,2198,645,280.3285714,0,0,3,4,4,Loyal_customers,1.767123288,3467.626027
12400,414,1,205.25,21-10-2010 13:45,21-10-2010 13:45,91,414,205.25,0,0,1,1,1,lost,1.134246575,232.8041096
12401,303,1,84.3,09-02-2011 13:50,09-02-2011 13:50,11,303,84.3,0,0,2,1,1,lost,0.830136986,69.98054795
12402,323,6,1256.9,07-02-2010 12:41,20-01-2011 13:49,584,671,209.4833333,1,0.142857143,2,4,4,At_Risk,1.838356164,2310.629863
12403,50,2,1019.36,06-07-2010 11:39,21-10-2011 10:51,260,522,509.68,1,0.333333333,4,2,3,New_customers,1.430136986,1457.824438
12404,682,1,63.24,26-01-2010 16:25,26-01-2010 16:25,1,682,63.24,0,0,1,1,1,lost,1.868493151,118.1635068
12405,149,1,1710.39,14-07-2011 08:52,14-07-2011 08:52,857,149,1710.39,0,0,3,1,4,Needs_Attention,0.408219178,698.214
12406,22,5,6390.36,11-01-2010 14:04,17-11-2011 19:22,3416,697,1278.072,2,0.285714286,4,4,5,Champions,1.909589041,12202.96142
12407,50,5,1708.12,20-03-2011 13:21,21-10-2011 10:11,1416,264,341.624,0,0,4,4,4,Champions,0.723287671,1235.462137
12408,33,8,4340.77,29-07-2010 13:27,07-11-2011 12:27,2229,498,542.59625,6,0.428571429,4,4,5,Champions,1.364383562,5922.475233
12409,79,7,23419.29,23-05-2010 15:21,22-09-2011 10:38,13143,565,3345.612857,6,0.461538462,3,4,5,Loyal_customers,1.547945205,36251.77767
12410,309,3,1013.71,25-07-2010 13:26,04-02-2011 10:39,341,502,337.9033333,1,0.25,2,3,3,At_Risk,1.375342466,1394.198411
12411,410,1,346.9,26-10-2010 09:25,26-10-2010 09:25,138,410,346.9,0,0,2,1,2,lost,1.123287671,389.6684932
12412,75,6,2596.93,18-06-2010 13:22,26-09-2011 10:16,1997,539,432.8216667,2,0.25,3,4,4,Loyal_customers,1.476712329,3834.918548
12413,67,4,999.45,02-11-2010 13:26,04-10-2011 09:00,319,402,249.8625,2,0.333333333,3,3,3,Loyal_customers,1.101369863,1100.76411
12414,217,6,952.41,02-09-2010 12:22,06-05-2011 14:51,495,464,158.735,2,0.25,2,4,3,At_Risk,1.271232877,1210.734904
12415,24,28,144458.37,30-06-2010 08:30,15-11-2011 14:22,91447,528,5159.2275,5,0.151515152,4,5,5,Champions,1.446575342,208969.9161
12416,657,1,202.56,21-02-2010 10:19,21-02-2010 10:19,132,657,202.56,0,0,1,1,1,lost,1.8,364.608
12417,3,20,6816.91,06-12-2009 10:30,06-12-2011 14:52,2890,734,340.8455,7,0.259259259,5,5,5,Champions,2.010958904,13708.52586
12418,113,4,2021.2,19-03-2010 14:47,19-08-2011 11:08,1088,630,505.3,1,0.2,3,3,4,Loyal_customers,1.726027397,3488.646575
12419,386,2,503.01,22-10-2010 10:40,19-11-2010 10:04,231,414,251.505,0,0,2,2,2,lost,1.134246575,570.5373699
12420,64,1,600.39,07-10-2011 08:55,07-10-2011 08:55,345,64,600.39,0,0,3,1,2,Needs_Attention,0.175342466,105.273863
12421,16,6,1098.6,22-07-2010 13:57,24-11-2011 09:07,652,505,183.1,2,0.25,5,4,3,Loyal_customers,1.383561644,1519.980822
12422,96,17,5231.8,18-12-2009 12:44,05-09-2011 09:48,2596,722,307.7529412,4,0.19047619,3,5,5,Loyal_customers,1.978082192,10348.93041
12423,1,10,2622.39,31-08-2010 09:31,09-12-2011 10:10,1793,466,262.239,1,0.090909091,5,5,4,Champions,1.276712329,3348.037644
12424,163,4,3340.03,09-06-2010 15:15,30-06-2011 12:06,2025,548,835.0075,3,0.428571429,3,3,5,Loyal_customers,1.501369863,5014.620384
12425,78,2,1741.41,17-09-2010 14:10,22-09-2011 17:31,1147,448,870.705,1,0.333333333,3,2,4,Needs_Attention,1.22739726,2137.401863
12426,195,2,1345.21,15-02-2010 08:41,29-05-2011 12:26,584,663,672.605,1,0.333333333,2,2,4,Needs_Attention,1.816438356,2443.491041
12427,22,3,1129.3,03-12-2010 10:44,18-11-2011 08:56,612,372,376.4333333,2,0.4,4,3,3,Loyal_customers,1.019178082,1150.957808
12428,26,9,7956.46,01-03-2011 09:33,14-11-2011 08:22,3536,284,884.0511111,3,0.25,4,5,5,Champions,0.778082192,6190.779836
12429,9,8,7485.91,11-06-2010 13:28,30-11-2011 17:22,3344,546,935.73875,1,0.111111111,5,4,5,Champions,1.495890411,11198.10099
12430,43,1,256.4,27-10-2011 15:09,27-10-2011 15:09,117,43,256.4,0,0,4,1,1,New_customers,0.117808219,30.2060274
12431,36,27,10857.97,15-01-2010 09:04,04-11-2011 11:55,4717,694,402.147037,6,0.181818182,4,5,5,Champions,1.901369863,20645.01693
12432,43,5,5059.32,20-06-2011 13:27,28-10-2011 11:43,1801,172,1011.864,0,0,4,4,5,Champions,0.471232877,2384.117918
12433,1,10,20581.26,20-08-2010 09:23,09-12-2011 10:02,17116,477,2058.126,1,0.090909091,5,5,5,Champions,1.306849315,26896.60553
12434,85,3,1103.43,23-11-2010 13:38,16-09-2011 12:38,532,381,367.81,2,0.4,3,3,3,Loyal_customers,1.043835616,1151.799534
12435,80,6,13925.93,02-12-2009 13:58,21-09-2011 09:06,4958,737,2320.988333,0,0,3,4,5,Loyal_customers,2.019178082,28118.93263
12436,100,1,509.01,01-09-2011 12:09,01-09-2011 12:09,211,100,509.01,0,0,3,1,2,Needs_Attention,0.273972603,139.4547945
12437,2,39,12683.4,02-12-2009 16:24,08-12-2011 11:35,8000,737,325.2153846,8,0.170212766,5,5,5,Champions,2.019178082,25610.04329
12438,14,2,2906.85,22-07-2011 13:29,25-11-2011 13:28,1180,140,1453.425,0,0,5,2,4,New_customers,0.383561644,1114.956164
12439,683,2,1158.18,14-12-2009 08:40,26-01-2010 12:11,484,726,579.09,1,0.333333333,1,2,3,Needs_Attention,1.989041096,2303.667616
12440,462,2,859.2,22-12-2009 12:03,03-09-2010 13:11,331,718,429.6,1,0.333333333,1,2,3,Needs_Attention,1.967123288,1690.152329
12441,367,1,347.1,08-12-2010 10:45,08-12-2010 10:45,242,367,347.1,0,0,2,1,2,lost,1.005479452,349.0019178
12442,3,1,172.06,06-12-2011 14:22,06-12-2011 14:22,182,3,172.06,0,0,5,1,1,New_customers,0.008219178,1.414191781
12443,732,1,485.31,07-12-2009 15:42,07-12-2009 15:42,182,732,485.31,0,0,1,1,2,lost,2.005479452,973.2792329
12444,21,5,5005.46,21-06-2011 14:00,18-11-2011 13:23,1153,171,1001.092,0,0,4,4,5,Champions,0.468493151,2345.023726
12445,22,2,434.98,15-10-2010 12:28,17-11-2011 18:43,206,421,217.49,1,0.333333333,4,2,2,New_customers,1.153424658,501.7166575
12446,58,1,1002.31,13-10-2011 12:50,13-10-2011 12:50,351,58,1002.31,0,0,4,1,3,New_customers,0.15890411,159.2711781
12447,243,1,476.49,10-04-2011 13:25,10-04-2011 13:25,190,243,476.49,0,0,2,1,2,lost,0.665753425,317.2248493
12448,44,1,449.45,26-10-2011 13:46,26-10-2011 13:46,243,44,449.45,0,0,4,1,2,New_customers,0.120547945,54.18027397
12449,22,6,4835.89,27-09-2010 09:37,17-11-2011 13:46,2282,439,805.9816667,0,0,4,4,5,Champions,1.202739726,5816.317014
12450,156,5,688.2,22-08-2010 13:11,06-07-2011 14:41,442,474,137.64,2,0.285714286,3,4,3,Loyal_customers,1.298630137,893.7172603
12451,11,8,12669.88,28-06-2010 12:58,29-11-2011 08:40,9359,529,1583.735,2,0.2,5,4,5,Champions,1.449315068,18362.648
12452,17,2,430.57,23-11-2011 08:05,23-11-2011 10:28,185,17,215.285,1,0.333333333,5,2,2,New_customers,0.046575342,20.05394521
12453,134,1,707.09,28-07-2011 14:08,28-07-2011 14:08,473,134,707.09,0,0,3,1,3,Needs_Attention,0.367123288,259.5892055
12454,56,5,16679.78,14-10-2010 17:33,14-10-2011 17:13,7703,421,3335.956,4,0.444444444,4,4,5,Champions,1.153424658,19238.86953
12455,73,10,5879.95,18-12-2009 12:33,27-09-2011 15:31,3302,722,587.995,0,0,3,5,5,Loyal_customers,1.978082192,11631.02438
12456,44,3,3181.04,30-03-2011 09:12,26-10-2011 14:41,1633,255,1060.346667,1,0.25,4,3,5,Loyal_customers,0.698630137,2222.370411
12457,66,8,2995.91,30-09-2010 17:59,04-10-2011 13:13,1094,435,374.48875,6,0.428571429,3,4,5,Loyal_customers,1.191780822,3570.468082
12458,71,4,1777.49,09-08-2010 10:33,29-09-2011 15:25,986,488,444.3725,0,0,3,3,4,Loyal_customers,1.336986301,2376.479781
12459,605,1,454.36,13-04-2010 14:53,13-04-2010 14:53,258,605,454.36,0,0,1,1,2,lost,1.657534247,753.1172603
12460,456,1,326.65,09-09-2010 13:51,09-09-2010 13:51,170,456,326.65,0,0,1,1,2,lost,1.249315068,408.0887671
12461,94,2,826.88,08-07-2011 10:23,06-09-2011 16:57,287,155,413.44,0,0,3,2,3,Needs_Attention,0.424657534,351.1408219
12462,19,2,1189.59,09-02-2011 14:44,21-11-2011 09:11,536,303,594.795,2,0.5,5,2,3,New_customers,0.830136986,987.5226575
12463,53,4,1344.78,12-04-2011 12:47,17-10-2011 13:44,776,242,336.195,3,0.428571429,4,3,4,Loyal_customers,0.663013699,891.6075616
12464,10,8,1212.05,03-02-2011 13:30,29-11-2011 13:33,112,309,151.50625,0,0,5,4,3,Loyal_customers,0.846575342,1026.091644
12465,17,2,742.19,23-06-2011 13:37,22-11-2011 16:34,479,169,371.095,1,0.333333333,5,2,3,New_customers,0.463013699,343.644137
12466,682,1,56.73,26-01-2010 16:26,26-01-2010 16:26,1,682,56.73,0,0,1,1,1,lost,1.868493151,105.9996164
12467,423,1,132.8,12-10-2010 15:41,12-10-2010 15:41,129,423,132.8,1,0.5,1,1,1,lost,1.15890411,153.9024658
12468,188,5,3670.74,26-01-2010 10:09,05-06-2011 11:36,2201,683,734.148,5,0.5,3,4,5,Loyal_customers,1.871232877,6868.80937
12469,523,2,3070.54,21-06-2010 10:30,05-07-2010 12:40,2552,537,1535.27,0,0,1,2,5,Needs_Attention,1.471232877,4517.479397
12470,690,1,211.95,19-01-2010 11:01,19-01-2010 11:01,95,690,211.95,0,0,1,1,1,lost,1.890410959,400.6726027
12471,2,79,39963.79,07-12-2009 10:41,07-12-2011 15:43,16882,733,505.8707595,50,0.387596899,5,5,5,Champions,2.008219178,80256.04951
12472,32,19,17880.59,14-12-2009 10:49,07-11-2011 14:01,11350,726,941.0836842,18,0.486486486,4,5,5,Champions,1.989041096,35565.22833
12473,29,5,3938.55,01-06-2011 10:15,10-11-2011 13:46,2439,192,787.71,4,0.444444444,4,4,5,Champions,0.526027397,2071.785205
12474,17,31,12424.45,11-02-2010 09:41,22-11-2011 14:39,7954,667,400.7887097,23,0.425925926,5,5,5,Champions,1.82739726,22704.40589
12475,54,2,1149.64,26-10-2010 08:49,17-10-2011 10:10,771,410,574.82,0,0,4,2,3,New_customers,1.123287671,1291.376438
12476,16,23,14115.41,26-07-2010 09:04,24-11-2011 12:40,5645,502,613.7134783,15,0.394736842,5,5,5,Champions,1.375342466,19413.52279
12477,23,9,20276.37,26-03-2010 14:01,17-11-2011 09:51,6119,623,2252.93,3,0.25,4,5,5,Champions,1.706849315,34608.70825
12478,4,1,680.99,06-12-2011 09:56,06-12-2011 09:56,236,4,680.99,0,0,5,1,3,New_customers,0.010958904,7.46290411
12479,11,1,527.2,28-11-2011 13:26,28-11-2011 13:26,385,11,527.2,2,0.666666667,5,1,2,New_customers,0.030136986,15.88821918
12480,28,7,5464.85,20-07-2010 13:21,11-11-2011 14:52,2952,507,780.6928571,1,0.125,4,4,5,Champions,1.389041096,7590.901233
12481,23,15,12361.39,11-04-2010 13:10,17-11-2011 08:29,7253,607,824.0926667,3,0.166666667,4,5,5,Champions,1.663013699,20557.1609
12482,576,29,23691.4,24-02-2010 10:24,12-05-2010 16:51,27042,654,816.9448276,3,0.09375,1,5,5,At_Risk,1.791780822,42449.79616
12483,17,19,5120.58,31-01-2010 13:28,22-11-2011 17:02,2172,677,269.5042105,8,0.296296296,5,5,5,Champions,1.854794521,9497.623726
12484,33,12,6370.15,27-01-2010 16:41,07-11-2011 11:37,3271,681,530.8458333,4,0.25,4,5,5,Champions,1.865753425,11885.12918
12485,529,1,708.1,28-06-2010 15:22,28-06-2010 15:22,414,529,708.1,0,0,1,1,3,Needs_Attention,1.449315068,1026.26
12486,432,1,1037.28,04-10-2010 12:14,04-10-2010 12:14,523,432,1037.28,0,0,1,1,3,Needs_Attention,1.183561644,1227.684822
12487,731,1,285.3,09-12-2009 11:36,09-12-2009 11:36,174,731,285.3,1,0.5,1,1,1,lost,2.002739726,571.3816438
12488,10,3,1298.66,25-09-2011 10:34,30-11-2011 08:50,529,76,432.8866667,0,0,5,3,4,Loyal_customers,0.208219178,270.4059178
12489,336,1,334.93,07-01-2011 13:13,07-01-2011 13:13,105,336,334.93,0,0,2,1,2,lost,0.920547945,308.3191233
12490,5,21,9823.64,01-12-2009 12:52,04-12-2011 16:07,5906,738,467.792381,1,0.045454545,5,5,5,Champions,2.021917808,19862.59266
12491,39,1,460.4,01-11-2011 12:18,01-11-2011 12:18,260,39,460.4,0,0,4,1,2,New_customers,0.106849315,49.19342466
12492,63,3,715.21,01-11-2010 14:58,07-10-2011 15:15,444,403,238.4033333,0,0,3,3,3,Loyal_customers,1.104109589,789.6702192
12493,166,2,433.74,26-05-2011 14:53,27-06-2011 10:17,207,197,216.87,1,0.333333333,3,2,2,Needs_Attention,0.539726027,234.1007671
12494,16,9,1872.87,12-05-2010 13:52,24-11-2011 09:34,988,576,208.0966667,8,0.470588235,5,5,4,Champions,1.578082192,2955.542795
12495,641,1,357.4,09-03-2010 10:53,09-03-2010 10:53,130,641,357.4,1,0.5,1,1,2,lost,1.756164384,627.6531507
12496,620,2,54.09,29-03-2010 13:57,29-03-2010 14:06,33,620,27.045,0,0,1,2,1,lost,1.698630137,91.87890411
12497,82,3,6248.5,05-03-2010 09:39,19-09-2011 12:29,5685,645,2082.833333,1,0.25,3,3,5,Loyal_customers,1.767123288,11041.86986
12498,21,3,403.7,13-10-2011 09:30,18-11-2011 12:53,159,58,134.5666667,0,0,4,3,2,Needs_Attention,0.15890411,64.14958904
12499,560,1,393.72,28-05-2010 15:12,28-05-2010 15:12,302,560,393.72,0,0,1,1,2,lost,1.534246575,604.0635616
12500,23,19,5955.21,04-02-2010 15:05,16-11-2011 16:20,3377,673,313.4321053,6,0.24,4,5,5,Champions,1.843835616,10980.4283
12501,337,1,2169.39,07-01-2011 12:28,07-01-2011 12:28,1783,337,2169.39,1,0.5,2,1,4,Needs_Attention,0.923287671,2002.971041
12502,96,5,3723.87,03-02-2011 10:41,05-09-2011 11:52,820,310,744.774,0,0,3,4,5,Loyal_customers,0.849315068,3162.738904
12503,584,1,1126,04-05-2010 13:59,04-05-2010 13:59,561,584,1126,1,0.5,1,1,3,Needs_Attention,1.6,1801.6
12504,18,4,779.05,22-04-2010 10:24,21-11-2011 16:02,458,597,194.7625,2,0.333333333,5,3,3,Loyal_customers,1.635616438,1274.226986
12505,409,1,955.2,27-10-2010 09:18,27-10-2010 09:18,324,409,955.2,2,0.666666667,2,1,3,Needs_Attention,1.120547945,1070.347397
12506,233,1,73.5,21-04-2011 08:54,21-04-2011 08:54,23,233,73.5,0,0,2,1,1,lost,0.638356164,46.91917808
12507,134,4,1844.06,04-05-2010 09:23,28-07-2011 17:09,1256,585,461.015,1,0.2,3,3,4,Loyal_customers,1.602739726,2955.548219
12508,26,2,398.27,10-11-2011 16:27,13-11-2011 15:37,272,29,199.135,0,0,4,2,2,New_customers,0.079452055,31.64336986
12509,284,1,176.5,28-02-2011 14:45,28-02-2011 14:45,55,284,176.5,0,0,2,1,1,lost,0.778082192,137.3315068
12510,143,9,5178.02,04-12-2009 13:47,20-07-2011 10:15,2049,735,575.3355556,7,0.4375,3,5,5,Loyal_customers,2.01369863,10426.97178
12511,429,1,3084.02,07-10-2010 10:39,07-10-2010 10:39,1753,429,3084.02,1,0.5,1,1,5,Needs_Attention,1.175342466,3624.779671
12512,66,2,138.03,04-10-2011 14:53,04-10-2011 14:55,99,66,69.015,0,0,3,2,1,Needs_Attention,0.180821918,24.95884932
12513,113,1,612.29,19-08-2011 10:51,19-08-2011 10:51,462,113,612.29,1,0.5,3,1,2,Needs_Attention,0.309589041,189.558274
12514,267,2,1597.76,08-03-2010 12:18,17-03-2011 16:38,840,642,798.88,0,0,2,2,4,Needs_Attention,1.75890411,2810.30663
12515,353,1,383.7,21-12-2010 15:43,21-12-2010 15:43,131,353,383.7,0,0,2,1,2,lost,0.967123288,371.0852055
12516,78,4,2648.62,19-04-2010 14:14,23-09-2011 09:13,1952,599,662.155,0,0,3,3,4,Loyal_customers,1.64109589,4346.639397
12517,28,5,2502.84,02-06-2011 15:13,11-11-2011 14:04,1371,190,500.568,1,0.166666667,4,4,4,Champions,0.520547945,1302.848219
12518,1,5,2056.89,21-08-2011 13:18,09-12-2011 10:13,1318,110,411.378,0,0,5,4,4,Champions,0.301369863,619.8846575
12519,64,2,726.54,20-08-2010 08:21,07-10-2011 09:26,395,477,363.27,1,0.333333333,3,2,3,Needs_Attention,1.306849315,949.4783014
12520,79,5,2634.26,11-03-2011 11:35,21-09-2011 15:23,1439,274,526.852,1,0.166666667,3,4,4,Loyal_customers,0.750684932,1977.499288
12521,143,1,599.68,20-07-2011 10:51,20-07-2011 10:51,309,143,599.68,0,0,3,1,2,Needs_Attention,0.391780822,234.9431233
12522,39,2,192.72,19-10-2011 14:41,31-10-2011 15:30,194,51,96.36,0,0,4,2,1,New_customers,0.139726027,26.928
12523,19,23,4372.15,07-12-2009 13:46,20-11-2011 12:55,2275,732,190.0934783,7,0.233333333,5,5,5,Champions,2.005479452,8768.256986
12524,9,17,11126.11,08-02-2010 14:41,30-11-2011 15:31,7178,669,654.4770588,1,0.055555556,5,5,5,Champions,1.832876712,20392.78792
12525,498,3,973.73,02-03-2010 14:01,29-07-2010 16:08,509,647,324.5766667,5,0.625,1,3,3,At_Risk,1.77260274,1726.036466
12526,1,3,1316.66,06-09-2011 14:19,09-12-2011 12:09,632,94,438.8866667,0,0,5,3,4,Loyal_customers,0.257534247,339.0850411
12527,82,5,735.51,28-06-2010 15:37,19-09-2011 11:55,526,529,147.102,0,0,3,4,3,Loyal_customers,1.449315068,1065.985726
12528,9,6,1933.48,31-01-2011 09:05,30-11-2011 14:40,756,313,322.2466667,2,0.25,5,4,4,Champions,0.857534247,1658.025315
12529,528,1,316.48,29-06-2010 13:10,29-06-2010 13:10,192,528,316.48,1,0.5,1,1,2,lost,1.446575342,457.8121644
12530,60,9,3759.26,07-03-2010 14:37,11-10-2011 12:34,2713,642,417.6955556,3,0.25,3,5,5,Loyal_customers,1.75890411,6612.177863
12531,15,2,1933.2,22-01-2010 14:17,25-11-2011 11:12,1119,686,966.6,1,0.333333333,5,2,4,New_customers,1.879452055,3633.356712
12532,30,1,349.83,09-11-2011 13:47,09-11-2011 13:47,153,30,349.83,0,0,4,1,2,New_customers,0.082191781,28.75315068
12533,628,2,1367.89,01-12-2009 11:50,22-03-2010 10:56,704,739,683.945,4,0.666666667,1,2,4,Needs_Attention,2.024657534,2769.508795
12534,131,1,1089.18,01-08-2011 10:26,01-08-2011 10:26,651,131,1089.18,0,0,3,1,3,Needs_Attention,0.35890411,390.9111781
12535,92,2,716.35,06-06-2011 12:47,09-09-2011 08:48,219,187,358.175,0,0,3,2,3,Needs_Attention,0.512328767,367.0067123
12536,43,3,12601.83,11-10-2011 14:52,27-10-2011 14:20,2803,59,4200.61,2,0.4,4,3,5,Loyal_customers,0.161643836,2037.008137
12537,409,1,732.94,27-10-2010 08:36,27-10-2010 08:36,449,409,732.94,0,0,2,1,3,Needs_Attention,1.120547945,821.294411
12538,29,2,640.45,26-11-2010 13:02,10-11-2011 17:16,336,378,320.225,0,0,4,2,3,New_customers,1.035616438,663.2605479
12539,22,7,11214.75,23-12-2009 13:00,17-11-2011 13:30,4535,716,1602.107143,1,0.125,4,4,5,Champions,1.961643836,21999.34521
12540,20,33,22254.49,07-12-2009 16:56,20-11-2011 11:31,11019,732,674.3784848,3,0.083333333,4,5,5,Champions,2.005479452,44630.92241
12541,30,3,981.18,04-03-2011 09:32,10-11-2011 10:40,680,281,327.06,0,0,4,3,3,Loyal_customers,0.769863014,755.3741918
12542,484,2,481.88,09-03-2010 16:26,12-08-2010 19:12,522,640,240.94,2,0.5,1,2,2,lost,1.753424658,844.940274
12543,448,1,980.25,17-09-2010 15:51,17-09-2010 15:51,688,448,980.25,0,0,1,1,3,Needs_Attention,1.22739726,1203.156164
12544,36,1,372.7,03-11-2011 16:15,03-11-2011 16:15,136,36,372.7,1,0.5,4,1,2,New_customers,0.098630137,36.75945205
12545,75,2,1000.39,25-03-2011 12:04,25-09-2011 13:39,523,260,500.195,0,0,3,2,3,Needs_Attention,0.712328767,712.6065753
12546,47,2,1161.5,23-09-2011 09:44,24-10-2011 12:09,633,78,580.75,1,0.333333333,4,2,3,New_customers,0.21369863,248.2109589
12547,198,3,383.58,27-07-2010 13:55,26-05-2011 12:38,309,500,127.86,0,0,2,3,2,At_Risk,1.369863014,525.4520548
12548,166,1,95.2,26-06-2011 15:35,26-06-2011 15:35,49,166,95.2,0,0,3,1,1,Needs_Attention,0.454794521,43.29643836
12549,576,6,1575.68,11-01-2010 12:29,13-05-2010 12:05,1366,698,262.6133333,0,0,1,4,4,At_Risk,1.912328767,3013.218192
12550,79,1,964.83,21-09-2011 14:35,21-09-2011 14:35,569,79,964.83,0,0,3,1,3,Needs_Attention,0.216438356,208.8262192
12551,358,1,168,17-12-2010 11:23,17-12-2010 11:23,100,358,168,0,0,2,1,1,lost,0.980821918,164.7780822
12552,39,2,437.82,31-10-2011 12:11,01-11-2011 10:02,88,40,218.91,0,0,4,2,2,New_customers,0.109589041,47.98027397
12553,8,12,4608.75,12-10-2010 13:35,01-12-2011 16:38,2325,423,384.0625,5,0.294117647,5,5,5,Champions,1.15890411,5341.099315
12554,449,1,468.5,17-09-2010 12:29,17-09-2010 12:29,240,449,468.5,0,0,1,1,2,lost,1.230136986,576.3191781
12555,682,1,129.23,26-01-2010 16:26,26-01-2010 16:26,1,682,129.23,0,0,1,1,1,lost,1.868493151,241.4653699
12556,50,2,603.71,11-07-2011 13:35,20-10-2011 13:06,358,151,301.855,0,0,4,2,2,New_customers,0.41369863,249.754
12557,16,8,18716.14,17-12-2009 10:39,23-11-2011 16:59,6782,723,2339.5175,0,0,5,4,5,Champions,1.980821918,37073.34033
12558,8,1,269.96,02-12-2011 10:41,02-12-2011 10:41,196,8,269.96,1,0.5,5,1,1,New_customers,0.021917808,5.916931507
12559,311,2,561.71,24-01-2011 10:12,02-02-2011 09:49,283,320,280.855,1,0.333333333,2,2,2,lost,0.876712329,492.4580822
12560,5,3,2134.01,19-07-2011 15:55,04-12-2011 13:54,1110,143,711.3366667,1,0.25,5,3,4,Loyal_customers,0.391780822,836.0641918
12561,303,1,238.85,10-02-2011 11:39,10-02-2011 11:39,177,303,238.85,0,0,2,1,1,lost,0.830136986,198.2782192
12562,8,9,4966.92,30-09-2010 13:13,01-12-2011 17:20,2327,435,551.88,0,0,5,5,5,Champions,1.191780822,5919.48
12563,409,1,249.24,27-10-2010 09:52,27-10-2010 09:52,113,409,249.24,0,0,2,1,1,lost,1.120547945,279.2853699
12564,261,1,456.9,23-03-2011 14:55,23-03-2011 14:55,133,261,456.9,0,0,2,1,2,lost,0.715068493,326.7147945
12565,289,1,145.92,24-02-2011 10:34,24-02-2011 10:34,80,289,145.92,1,0.5,2,1,1,lost,0.791780822,115.5366575
12566,86,1,351.65,14-09-2011 14:30,14-09-2011 14:30,265,86,351.65,1,0.5,3,1,2,Needs_Attention,0.235616438,82.85452055
12567,23,15,13709.86,11-02-2010 10:30,17-11-2011 11:02,6086,667,913.9906667,2,0.117647059,4,5,5,Champions,1.82739726,25053.3606
12568,645,1,70,05-03-2010 09:15,05-03-2010 09:15,48,645,70,0,0,1,1,1,lost,1.767123288,123.6986301
12569,2,32,4124.69,01-04-2011 13:47,07-12-2011 16:24,1801,252,128.8965625,3,0.085714286,5,5,5,Champions,0.690410959,2847.731178
12570,682,1,77.52,26-01-2010 17:28,26-01-2010 17:28,1,682,77.52,0,0,1,1,1,lost,1.868493151,144.845589
12571,40,2,519.61,10-08-2011 12:35,31-10-2011 10:19,523,122,259.805,0,0,4,2,2,New_customers,0.334246575,173.677863
12572,9,2,1020.42,19-10-2011 08:20,01-12-2011 09:20,452,52,510.21,1,0.333333333,5,2,3,New_customers,0.142465753,145.3749041
12573,227,5,717.41,31-08-2010 17:25,26-04-2011 15:52,479,465,143.482,0,0,2,4,3,At_Risk,1.273972603,913.9606849
12574,316,1,218.45,28-01-2011 09:20,28-01-2011 09:20,61,316,218.45,0,0,2,1,1,lost,0.865753425,189.1238356
12575,457,2,622.82,01-07-2010 09:15,08-09-2010 13:09,315,527,311.41,0,0,1,2,3,Needs_Attention,1.443835616,899.2496986
12576,36,8,2142.72,01-07-2010 13:46,04-11-2011 10:11,1494,526,267.84,3,0.272727273,4,4,4,Champions,1.44109589,3087.864986
12577,35,8,1653.75,03-12-2009 19:31,04-11-2011 13:24,1197,736,206.71875,1,0.111111111,4,4,4,Champions,2.016438356,3334.684932
12578,21,4,4642.45,22-09-2010 11:19,18-11-2011 13:30,2380,444,1160.6125,3,0.428571429,4,3,5,Loyal_customers,1.216438356,5647.254247
12579,78,1,440.42,22-09-2011 17:15,22-09-2011 17:15,285,78,440.42,2,0.666666667,3,1,2,Needs_Attention,0.21369863,94.11715068
12580,247,2,1052.9,12-05-2010 11:45,07-04-2011 10:24,569,577,526.45,0,0,2,2,3,Needs_Attention,1.580821918,1664.447397
12581,40,1,197.71,31-10-2011 08:56,31-10-2011 08:56,161,40,197.71,0,0,4,1,1,New_customers,0.109589041,21.66684932
12582,239,4,1980.4,11-05-2010 09:55,15-04-2011 08:45,985,578,495.1,0,0,2,3,4,At_Risk,1.583561644,3136.085479
12583,3,27,14447.44,06-12-2009 11:57,07-12-2011 08:07,8984,734,535.0903704,4,0.129032258,5,5,5,Champions,2.010958904,29053.20811
12584,4,9,2338.15,04-03-2011 15:15,06-12-2011 09:35,416,280,259.7944444,9,0.5,5,5,4,Champions,0.767123288,1793.649315
12585,234,2,2040.1,23-12-2010 12:58,19-04-2011 13:39,1279,351,1020.05,2,0.5,2,2,4,Needs_Attention,0.961643836,1961.849589
12586,17,4,2062.67,16-12-2009 13:15,22-11-2011 16:24,687,723,515.6675,1,0.2,5,3,4,Loyal_customers,1.980821918,4085.781945
12587,8,1,144,02-12-2011 12:47,02-12-2011 12:47,51,8,144,0,0,5,1,1,New_customers,0.021917808,3.156164384
12588,39,4,958.78,21-04-2010 12:22,31-10-2011 15:01,438,598,239.695,1,0.2,4,3,3,Loyal_customers,1.638356164,1570.823123
12589,29,8,4695.66,19-01-2010 12:26,11-11-2011 10:19,1764,690,586.9575,3,0.272727273,4,4,5,Champions,1.890410959,8876.727123
12590,211,2,9864.26,12-05-2011 14:46,12-05-2011 14:52,4283,211,4932.13,3,0.6,2,2,5,Needs_Attention,0.578082192,5702.353041
12591,317,3,1352.15,27-10-2010 10:42,26-01-2011 14:35,677,409,450.7166667,0,0,2,3,4,At_Risk,1.120547945,1515.148904
12592,92,5,2582.66,08-07-2010 14:06,08-09-2011 15:04,1875,519,516.532,3,0.375,3,4,4,Loyal_customers,1.421917808,3672.330247
12593,109,3,418.1,05-05-2011 09:29,23-08-2011 12:43,206,219,139.3666667,0,0,3,3,2,Needs_Attention,0.6,250.86
12594,38,15,5090.11,03-03-2010 13:51,02-11-2011 12:20,2768,646,339.3406667,2,0.117647059,4,5,5,Champions,1.769863014,9008.797425
12595,505,1,299.02,23-07-2010 09:10,23-07-2010 09:10,271,505,299.02,0,0,1,1,2,lost,1.383561644,413.7126027
12596,51,2,618.27,11-04-2011 13:22,19-10-2011 13:02,474,242,309.135,0,0,4,2,3,New_customers,0.663013699,409.9214795
12597,19,4,3811.22,16-03-2011 14:00,20-11-2011 13:33,2236,268,952.805,1,0.2,5,3,5,Loyal_customers,0.734246575,2798.375233
12598,10,11,4534.09,01-03-2010 09:58,30-11-2011 12:18,2906,649,412.19,4,0.266666667,5,5,5,Champions,1.778082192,8061.984685
12599,29,13,2296.72,11-05-2010 10:42,10-11-2011 13:34,2189,578,176.6707692,0,0,4,5,4,Champions,1.583561644,3636.997699
12600,29,21,5043.92,07-12-2009 13:37,11-11-2011 10:29,1414,732,240.1866667,5,0.192307692,4,5,5,Champions,2.005479452,10115.47792
12601,190,6,681.26,31-10-2010 10:57,03-06-2011 10:17,290,405,113.5433333,1,0.142857143,2,4,3,At_Risk,1.109589041,755.9186301
12602,59,1,153.12,12-10-2011 11:22,12-10-2011 11:22,162,59,153.12,0,0,4,1,1,New_customers,0.161643836,24.75090411
12603,22,1,739.2,18-11-2011 10:42,18-11-2011 10:42,63,22,739.2,0,0,4,1,3,New_customers,0.060273973,44.55452055
12604,79,2,254.18,23-03-2011 12:06,21-09-2011 14:08,201,262,127.09,0,0,3,2,1,Needs_Attention,0.717808219,182.4524932
12605,376,4,1232.95,07-09-2010 14:21,28-11-2010 14:18,929,458,308.2375,1,0.2,2,3,3,At_Risk,1.254794521,1547.098904
12606,682,1,21,26-01-2010 16:23,26-01-2010 16:23,1,682,21,0,0,1,1,1,lost,1.868493151,39.23835616
12607,60,1,1579.51,10-10-2011 16:06,10-10-2011 16:06,1228,60,1579.51,1,0.5,3,1,4,Needs_Attention,0.164383562,259.6454795
12608,405,1,415.79,31-10-2010 10:49,31-10-2010 10:49,323,405,415.79,0,0,2,1,2,lost,1.109589041,461.3560274
12609,78,9,3435.86,20-12-2009 13:30,22-09-2011 16:34,1553,719,381.7622222,1,0.1,3,5,5,Loyal_customers,1.969863014,6768.173534
12610,23,5,2099.54,05-08-2011 13:52,17-11-2011 09:34,1049,126,419.908,2,0.285714286,4,4,4,Champions,0.345205479,724.7727123
12611,52,1,1193.32,18-10-2011 13:12,18-10-2011 13:12,846,52,1193.32,0,0,4,1,3,New_customers,0.142465753,170.0072329
12612,74,1,704.04,26-09-2011 15:35,26-09-2011 15:35,262,74,704.04,1,0.5,3,1,3,Needs_Attention,0.202739726,142.7368767
12613,57,10,6835.07,14-12-2009 13:10,13-10-2011 14:59,4163,725,683.507,3,0.230769231,4,5,5,Champions,1.98630137,13576.5089
12614,278,1,315.6,07-03-2011 10:22,07-03-2011 10:22,76,278,315.6,0,0,2,1,2,lost,0.761643836,240.3747945
12615,2,8,5740.98,18-03-2010 14:09,07-12-2011 15:02,3317,631,717.6225,3,0.272727273,5,4,5,Champions,1.728767123,9924.817479
12616,95,3,1131.1,16-11-2010 11:38,05-09-2011 15:17,498,389,377.0333333,4,0.571428571,3,3,3,Loyal_customers,1.065753425,1205.473699
12617,29,1,355.53,10-11-2011 14:39,10-11-2011 14:39,213,29,355.53,0,0,4,1,2,New_customers,0.079452055,28.24758904
12618,22,1,177.31,18-11-2011 11:10,18-11-2011 11:10,96,22,177.31,0,0,4,1,1,New_customers,0.060273973,10.68717808
12619,16,10,3781.38,28-05-2010 12:52,23-11-2011 14:52,3518,560,378.138,4,0.285714286,5,5,5,Champions,1.534246575,5801.569315
12620,15,3,1339.41,19-05-2011 12:10,25-11-2011 10:20,1181,205,446.47,0,0,5,3,4,Loyal_customers,0.561643836,752.2713699
12621,2,35,24775.81,09-02-2010 12:01,08-12-2011 11:25,13933,669,707.8802857,9,0.204545455,5,5,5,Champions,1.832876712,45411.00518
12622,232,1,180.1,21-04-2011 16:39,21-04-2011 16:39,69,232,180.1,0,0,2,1,1,lost,0.635616438,114.4745205
12623,276,7,3747.84,12-01-2010 11:45,08-03-2011 13:50,1971,697,535.4057143,2,0.222222222,2,4,5,At_Risk,1.909589041,7156.834192
12624,106,2,641.13,15-06-2011 12:34,25-08-2011 15:04,355,178,320.565,0,0,3,2,3,Needs_Attention,0.487671233,312.6606575
12625,212,4,5164.88,22-04-2010 11:33,12-05-2011 09:54,3309,597,1291.22,1,0.2,2,3,5,At_Risk,1.635616438,8447.76263
12626,23,9,6620.48,17-01-2011 11:01,16-11-2011 16:06,3453,327,735.6088889,4,0.307692308,4,5,5,Champions,0.895890411,5931.224548
12627,11,7,4478.53,22-07-2011 13:59,29-11-2011 12:07,2752,140,639.79,0,0,5,4,5,Champions,0.383561644,1717.792329
12628,4,3,786.46,06-10-2011 09:28,05-12-2011 13:15,448,65,262.1533333,1,0.25,5,3,3,Loyal_customers,0.178082192,140.0545205
12629,386,2,1558.22,12-10-2010 16:40,19-11-2010 09:18,722,423,779.11,0,0,2,2,4,Needs_Attention,1.15890411,1805.827562
12630,10,2,1270.88,27-10-2011 10:41,30-11-2011 10:48,548,44,635.44,0,0,5,2,4,New_customers,0.120547945,153.2019726
12631,57,6,3481.57,15-01-2010 14:50,13-10-2011 13:53,1607,693,580.2616667,1,0.142857143,4,4,5,Champions,1.898630137,6610.213726
12632,521,2,804.88,24-05-2010 09:07,07-07-2010 09:39,694,565,402.44,2,0.5,1,2,3,Needs_Attention,1.547945205,1245.910137
12633,59,7,5678.16,02-07-2010 11:44,12-10-2011 11:40,3238,526,811.1657143,3,0.3,4,4,5,Champions,1.44109589,8182.773041
12634,536,2,490,09-06-2010 15:41,22-06-2010 10:05,337,548,245,0,0,1,2,2,lost,1.501369863,735.6712329
12635,90,4,2930.41,09-09-2010 10:50,11-09-2011 11:04,1949,457,732.6025,0,0,3,3,4,Loyal_customers,1.252054795,3669.03389
12636,739,1,141,01-12-2009 09:55,01-12-2009 09:55,1,739,141,0,0,1,1,1,lost,2.024657534,285.4767123
12637,67,12,8340.31,14-06-2010 13:36,03-10-2011 13:46,4284,543,695.0258333,2,0.142857143,3,5,5,Loyal_customers,1.487671233,12407.63926
12638,33,2,921.49,10-03-2010 10:30,06-11-2011 13:11,663,640,460.745,0,0,4,2,3,New_customers,1.753424658,1615.763288
12639,239,3,1312.37,22-03-2010 09:05,15-04-2011 12:48,631,628,437.4566667,0,0,2,3,4,At_Risk,1.720547945,2257.995507
12640,24,3,1174.58,19-09-2011 12:01,16-11-2011 11:52,311,82,391.5266667,0,0,4,3,3,Loyal_customers,0.224657534,263.8782466
12641,115,1,185.9,16-08-2011 13:26,16-08-2011 13:26,72,115,185.9,0,0,3,1,1,Needs_Attention,0.315068493,58.57123288
12642,25,3,1013.26,24-08-2011 09:23,14-11-2011 15:03,552,108,337.7533333,0,0,4,3,3,Loyal_customers,0.295890411,299.8139178
12643,128,12,8350.42,07-04-2010 14:16,03-08-2011 12:56,4785,611,695.8683333,2,0.142857143,3,5,5,Loyal_customers,1.673972603,13978.3743
12644,130,4,1918.49,14-01-2010 13:02,02-08-2011 10:33,1032,694,479.6225,2,0.333333333,3,3,4,Loyal_customers,1.901369863,3647.759068
12645,34,8,3539.3,09-02-2010 10:49,06-11-2011 12:38,2125,669,442.4125,2,0.2,4,4,5,Champions,1.832876712,6487.100548
12646,5,2,1346.97,21-10-2011 12:52,05-12-2011 10:14,897,49,673.485,0,0,5,2,4,New_customers,0.134246575,180.8261096
12647,22,36,17924.35,13-01-2010 15:06,17-11-2011 12:56,6878,695,497.8986111,9,0.2,4,5,5,Champions,1.904109589,34129.92671
12648,155,4,1112,07-01-2010 18:38,08-07-2011 11:55,518,701,278,1,0.2,3,3,3,Loyal_customers,1.920547945,2135.649315
12649,107,8,2294.65,12-01-2010 17:24,24-08-2011 14:41,1959,696,286.83125,2,0.2,3,4,4,Loyal_customers,1.906849315,4375.551781
12650,3,1,314.44,06-12-2011 16:34,06-12-2011 16:34,254,3,314.44,0,0,5,1,2,New_customers,0.008219178,2.584438356
12651,335,4,377.75,31-08-2010 15:21,09-01-2011 12:46,265,465,94.4375,1,0.2,2,3,2,At_Risk,1.273972603,481.2431507
12652,331,2,1017.03,01-10-2010 15:16,12-01-2011 15:00,536,434,508.515,1,0.333333333,2,2,3,Needs_Attention,1.189041096,1209.290466
12653,149,3,4160.83,01-07-2010 09:56,14-07-2011 10:41,1681,527,1386.943333,0,0,3,3,5,Loyal_customers,1.443835616,6007.554548
12654,11,5,601.98,17-02-2011 13:16,29-11-2011 10:10,264,295,120.396,0,0,5,4,2,Needs_Attention,0.808219178,486.5317808
12655,424,1,261.35,12-10-2010 09:17,12-10-2010 09:17,80,424,261.35,0,0,1,1,1,lost,1.161643836,303.5956164
12656,17,8,6407.83,26-05-2010 09:00,22-11-2011 13:42,2860,563,800.97875,4,0.333333333,5,4,5,Champions,1.542465753,9883.858329
12657,11,4,1643.18,22-09-2011 11:40,28-11-2011 15:47,1044,79,410.795,1,0.2,5,3,4,Loyal_customers,0.216438356,355.6471781
12658,19,1,686.05,21-11-2011 10:22,21-11-2011 10:22,320,19,686.05,0,0,5,1,3,New_customers,0.052054795,35.71219178
12659,30,1,91.68,10-11-2011 11:53,10-11-2011 11:53,105,30,91.68,0,0,4,1,1,New_customers,0.082191781,7.535342466
12660,11,1,245.1,28-11-2011 13:26,28-11-2011 13:26,127,11,245.1,0,0,5,1,1,New_customers,0.030136986,7.386575342
12661,436,1,162,29-09-2010 16:46,29-09-2010 16:46,216,436,162,0,0,1,1,1,lost,1.194520548,193.5123288
12662,1,20,6988.02,01-04-2010 09:50,09-12-2011 11:59,3581,618,349.401,2,0.090909091,5,5,5,Champions,1.693150685,11831.77085
12663,625,2,239.4,09-02-2010 14:28,25-03-2010 09:40,181,668,119.7,1,0.333333333,1,2,1,lost,1.830136986,438.1347945
12664,8,11,6070.04,13-12-2009 10:28,01-12-2011 17:07,1495,727,551.8218182,1,0.083333333,5,5,5,Champions,1.991780822,12090.18926
12665,325,3,313.6,08-02-2010 15:11,19-01-2011 08:34,165,669,104.5333333,2,0.4,2,3,2,At_Risk,1.832876712,574.790137
12666,394,1,1248.42,10-11-2010 16:40,10-11-2010 16:40,370,394,1248.42,1,0.5,2,1,3,Needs_Attention,1.079452055,1347.609534
12667,58,1,620.13,12-10-2011 17:00,12-10-2011 17:00,395,58,620.13,0,0,4,1,3,New_customers,0.15890411,98.54120548
12668,12,10,11444.68,31-01-2010 15:45,28-11-2011 10:56,5076,677,1144.468,2,0.166666667,5,5,5,Champions,1.854794521,21227.52975
12669,151,3,2744.03,28-03-2011 10:15,12-07-2011 09:54,1115,257,914.6766667,1,0.25,3,3,4,Loyal_customers,0.704109589,1932.097836
12670,10,7,3760.29,11-02-2010 10:13,29-11-2011 15:23,1627,667,537.1842857,1,0.125,5,4,5,Champions,1.82739726,6871.543644
12671,606,1,2622.481,12-04-2010 16:30,12-04-2010 16:30,1460,606,2622.481,0,0,1,1,4,Needs_Attention,1.660273973,4354.036948
12672,330,2,437.05,23-04-2010 09:57,14-01-2011 09:20,138,596,218.525,1,0.333333333,2,2,2,lost,1.632876712,713.6487671
12673,5,3,1230.02,03-11-2010 10:46,04-12-2011 13:55,700,402,410.0066667,0,0,5,3,3,Loyal_customers,1.101369863,1354.706959
12674,39,4,1970.6,16-05-2011 09:10,01-11-2011 12:12,1133,208,492.65,3,0.428571429,4,3,4,Loyal_customers,0.569863014,1122.972055
12675,554,2,958.5,10-05-2010 16:44,04-06-2010 09:49,337,578,479.25,2,0.5,1,2,3,Needs_Attention,1.583561644,1517.843836
12676,25,11,2843.09,13-08-2010 13:29,15-11-2011 12:25,1867,483,258.4627273,1,0.083333333,4,5,4,Champions,1.323287671,3762.225945
12677,555,2,395.1,11-02-2010 13:55,02-06-2010 14:30,176,666,197.55,1,0.333333333,1,2,2,lost,1.824657534,720.9221918
12678,42,21,34281.18,07-01-2010 16:46,28-10-2011 13:04,22372,701,1632.437143,2,0.086956522,4,5,5,Champions,1.920547945,65838.64981
12679,59,4,1113.02,01-03-2011 12:26,12-10-2011 12:30,554,284,278.255,5,0.555555556,4,3,3,Loyal_customers,0.778082192,866.0210411
12680,1,4,880.81,18-08-2011 15:44,09-12-2011 12:50,444,113,220.2025,0,0,5,3,3,Loyal_customers,0.309589041,272.6891233
12681,15,45,30868.28,13-12-2009 13:31,25-11-2011 11:33,17596,726,685.9617778,11,0.196428571,5,5,5,Champions,1.989041096,61398.27748
12682,4,52,24033.91,01-12-2009 09:28,06-12-2011 10:00,11018,739,462.1905769,1,0.018867925,5,5,5,Champions,2.024657534,48660.43696
12683,4,21,12696.78,13-12-2009 15:01,05-12-2011 16:31,7683,726,604.6085714,6,0.222222222,5,5,5,Champions,1.989041096,25254.41721
12684,8,7,2283.63,10-05-2011 12:55,02-12-2011 09:53,1985,213,326.2328571,0,0,5,4,4,Champions,0.583561644,1332.638877
12685,28,6,2863.08,07-09-2011 10:28,11-11-2011 13:46,1523,94,477.18,0,0,4,4,4,Champions,0.257534247,737.3411507
12686,372,1,178.28,03-12-2010 09:51,03-12-2010 09:51,214,372,178.28,0,0,2,1,1,lost,1.019178082,181.6990685
12687,481,2,2138.91,16-08-2010 12:10,16-08-2010 12:12,1403,481,1069.455,0,0,1,2,4,Needs_Attention,1.317808219,2818.673178
12688,114,1,4873.81,18-08-2011 08:49,18-08-2011 08:49,3028,114,4873.81,0,0,3,1,5,Needs_Attention,0.312328767,1522.231068
12689,26,2,1247.61,04-08-2011 10:04,14-11-2011 08:31,628,128,623.805,0,0,4,2,3,New_customers,0.350684932,437.5180274
12690,206,1,389.01,18-05-2011 09:09,18-05-2011 09:09,106,206,389.01,0,0,2,1,2,lost,0.564383562,219.5508493
12691,28,7,1170.4,15-10-2010 12:00,11-11-2011 16:49,445,421,167.2,0,0,4,4,3,Loyal_customers,1.153424658,1349.968219
12692,637,1,110.95,12-03-2010 14:02,12-03-2010 14:02,36,637,110.95,0,0,1,1,1,lost,1.745205479,193.6305479
12693,127,7,1703.02,05-07-2010 13:56,04-08-2011 17:51,536,522,243.2885714,4,0.363636364,3,4,4,Loyal_customers,1.430136986,2435.55189
12694,70,3,1843.35,14-10-2010 19:39,30-09-2011 13:06,1355,421,614.45,1,0.25,3,3,4,Loyal_customers,1.153424658,2126.165342
12695,7,7,1407.12,12-02-2010 13:22,02-12-2011 13:22,454,665,201.0171429,0,0,5,4,4,Champions,1.821917808,2563.656986
12696,435,2,851.91,19-07-2010 10:02,01-10-2010 10:43,564,509,425.955,1,0.333333333,1,2,3,Needs_Attention,1.394520548,1188.006
12697,29,3,957.59,23-06-2011 15:44,11-11-2011 08:47,508,169,319.1966667,2,0.4,4,3,3,Loyal_customers,0.463013699,443.3772877
12698,590,1,339.75,28-04-2010 15:51,28-04-2010 15:51,111,590,339.75,0,0,1,1,2,lost,1.616438356,549.1849315
12699,418,1,638.11,18-10-2010 12:07,18-10-2010 12:07,373,418,638.11,0,0,1,1,3,Needs_Attention,1.145205479,730.7670685
12700,8,4,4939.99,08-05-2011 16:10,02-12-2011 10:47,2967,215,1234.9975,2,0.333333333,5,3,5,Loyal_customers,0.589041096,2909.857123
12701,80,6,2446.41,16-03-2010 13:23,21-09-2011 10:47,1727,633,407.735,0,0,3,4,4,Loyal_customers,1.734246575,4242.678164
12702,20,1,219,20-11-2011 10:36,20-11-2011 10:36,53,20,219,0,0,4,1,1,New_customers,0.054794521,12
12703,71,4,1006.53,24-01-2010 12:05,29-09-2011 17:52,595,685,251.6325,3,0.428571429,3,3,3,Loyal_customers,1.876712329,1888.96726
12704,7,8,2340.84,23-06-2011 10:20,02-12-2011 13:15,1006,170,292.605,2,0.2,5,4,4,Champions,0.465753425,1090.254247
12705,15,14,11762.1,24-06-2010 09:51,24-11-2011 13:17,7188,534,840.15,8,0.363636364,5,5,5,Champions,1.463013699,17208.11342
12707,292,1,603.42,21-02-2011 08:38,21-02-2011 08:38,256,292,603.42,0,0,2,1,2,lost,0.8,482.736
12708,30,18,5314.1,18-12-2009 10:25,10-11-2011 09:52,2521,722,295.2277778,12,0.4,4,5,5,Champions,1.978082192,10511.72658
12709,15,34,31093.34,09-12-2009 13:49,24-11-2011 15:38,13983,730,914.51,21,0.381818182,5,5,5,Champions,2,62186.68
12710,97,3,1149.02,22-05-2011 14:05,04-09-2011 12:00,851,201,383.0066667,1,0.25,3,3,3,Loyal_customers,0.550684932,632.748
12711,612,2,1339.05,01-02-2010 11:30,07-04-2010 11:59,770,677,669.525,0,0,1,2,4,Needs_Attention,1.854794521,2483.662603
12712,29,21,7193.66,09-12-2009 10:46,11-11-2011 08:19,2349,731,342.5552381,7,0.25,4,5,5,Champions,2.002739726,14407.02866
12713,1,1,848.55,09-12-2011 12:16,09-12-2011 12:16,508,1,848.55,0,0,5,1,3,New_customers,0.002739726,2.324794521
12714,9,12,14093.71,04-12-2009 10:00,30-11-2011 15:43,8774,736,1174.475833,0,0,5,5,5,Champions,2.016438356,28419.09742
12715,106,1,353.86,25-08-2011 15:22,25-08-2011 15:22,197,106,353.86,0,0,3,1,2,Needs_Attention,0.290410959,102.7648219
12716,4,2,1053.49,29-07-2011 13:28,06-12-2011 08:55,708,133,526.745,0,0,5,2,3,New_customers,0.364383562,383.8744384
12717,151,3,1308.91,28-04-2010 14:34,11-07-2011 14:47,600,590,436.3033333,1,0.25,3,3,4,Loyal_customers,1.616438356,2115.772329
12718,71,1,238.25,29-09-2011 16:38,29-09-2011 16:38,203,71,238.25,0,0,3,1,1,Needs_Attention,0.194520548,46.34452055
12719,5,2,644.95,05-10-2011 14:50,04-12-2011 13:45,374,65,322.475,1,0.333333333,5,2,3,New_customers,0.178082192,114.8541096
12720,3,30,8260.67,21-07-2010 09:46,07-12-2011 08:03,6317,507,275.3556667,11,0.268292683,5,5,5,Champions,1.389041096,11474.41011
12721,32,8,4013.08,25-08-2010 11:07,08-11-2011 12:13,2655,472,501.635,2,0.2,4,4,5,Champions,1.293150685,5189.517151
12722,85,4,997.63,12-07-2011 11:55,15-09-2011 14:50,566,151,249.4075,2,0.333333333,3,3,3,Loyal_customers,0.41369863,412.7181644
12723,4,5,725.07,05-10-2011 15:52,06-12-2011 10:19,434,65,145.014,0,0,5,4,3,Loyal_customers,0.178082192,129.1220548
12724,5,7,2317.52,22-06-2010 14:00,04-12-2011 16:02,1379,535,331.0742857,0,0,5,4,4,Champions,1.465753425,3396.912877
12725,371,4,2694.56,04-05-2010 13:59,03-12-2010 15:45,1306,584,673.64,0,0,2,3,4,At_Risk,1.6,4311.296
12726,28,11,4014.6,25-03-2010 16:25,11-11-2011 13:35,4618,624,364.9636364,0,0,4,5,5,Champions,1.709589041,6863.316164
12727,11,10,5679.53,23-02-2010 09:54,29-11-2011 11:46,2832,655,567.953,2,0.166666667,5,5,5,Champions,1.794520548,10192.03329
12728,71,5,1070.17,21-11-2010 11:34,29-09-2011 15:31,543,384,214.034,0,0,3,4,3,Loyal_customers,1.052054795,1125.877479
12729,114,1,453.01,18-08-2011 11:40,18-08-2011 11:40,233,114,453.01,0,0,3,1,2,Needs_Attention,0.312328767,141.4880548
12730,522,1,829.25,06-07-2010 12:19,06-07-2010 12:19,234,522,829.25,0,0,1,1,3,Needs_Attention,1.430136986,1185.941096
12731,24,17,25775.71,02-03-2010 09:23,16-11-2011 11:59,11641,648,1516.218235,2,0.105263158,4,5,5,Champions,1.775342466,45760.71255
12732,180,1,236.26,13-06-2011 11:33,13-06-2011 11:33,111,180,236.26,0,0,3,1,1,Needs_Attention,0.493150685,116.5117808
12733,234,4,2424.87,19-01-2010 13:23,19-04-2011 16:19,896,689,606.2175,2,0.333333333,2,3,4,At_Risk,1.887671233,4577.357342
12734,353,3,639.65,12-11-2010 13:26,22-12-2010 12:47,265,392,213.2166667,0,0,2,3,3,At_Risk,1.073972603,686.9665753
12735,315,2,779.57,06-01-2011 14:26,28-01-2011 13:37,368,337,389.785,0,0,2,2,3,Needs_Attention,0.923287671,719.7673699
12736,333,1,234,11-01-2011 07:57,11-01-2011 07:57,173,333,234,0,0,2,1,1,lost,0.912328767,213.4849315
12737,499,2,3710.5,29-07-2010 12:27,29-07-2010 12:29,2,499,1855.25,0,0,1,2,5,Needs_Attention,1.367123288,5072.710959
12738,372,1,310.7,02-12-2010 18:27,02-12-2010 18:27,296,372,310.7,0,0,2,1,2,lost,1.019178082,316.6586301
12739,78,4,2726.73,10-11-2010 14:27,22-09-2011 13:00,951,394,681.6825,0,0,3,3,4,Loyal_customers,1.079452055,2943.374301
12740,64,1,427.6,07-10-2011 10:44,07-10-2011 10:44,342,64,427.6,0,0,3,1,2,Needs_Attention,0.175342466,74.97643836
12741,529,2,406.07,24-06-2010 16:24,28-06-2010 14:36,214,533,203.035,0,0,1,2,2,lost,1.460273973,592.9734521
12742,626,1,1201.52,24-03-2010 12:43,24-03-2010 12:43,1359,626,1201.52,1,0.5,1,1,3,Needs_Attention,1.715068493,2060.689096
12743,134,2,546.43,28-07-2011 16:06,28-07-2011 16:21,319,134,273.215,0,0,3,2,2,Needs_Attention,0.367123288,200.6071781
12744,52,11,25317.06,27-04-2010 16:19,19-10-2011 11:18,6994,591,2301.550909,3,0.214285714,4,5,5,Champions,1.619178082,40992.82866
12745,487,3,925.41,26-01-2010 16:22,10-08-2010 10:14,468,682,308.47,0,0,1,3,3,At_Risk,1.868493151,1729.122247
12746,541,1,254.55,17-06-2010 10:41,17-06-2010 10:41,97,541,254.55,2,0.666666667,1,1,1,lost,1.482191781,377.2919178
12747,2,26,9276.54,07-12-2009 13:23,07-12-2011 14:34,2758,732,356.79,6,0.1875,5,5,5,Champions,2.005479452,18603.91036
12748,1,336,56599.39,04-12-2009 17:31,09-12-2011 12:20,39108,735,168.4505655,28,0.076923077,5,5,5,Champions,2.01369863,113974.1141
12749,4,9,6897.36,06-07-2010 15:05,06-12-2011 09:56,2360,521,766.3733333,7,0.4375,5,5,5,Champions,1.42739726,9845.272767
12750,129,1,275.88,03-08-2011 09:13,03-08-2011 09:13,137,129,275.88,0,0,3,1,1,Needs_Attention,0.353424658,97.50279452
12751,445,1,268.27,21-09-2010 12:49,21-09-2010 12:49,189,445,268.27,0,0,1,1,1,lost,1.219178082,327.0689041
12752,81,1,4366.78,19-09-2011 13:32,19-09-2011 13:32,2262,81,4366.78,0,0,3,1,5,Needs_Attention,0.221917808,969.0662466
12753,23,6,21429.39,12-12-2010 11:44,17-11-2011 10:52,11421,363,3571.565,5,0.454545455,4,4,5,Champions,0.994520548,21311.96868
12754,236,3,3010.74,04-02-2011 10:31,18-04-2011 09:00,6481,309,1003.58,2,0.4,2,3,5,At_Risk,0.846575342,2548.818247
12755,281,11,9030.66,15-01-2010 11:57,04-03-2011 12:42,3781,694,820.9690909,11,0.5,2,5,5,At_Risk,1.901369863,17170.62477
12756,87,1,112.08,14-09-2011 09:31,14-09-2011 09:31,144,87,112.08,0,0,3,1,1,Needs_Attention,0.238356164,26.7149589
12757,16,13,7857.1,12-05-2011 19:01,24-11-2011 12:30,2402,211,604.3923077,6,0.315789474,5,5,5,Champions,0.578082192,4542.049589
12758,117,7,9903.24,01-12-2009 14:40,15-08-2011 10:22,6155,738,1414.748571,1,0.125,3,4,5,Loyal_customers,2.021917808,20023.53732
12759,52,8,5020.74,04-12-2009 10:47,18-10-2011 14:49,3202,736,627.5925,0,0,4,4,5,Champions,2.016438356,10124.01271
12760,456,1,347.8,10-09-2010 08:50,10-09-2010 08:50,198,456,347.8,0,0,1,1,2,lost,1.249315068,434.5117808
12761,458,2,782.95,01-09-2010 10:47,08-09-2010 12:17,281,465,391.475,0,0,1,2,3,Needs_Attention,1.273972603,997.4568493
12762,8,2,1898.52,14-11-2011 14:23,02-12-2011 10:23,1227,25,949.26,0,0,5,2,4,New_customers,0.068493151,130.0356164
12763,138,2,814.16,05-12-2010 15:46,24-07-2011 14:12,512,369,407.08,0,0,3,2,3,Needs_Attention,1.010958904,823.0823014
12764,317,1,1693.88,27-01-2011 10:19,27-01-2011 10:19,386,317,1693.88,0,0,2,1,4,Needs_Attention,0.868493151,1471.123178
12765,472,6,1404.58,08-03-2010 09:43,24-08-2010 13:51,1009,642,234.0966667,0,0,1,4,4,At_Risk,1.75890411,2470.521534
12766,4,9,10068.28,28-10-2010 09:29,06-12-2011 08:46,5446,408,1118.697778,2,0.181818182,5,5,5,Champions,1.117808219,11254.40614
12767,376,1,949.82,29-11-2010 09:38,29-11-2010 09:38,598,376,949.82,0,0,2,1,3,Needs_Attention,1.030136986,978.4447123
12768,451,1,168.69,15-09-2010 12:08,15-09-2010 12:08,102,451,168.69,1,0.5,1,1,1,lost,1.235616438,208.436137
12769,239,1,1143.6,15-04-2011 10:25,15-04-2011 10:25,356,239,1143.6,0,0,2,1,3,Needs_Attention,0.654794521,748.8230137
12770,211,2,3246.45,09-09-2010 11:43,13-05-2011 09:33,1843,457,1623.225,5,0.714285714,2,2,5,Needs_Attention,1.252054795,4064.733288
12771,486,1,282.3,11-08-2010 11:51,11-08-2010 11:51,104,486,282.3,1,0.5,1,1,1,lost,1.331506849,375.8843836
12772,60,1,892.47,11-10-2011 09:19,11-10-2011 09:19,556,60,892.47,0,0,3,1,3,Needs_Attention,0.164383562,146.7073973
12773,564,1,124.25,24-05-2010 17:30,24-05-2010 17:30,109,564,124.25,1,0.5,1,1,1,lost,1.545205479,191.9917808
12774,536,1,98.7,22-06-2010 10:38,22-06-2010 10:38,53,536,98.7,0,0,1,1,1,lost,1.468493151,144.940274
12775,17,7,1686.12,26-10-2010 14:24,22-11-2011 16:33,1083,409,240.8742857,1,0.125,5,4,4,Champions,1.120547945,1889.378301
12776,668,1,55.5,10-02-2010 12:11,10-02-2010 12:11,46,668,55.5,0,0,1,1,1,lost,1.830136986,101.5726027
12777,458,1,519.45,08-09-2010 11:35,08-09-2010 11:35,458,458,519.45,0,0,1,1,2,lost,1.254794521,651.8030137
12778,20,9,1775.68,16-04-2010 09:57,20-11-2011 11:30,1735,603,197.2977778,1,0.1,4,5,4,Champions,1.652054795,2933.520658
12779,38,14,6722.27,03-12-2009 07:25,02-11-2011 11:43,3641,737,480.1621429,7,0.333333333,4,5,5,Champions,2.019178082,13573.46025
12780,599,1,337.4,20-04-2010 09:40,20-04-2010 09:40,285,599,337.4,0,0,1,1,2,lost,1.64109589,553.7057534
12781,64,2,826.74,28-02-2011 08:43,07-10-2011 10:37,671,285,413.37,3,0.6,3,2,3,Needs_Attention,0.780821918,645.5367123
12782,5,11,4618.24,08-07-2010 13:31,05-12-2011 09:16,2017,519,419.84,3,0.214285714,5,5,5,Champions,1.421917808,6566.757699
12783,2,6,2225.91,25-09-2011 15:35,07-12-2011 15:56,624,75,370.985,2,0.25,5,4,4,Champions,0.205479452,457.3787671
12784,9,3,1804.75,28-06-2010 13:06,30-11-2011 15:38,882,529,601.5833333,0,0,5,3,4,Loyal_customers,1.449315068,2615.65137
12785,364,3,1100.4,08-12-2009 13:56,10-12-2010 13:48,453,731,366.8,2,0.4,2,3,3,At_Risk,2.002739726,2203.814795
12786,610,1,728.5,09-04-2010 12:12,09-04-2010 12:12,324,610,728.5,0,0,1,1,3,Needs_Attention,1.671232877,1217.493151
12787,10,4,862.18,22-10-2010 14:57,30-11-2011 08:44,510,413,215.545,1,0.2,5,3,3,Loyal_customers,1.131506849,975.5625753
12788,463,4,444.9,29-06-2010 13:05,02-09-2010 14:21,194,528,111.225,0,0,1,3,2,At_Risk,1.446575342,643.5813699
12789,65,3,273.35,15-01-2010 12:06,05-10-2011 13:34,36,694,91.11666667,0,0,3,3,1,Needs_Attention,1.901369863,519.7394521
12790,192,2,591.85,25-10-2010 13:04,31-05-2011 14:14,306,410,295.925,1,0.333333333,2,2,2,lost,1.123287671,664.8178082
12791,374,6,1056.11,25-03-2010 17:29,01-12-2010 11:27,450,624,176.0183333,2,0.25,2,4,3,At_Risk,1.709589041,1805.514082
12792,257,2,827.01,23-06-2010 10:49,28-03-2011 11:36,394,535,413.505,1,0.333333333,2,2,3,Needs_Attention,1.465753425,1212.19274
12793,335,3,1017.33,03-11-2010 13:05,09-01-2011 12:12,526,401,339.11,0,0,2,3,3,At_Risk,1.098630137,1117.669397
12794,53,2,860.41,02-09-2011 12:01,17-10-2011 14:54,592,99,430.205,0,0,4,2,3,New_customers,0.271232877,233.3714795
12795,19,1,430.48,21-11-2011 10:27,21-11-2011 10:27,68,19,430.48,0,0,5,1,2,New_customers,0.052054795,22.40854795
12796,628,1,381,21-03-2010 15:49,21-03-2010 15:49,182,628,381,0,0,1,1,2,lost,1.720547945,655.5287671
12797,366,2,806.11,11-10-2010 12:53,09-12-2010 10:55,333,424,403.055,4,0.666666667,2,2,3,Needs_Attention,1.161643836,936.4127123
12798,10,4,8510.93,14-10-2010 12:27,29-11-2011 15:52,8455,422,2127.7325,0,0,5,3,5,Loyal_customers,1.156164384,9840.034137
12799,529,1,219.35,28-06-2010 15:57,28-06-2010 15:57,137,529,219.35,0,0,1,1,1,lost,1.449315068,317.9072603
12800,470,3,584.25,01-02-2010 11:02,26-08-2010 14:11,284,677,194.75,0,0,1,3,2,At_Risk,1.854794521,1083.663699
12801,501,1,1071.82,27-07-2010 09:38,27-07-2010 09:38,505,501,1071.82,1,0.5,1,1,3,Needs_Attention,1.37260274,1471.183068
12802,187,7,2416.42,25-05-2010 09:34,06-06-2011 09:36,1972,564,345.2028571,2,0.222222222,3,4,4,Loyal_customers,1.545205479,3733.865425
12803,393,1,1092.81,11-11-2010 14:57,11-11-2010 14:57,872,393,1092.81,0,0,2,1,3,Needs_Attention,1.076712329,1176.642
12804,466,2,327.02,27-07-2010 13:52,31-08-2010 11:58,271,500,163.51,0,0,1,2,2,lost,1.369863014,447.9726027
12805,382,4,1434.95,03-02-2010 09:06,23-11-2010 12:27,593,675,358.7375,0,0,2,3,4,At_Risk,1.849315068,2653.674658
12806,435,4,2878.96,30-04-2010 10:44,30-09-2010 13:34,2087,589,719.74,0,0,1,3,4,At_Risk,1.61369863,4645.773808
12807,383,1,330.35,21-11-2010 14:21,21-11-2010 14:21,145,383,330.35,2,0.666666667,2,1,2,lost,1.049315068,346.6412329
12808,37,5,906.1,03-09-2010 10:24,03-11-2011 10:05,375,463,181.22,0,0,4,4,3,Loyal_customers,1.268493151,1149.381644
12809,178,3,1755.94,02-03-2010 14:19,15-06-2011 10:51,518,647,585.3133333,5,0.625,3,3,4,Loyal_customers,1.77260274,3112.584055
12810,535,2,534.99,01-02-2010 09:52,23-06-2010 10:53,389,677,267.495,0,0,1,2,2,lost,1.854794521,992.2965205
12811,261,5,1033.9,08-10-2010 12:20,24-03-2011 09:42,435,428,206.78,0,0,2,4,3,At_Risk,1.17260274,1212.353973
12812,45,1,229.64,26-10-2011 09:54,26-10-2011 09:54,164,45,229.64,0,0,4,1,1,New_customers,0.123287671,28.31178082
12813,502,3,1687.8,15-01-2010 16:52,26-07-2010 09:50,1141,693,562.6,0,0,1,3,4,At_Risk,1.898630137,3204.507945
12814,102,1,125.92,30-08-2011 12:11,30-08-2011 12:11,49,102,125.92,0,0,3,1,1,Needs_Attention,0.279452055,35.18860274
12815,148,2,1063.46,25-05-2011 13:34,15-07-2011 10:21,379,198,531.73,0,0,3,2,3,Needs_Attention,0.542465753,576.8906301
12816,96,2,572.2,16-06-2011 13:24,05-09-2011 12:41,128,176,286.1,0,0,3,2,2,Needs_Attention,0.482191781,275.910137
12817,281,3,690.98,01-10-2010 08:57,03-03-2011 16:28,219,435,230.3266667,0,0,2,3,3,At_Risk,1.191780822,823.4967123
12818,262,1,1542.08,23-03-2011 12:06,23-03-2011 12:06,929,262,1542.08,1,0.5,2,1,4,Needs_Attention,0.717808219,1106.917699
12819,458,1,540.52,07-09-2010 15:20,07-09-2010 15:20,344,458,540.52,0,0,1,1,2,lost,1.254794521,678.2415342
12820,3,11,2689.52,05-12-2009 13:37,06-12-2011 15:12,1964,734,244.5018182,2,0.153846154,5,5,4,Champions,2.010958904,5408.514192
12821,214,2,220.8,07-04-2010 15:14,09-05-2011 15:51,162,611,110.4,0,0,2,2,1,lost,1.673972603,369.6131507
12822,71,2,948.88,13-09-2011 13:46,30-09-2011 10:04,550,87,474.44,1,0.333333333,3,2,3,Needs_Attention,0.238356164,226.1713973
12823,75,18,6501.5,29-01-2010 12:52,26-09-2011 07:35,930,679,361.1944444,0,0,3,5,5,Loyal_customers,1.860273973,12094.57123
12824,60,1,397.12,11-10-2011 12:49,11-10-2011 12:49,232,60,397.12,0,0,3,1,2,Needs_Attention,0.164383562,65.28
12825,521,2,518.63,08-03-2010 10:17,06-07-2010 13:56,139,642,259.315,0,0,1,2,2,lost,1.75890411,912.2204384
12826,3,12,2955.75,18-12-2009 10:43,07-12-2011 10:25,1995,722,246.3125,3,0.2,5,5,4,Champions,1.978082192,5846.716438
12827,6,3,430.15,26-10-2011 15:44,04-12-2011 12:17,197,44,143.3833333,0,0,5,3,2,Needs_Attention,0.120547945,51.85369863
12828,3,6,1018.71,01-08-2011 16:16,07-12-2011 08:45,494,130,169.785,0,0,5,4,3,Loyal_customers,0.356164384,362.8282192
12829,337,3,385.3,07-06-2010 15:04,07-01-2011 11:13,550,550,128.4333333,1,0.25,2,3,2,At_Risk,1.506849315,580.5890411
12830,38,6,6814.64,21-06-2011 10:53,02-11-2011 11:54,9848,172,1135.773333,1,0.142857143,4,4,5,Champions,0.471232877,3211.282411
12831,262,3,451.11,02-09-2010 15:58,22-03-2011 13:02,303,463,150.37,0,0,2,3,2,At_Risk,1.268493151,572.2299452
12832,32,2,383.03,02-09-2011 13:48,07-11-2011 13:30,195,98,191.515,0,0,4,2,2,New_customers,0.268493151,102.8409315
12833,145,1,417.38,17-07-2011 13:46,17-07-2011 13:46,156,145,417.38,0,0,3,1,2,Needs_Attention,0.397260274,165.8084932
12834,283,1,312.38,02-03-2011 09:49,02-03-2011 09:49,110,283,312.38,0,0,2,1,2,lost,0.775342466,242.2014795
12835,428,41,6043.31,03-12-2009 12:13,08-10-2010 10:59,2357,737,147.3978049,8,0.163265306,1,5,5,At_Risk,2.019178082,12202.5191
12836,59,15,6585.62,01-12-2009 14:19,11-10-2011 15:10,2236,738,439.0413333,2,0.117647059,4,5,5,Champions,2.021917808,13315.58236
12837,173,2,688.41,19-05-2010 15:10,19-06-2011 16:07,209,569,344.205,0,0,3,2,3,Needs_Attention,1.55890411,1073.165178
12838,34,10,3398.48,26-04-2010 09:59,06-11-2011 12:20,1845,593,339.848,2,0.166666667,4,5,5,Champions,1.624657534,5521.366137
12839,3,26,10071.73,07-12-2009 09:18,07-12-2011 12:33,6849,733,387.3742308,5,0.161290323,5,5,5,Champions,2.008219178,20226.24134
12840,144,7,4041.97,03-02-2010 14:51,19-07-2011 09:29,2258,674,577.4242857,4,0.363636364,3,4,5,Loyal_customers,1.846575342,7463.802137
12841,5,40,7540.68,08-07-2010 15:38,05-12-2011 11:13,5414,519,188.517,2,0.047619048,5,5,5,Champions,1.421917808,10722.22718
12842,70,4,1917.99,02-12-2009 08:15,30-09-2011 15:33,887,738,479.4975,0,0,3,3,4,Loyal_customers,2.021917808,3878.018137
12843,66,30,6588.41,13-12-2009 11:41,05-10-2011 12:09,3031,727,219.6136667,4,0.117647059,3,5,5,Loyal_customers,1.991780822,13122.66868
12844,29,4,648.6,25-04-2010 11:51,10-11-2011 13:31,223,594,162.15,0,0,4,3,3,Loyal_customers,1.62739726,1055.529863
12845,267,4,354.09,22-02-2011 14:10,17-03-2011 13:34,204,290,88.5225,0,0,2,3,2,At_Risk,0.794520548,281.3317808
12846,682,1,15.58,26-01-2010 16:29,26-01-2010 16:29,1,682,15.58,0,0,1,1,1,lost,1.868493151,29.11112329
12847,22,2,1636.9,17-11-2010 12:44,17-11-2011 13:16,1533,388,818.45,0,0,4,2,4,New_customers,1.063013699,1740.047123
12848,676,1,208,02-02-2010 12:45,02-02-2010 12:45,58,676,208,0,0,1,1,1,lost,1.852054795,385.2273973
12849,31,6,3090.56,27-04-2010 13:44,08-11-2011 13:41,1882,591,515.0933333,0,0,4,4,5,Champions,1.619178082,5004.167014
12850,446,1,330,20-09-2010 12:26,20-09-2010 12:26,200,446,330,0,0,1,1,2,lost,1.221917808,403.2328767
12851,97,2,284.13,19-08-2010 15:13,04-09-2011 12:41,160,477,142.065,0,0,3,2,1,Needs_Attention,1.306849315,371.3150959
12852,295,1,311.55,18-02-2011 08:47,18-02-2011 08:47,149,295,311.55,1,0.5,2,1,2,lost,0.808219178,251.8006849
12853,135,11,3907.5,05-02-2010 11:57,28-07-2011 11:29,1668,673,355.2272727,5,0.3125,3,5,5,Loyal_customers,1.843835616,7204.787671
12854,79,7,2994.02,11-12-2009 12:55,22-09-2011 12:15,1635,728,427.7171429,4,0.363636364,3,4,5,Loyal_customers,1.994520548,5971.634411
12855,373,4,650.94,02-11-2010 18:16,02-12-2010 09:37,270,402,162.735,0,0,2,3,3,At_Risk,1.101369863,716.9256986
12856,8,6,2179.93,07-10-2011 12:38,02-12-2011 10:52,1079,64,363.3216667,2,0.25,5,4,4,Champions,0.175342466,382.2343014
12857,211,6,3688,25-01-2010 15:37,13-05-2011 10:20,1420,683,614.6666667,1,0.142857143,2,4,5,At_Risk,1.871232877,6901.106849
12858,383,1,177.92,21-11-2010 12:55,21-11-2010 12:55,63,383,177.92,1,0.5,2,1,1,lost,1.049315068,186.694137
12859,459,1,575.1,07-09-2010 12:20,07-09-2010 12:20,292,459,575.1,0,0,1,1,2,lost,1.257534247,723.2079452
12860,693,1,55.47,15-01-2010 15:22,15-01-2010 15:22,27,693,55.47,0,0,1,1,1,lost,1.898630137,105.3170137
12861,620,1,68.25,30-03-2010 11:39,30-03-2010 11:39,27,620,68.25,0,0,1,1,1,lost,1.698630137,115.9315068
12862,426,2,1008.32,01-08-2010 15:20,10-10-2010 11:47,613,495,504.16,0,0,1,2,3,Needs_Attention,1.356164384,1367.447671
12863,52,6,2792.55,29-04-2010 13:54,18-10-2011 14:15,895,589,465.425,1,0.142857143,4,4,4,Champions,1.61369863,4506.33411
12864,138,2,299.57,19-07-2010 17:22,24-07-2011 13:03,447,508,149.785,0,0,3,2,2,Needs_Attention,1.391780822,416.9357808
12865,26,4,3323.47,20-08-2010 12:20,13-11-2011 14:31,1973,477,830.8675,1,0.2,4,3,5,Loyal_customers,1.306849315,4343.274493
12866,283,3,1227.35,25-07-2010 11:37,01-03-2011 14:11,553,503,409.1166667,0,0,2,3,3,At_Risk,1.378082192,1691.389178
12867,26,13,7913.29,16-12-2009 16:25,13-11-2011 15:30,7939,723,608.7146154,3,0.1875,4,5,5,Champions,1.980821918,15674.81827
12868,186,8,2247.06,12-11-2010 10:05,07-06-2011 10:42,1282,393,280.8825,0,0,3,4,4,Loyal_customers,1.076712329,2419.437205
12869,682,1,337.67,27-01-2010 12:10,27-01-2010 12:10,144,682,337.67,0,0,1,1,2,lost,1.868493151,630.9340822
12870,375,3,1676.95,25-03-2010 14:32,29-11-2010 13:42,906,624,558.9833333,1,0.25,2,3,4,At_Risk,1.709589041,2866.895342
12871,84,3,744.02,26-09-2010 10:34,16-09-2011 15:07,484,440,248.0066667,0,0,3,3,3,Loyal_customers,1.205479452,896.9008219
12872,327,12,3685.49,03-12-2009 20:03,17-01-2011 10:52,1855,736,307.1241667,1,0.076923077,2,5,5,At_Risk,2.016438356,7431.563397
12873,282,3,2027.3,27-01-2010 09:50,02-03-2011 14:58,786,682,675.7666667,0,0,2,3,4,At_Risk,1.868493151,3787.996164
12874,385,2,948.42,03-06-2010 12:51,19-11-2010 15:23,623,554,474.21,1,0.333333333,2,2,3,Needs_Attention,1.517808219,1439.519671
12875,143,5,1356.99,11-01-2010 12:37,19-07-2011 15:30,5187,698,271.398,0,0,3,4,4,Loyal_customers,1.912328767,2595.011014
12876,58,4,4081.79,28-04-2010 13:26,13-10-2011 12:26,3047,590,1020.4475,1,0.2,4,3,5,Loyal_customers,1.616438356,6597.961918
12877,4,20,2955.17,18-01-2010 10:23,06-12-2011 10:30,2262,691,147.7585,0,0,5,5,4,Champions,1.893150685,5594.58211
12878,236,2,854.99,18-03-2011 14:02,17-04-2011 13:07,547,266,427.495,1,0.333333333,2,2,3,Needs_Attention,0.728767123,623.0886027
12879,45,3,573.22,09-09-2011 12:11,26-10-2011 12:24,370,92,191.0733333,1,0.25,4,3,2,Needs_Attention,0.252054795,144.4828493
12880,382,2,640.13,14-05-2010 11:57,23-11-2010 10:50,279,575,320.065,0,0,2,2,3,Needs_Attention,1.575342466,1008.423973
12881,276,1,298,09-03-2011 11:44,09-03-2011 11:44,21,276,298,0,0,2,1,2,lost,0.756164384,225.3369863
12882,9,2,1463.04,06-11-2011 11:22,30-11-2011 16:18,246,34,731.52,0,0,5,2,4,New_customers,0.093150685,136.2831781
12883,25,4,703.47,11-09-2011 15:18,15-11-2011 09:32,196,89,175.8675,0,0,4,3,3,Loyal_customers,0.243835616,171.5310411
12884,88,1,309.05,12-09-2011 13:10,12-09-2011 13:10,43,88,309.05,0,0,3,1,2,Needs_Attention,0.24109589,74.51068493
12885,63,3,1175.22,08-08-2011 11:45,07-10-2011 13:40,655,124,391.74,1,0.25,3,3,3,Loyal_customers,0.339726027,399.2528219
12886,68,2,1378.4,04-05-2011 11:21,03-10-2011 10:09,770,220,689.2,1,0.333333333,3,2,4,Needs_Attention,0.602739726,830.8164384
12887,384,1,222.4,21-11-2010 11:18,21-11-2010 11:18,100,384,222.4,0,0,2,1,1,lost,1.052054795,233.9769863
12888,214,2,354.12,29-03-2011 14:31,09-05-2011 16:02,76,255,177.06,2,0.5,2,2,2,lost,0.698630137,247.3989041
12889,381,4,385.46,25-07-2010 14:32,23-11-2010 16:08,124,502,96.365,2,0.333333333,2,3,2,At_Risk,1.375342466,530.1395068
12890,24,2,717.27,17-11-2010 14:05,15-11-2011 17:26,466,387,358.635,0,0,4,2,3,New_customers,1.060273973,760.5027123
12891,186,11,840.5,18-02-2010 14:32,07-06-2011 12:31,2325,659,76.40909091,1,0.083333333,3,5,3,Loyal_customers,1.805479452,1517.505479
12892,397,1,263.38,08-11-2010 09:51,08-11-2010 09:51,140,397,263.38,0,0,2,1,1,lost,1.087671233,286.4708493
12893,31,1,188.14,09-11-2011 12:34,09-11-2011 12:34,96,31,188.14,0,0,4,1,1,New_customers,0.084931507,15.9790137
12894,575,1,157.35,13-05-2010 14:47,13-05-2010 14:47,33,575,157.35,0,0,1,1,1,lost,1.575342466,247.880137
12895,42,2,372.8,14-09-2011 08:35,28-10-2011 13:51,210,87,186.4,1,0.333333333,4,2,2,New_customers,0.238356164,88.85917808
12897,205,4,514.25,14-06-2010 11:58,19-05-2011 12:13,249,544,128.5625,0,0,2,3,2,At_Risk,1.490410959,766.4438356
12898,464,2,310.96,18-02-2010 12:36,02-09-2010 08:08,240,660,155.48,0,0,1,2,2,lost,1.808219178,562.2838356
12899,414,1,366.4,22-10-2010 09:53,22-10-2010 09:53,108,414,366.4,0,0,1,1,2,lost,1.134246575,415.5879452
12900,422,1,340.33,13-10-2010 15:17,13-10-2010 15:17,139,422,340.33,0,0,1,1,2,lost,1.156164384,393.4774247
12901,9,28,17654.54,14-03-2011 10:41,01-12-2011 10:07,23075,271,630.5192857,8,0.222222222,5,5,5,Champions,0.742465753,13107.89134
12902,265,1,138.68,20-03-2011 12:06,20-03-2011 12:06,66,265,138.68,0,0,2,1,1,lost,0.726027397,100.6854795
12903,429,1,833.53,07-10-2010 12:39,07-10-2010 12:39,493,429,833.53,0,0,1,1,3,Needs_Attention,1.175342466,979.6832055
12904,18,2,509.58,20-06-2011 13:18,21-11-2011 14:34,302,172,254.79,0,0,5,2,2,New_customers,0.471232877,240.1308493
12905,577,2,1018.42,26-01-2010 14:06,12-05-2010 10:05,532,682,509.21,1,0.333333333,1,2,3,Needs_Attention,1.868493151,1902.910795
12906,12,5,2919.81,22-09-2011 15:03,28-11-2011 09:55,1749,78,583.962,0,0,5,4,4,Champions,0.21369863,623.9593973
12907,396,2,508.91,02-08-2010 14:33,09-11-2010 12:08,177,494,254.455,1,0.333333333,2,2,2,lost,1.353424658,688.7713425
12908,176,5,1776,19-03-2010 15:59,16-06-2011 15:39,3000,630,355.2,2,0.285714286,3,4,4,Loyal_customers,1.726027397,3065.424658
12909,40,8,3103.19,24-02-2010 12:14,31-10-2011 12:43,1948,654,387.89875,5,0.384615385,4,4,5,Champions,1.791780822,5560.236329
12910,23,13,5796.52,28-03-2010 13:10,16-11-2011 14:28,3632,621,445.8861538,1,0.071428571,4,5,5,Champions,1.701369863,9862.024438
12911,552,1,1680.47,06-06-2010 12:13,06-06-2010 12:13,820,552,1680.47,0,0,1,1,4,Needs_Attention,1.512328767,2541.423123
12912,3,5,1662.3,30-10-2011 11:35,07-12-2011 08:55,670,41,332.46,0,0,5,4,4,Champions,0.112328767,186.7241096
12913,5,13,6700.86,01-12-2009 12:18,05-12-2011 12:11,3232,739,515.4507692,0,0,5,5,5,Champions,2.024657534,13566.94668
12914,401,1,223.98,04-11-2010 12:28,04-11-2010 12:28,336,401,223.98,0,0,2,1,1,lost,1.098630137,246.0711781
12915,149,4,1174.75,29-04-2010 19:36,14-07-2011 11:34,452,589,293.6875,4,0.5,3,3,3,Loyal_customers,1.61369863,1895.692466
12916,139,7,4654.02,24-01-2010 11:26,24-07-2011 10:35,1774,685,664.86,1,0.125,3,4,5,Loyal_customers,1.876712329,8734.256712
12917,128,6,4359.2,09-12-2009 14:22,03-08-2011 16:42,1104,730,726.5333333,2,0.25,3,4,5,Loyal_customers,2,8718.4
12918,626,1,10953.5,23-03-2010 15:22,23-03-2010 15:22,1,626,10953.5,2,0.666666667,1,1,5,Needs_Attention,1.715068493,18786.00274
12919,8,6,1335.19,23-06-2011 09:22,01-12-2011 13:47,673,170,222.5316667,2,0.25,5,4,4,Champions,0.465753425,621.8693151
12920,17,4,488.09,14-12-2009 15:58,22-11-2011 15:05,421,725,122.0225,0,0,5,3,2,Needs_Attention,1.98630137,969.4938356
12921,9,74,35921.04,01-12-2009 13:43,30-11-2011 16:22,21708,738,485.4194595,29,0.281553398,5,5,5,Champions,2.021917808,72629.39047
12922,161,1,405.38,01-07-2011 15:35,01-07-2011 15:35,370,161,405.38,0,0,3,1,2,Needs_Attention,0.44109589,178.8114521
12923,64,3,789.87,13-05-2010 14:55,06-10-2011 16:20,237,575,263.29,0,0,3,3,3,Loyal_customers,1.575342466,1244.315753
12924,88,12,2469.4,09-12-2009 12:40,12-09-2011 13:55,1423,731,205.7833333,2,0.142857143,3,5,4,Loyal_customers,2.002739726,4945.565479
12925,5,3,729.33,26-04-2010 10:32,05-12-2011 11:11,649,593,243.11,0,0,5,3,3,Loyal_customers,1.624657534,1184.911479
12926,411,4,1548.46,14-12-2009 14:35,24-10-2010 15:57,766,725,387.115,0,0,1,3,4,At_Risk,1.98630137,3075.708219
12927,395,1,197.31,10-11-2010 10:02,10-11-2010 10:02,145,395,197.31,0,0,2,1,1,lost,1.082191781,213.5272603
12928,35,12,4304.89,08-06-2010 10:16,04-11-2011 14:24,2899,550,358.7408333,0,0,4,5,5,Champions,1.506849315,6486.820548
12929,312,1,117.85,01-02-2011 12:08,01-02-2011 12:08,37,312,117.85,1,0.5,2,1,1,lost,0.854794521,100.7375342
12930,78,2,415.8,21-06-2011 13:25,22-09-2011 15:18,252,171,207.9,2,0.5,3,2,2,Needs_Attention,0.468493151,194.7994521
12931,22,57,92347.34,01-12-2009 11:46,18-11-2011 12:39,62906,739,1620.128772,14,0.197183099,4,5,5,Champions,2.024657534,186971.7377
12932,539,8,1698.56,10-02-2010 08:46,18-06-2010 14:22,1609,668,212.32,0,0,1,4,4,At_Risk,1.830136986,3108.597479
12933,24,8,1687.03,10-12-2009 16:39,15-11-2011 16:38,959,729,210.87875,3,0.272727273,4,4,4,Champions,1.997260274,3369.438
12934,737,1,181.65,03-12-2009 10:51,03-12-2009 10:51,31,737,181.65,0,0,1,1,1,lost,2.019178082,366.7836986
12935,2,15,4243.86,11-04-2010 15:59,07-12-2011 17:25,3201,607,282.924,4,0.210526316,5,5,5,Champions,1.663013699,7057.597315
12936,17,4,1063.9,22-09-2011 13:51,22-11-2011 17:32,559,78,265.975,1,0.2,5,3,3,Loyal_customers,0.21369863,227.3539726
12937,15,9,3097.61,03-12-2009 15:43,24-11-2011 15:05,1983,736,344.1788889,0,0,5,5,5,Champions,2.016438356,6246.139616
12938,26,1,114.14,14-11-2011 11:21,14-11-2011 11:21,140,26,114.14,0,0,4,1,1,New_customers,0.071232877,8.130520548
12939,64,20,25264.8,12-01-2010 11:27,06-10-2011 14:33,10328,697,1263.24,0,0,3,5,5,Loyal_customers,1.909589041,48245.38521
12940,55,2,913.54,13-09-2011 10:16,16-10-2011 12:09,411,88,456.77,2,0.5,4,2,3,New_customers,0.24109589,220.2507397
12941,724,1,377.49,15-12-2009 13:12,15-12-2009 13:12,381,724,377.49,0,0,1,1,2,lost,1.983561644,748.7746849
12942,131,3,942.65,09-12-2010 09:34,31-07-2011 14:39,272,366,314.2166667,0,0,3,3,3,Loyal_customers,1.002739726,945.2326027
12943,558,2,496.5,13-04-2010 11:03,30-05-2010 13:52,222,606,248.25,2,0.5,1,2,2,lost,1.660273973,824.3260274
12944,36,2,604.51,20-12-2010 10:41,04-11-2011 11:04,289,355,302.255,0,0,4,2,2,New_customers,0.97260274,587.9480822
12945,288,2,900.11,21-02-2010 15:18,24-02-2011 14:15,446,656,450.055,0,0,2,2,3,Needs_Attention,1.797260274,1617.731945
12946,437,1,324.45,29-09-2010 10:14,29-09-2010 10:14,149,437,324.45,0,0,1,1,2,lost,1.197260274,388.4510959
12947,144,6,1908.03,01-12-2010 16:21,19-07-2011 10:06,1349,373,318.005,5,0.454545455,3,4,4,Loyal_customers,1.021917808,1949.849836
12948,16,9,2317.43,02-12-2009 12:28,23-11-2011 17:10,1304,738,257.4922222,1,0.1,5,5,4,Champions,2.021917808,4685.652986
12949,31,22,15526.7,03-12-2009 15:56,09-11-2011 11:25,8233,736,705.7590909,6,0.214285714,4,5,5,Champions,2.016438356,31308.63342
12950,2,3,1843,15-11-2011 13:48,07-12-2011 13:17,1380,24,614.3333333,0,0,5,3,4,Loyal_customers,0.065753425,121.1835616
12951,9,15,3213.72,10-01-2010 12:43,01-12-2011 12:14,1662,699,214.248,5,0.25,5,5,5,Champions,1.915068493,6154.493918
12952,6,4,1387.79,22-09-2011 16:37,04-12-2011 10:35,653,78,346.9475,1,0.2,5,3,4,Loyal_customers,0.21369863,296.5688219
12953,10,2,828.81,05-07-2010 13:37,30-11-2011 09:24,364,522,414.405,0,0,5,2,3,New_customers,1.430136986,1185.311836
12954,639,1,162.45,11-03-2010 10:16,11-03-2010 10:16,83,639,162.45,0,0,1,1,1,lost,1.750684932,284.3987671
12955,1,11,4757.16,17-03-2011 09:03,08-12-2011 16:29,3664,268,432.4690909,3,0.214285714,5,5,5,Champions,0.734246575,3492.928438
12956,306,4,521.89,15-12-2009 19:03,06-02-2011 16:08,340,724,130.4725,0,0,2,3,2,At_Risk,1.983561644,1035.200986
12957,10,13,8706.97,11-12-2009 12:01,30-11-2011 09:53,4686,729,669.7669231,8,0.380952381,5,5,5,Champions,1.997260274,17390.08529
12958,400,2,539.49,05-05-2010 16:22,04-11-2010 16:16,131,583,269.745,0,0,2,2,2,lost,1.597260274,861.7059452
12959,484,1,150.95,12-08-2010 17:20,12-08-2010 17:20,109,484,150.95,1,0.5,1,1,1,lost,1.326027397,200.1638356
12960,414,4,1322.07,16-02-2010 13:32,22-10-2010 09:31,1379,661,330.5175,0,0,1,3,4,At_Risk,1.810958904,2394.214438
12961,379,1,211.99,25-11-2010 16:44,25-11-2010 16:44,180,379,211.99,0,0,2,1,1,lost,1.038356164,220.1211233
12962,7,2,266.39,18-08-2011 13:38,02-12-2011 15:55,129,113,133.195,0,0,5,2,1,New_customers,0.309589041,82.47142466
12963,8,12,3601.59,08-07-2010 14:45,01-12-2011 12:55,1809,519,300.1325,2,0.142857143,5,5,5,Champions,1.421917808,5121.164959
12964,437,1,132.24,28-09-2010 17:47,28-09-2010 17:47,56,437,132.24,0,0,1,1,1,lost,1.197260274,158.3256986
12965,89,1,771.91,11-09-2011 15:31,11-09-2011 15:31,283,89,771.91,0,0,3,1,3,Needs_Attention,0.243835616,188.2191507
12966,10,1,160.18,30-11-2011 12:38,30-11-2011 12:38,75,10,160.18,0,0,5,1,1,New_customers,0.02739726,4.388493151
12967,358,3,4306.92,21-11-2010 11:03,16-12-2010 19:10,1272,384,1435.64,2,0.4,2,3,5,At_Risk,1.052054795,4531.115836
12968,112,1,135.95,19-08-2011 15:44,19-08-2011 15:44,73,112,135.95,0,0,3,1,1,Needs_Attention,0.306849315,41.71616438
12969,603,1,122.45,16-04-2010 10:50,16-04-2010 10:50,55,603,122.45,0,0,1,1,1,lost,1.652054795,202.2941096
12970,7,10,1524.97,04-12-2009 14:19,02-12-2011 14:30,1014,735,152.497,0,0,5,5,4,Champions,2.01369863,3070.83
12971,4,116,15972.79,15-12-2009 19:04,06-12-2011 12:20,14587,724,137.6964655,4,0.033333333,5,5,5,Champions,1.983561644,31683.01359
12972,414,4,1161.2,16-02-2010 14:30,22-10-2010 08:41,844,661,290.3,2,0.333333333,1,3,3,At_Risk,1.810958904,2102.885479
12973,414,1,385.55,22-10-2010 10:14,22-10-2010 10:14,31,414,385.55,0,0,1,1,2,lost,1.134246575,437.3087671
12974,198,2,408.95,23-05-2010 11:45,26-05-2011 09:33,104,566,204.475,0,0,2,2,2,lost,1.550684932,634.1526027
12975,437,6,2100.09,06-12-2009 10:38,29-09-2010 09:46,911,734,350.015,2,0.25,1,4,4,At_Risk,2.010958904,4223.194685
12976,212,8,3156.38,12-02-2010 15:46,12-05-2011 09:55,2684,665,394.5475,0,0,2,4,5,At_Risk,1.821917808,5750.664932
12977,156,4,517.63,16-07-2010 16:25,06-07-2011 16:40,131,511,129.4075,0,0,3,3,2,Needs_Attention,1.4,724.682
12978,385,5,2502.82,10-12-2009 12:10,19-11-2010 14:29,1394,730,500.564,1,0.166666667,2,4,4,At_Risk,2,5005.64
12979,729,1,517.7,10-12-2009 15:45,10-12-2009 15:45,520,729,517.7,1,0.5,1,1,2,lost,1.997260274,1033.981644
12980,158,21,16245.78,02-12-2009 11:26,05-07-2011 09:34,1910,738,773.6085714,5,0.192307692,3,5,5,Loyal_customers,2.021917808,32847.63189
12981,30,2,372.22,29-07-2011 14:14,10-11-2011 12:00,242,133,186.11,0,0,4,2,2,New_customers,0.364383562,135.6308493
12982,243,8,2744.81,12-04-2010 13:50,11-04-2011 11:51,1729,606,343.10125,9,0.529411765,2,4,4,At_Risk,1.660273973,4557.136603
12983,598,1,490.08,20-04-2010 12:58,20-04-2010 12:58,638,598,490.08,0,0,1,1,2,lost,1.638356164,802.925589
12984,19,1,97.5,21-11-2011 12:37,21-11-2011 12:37,26,19,97.5,0,0,5,1,1,New_customers,0.052054795,5.075342466
12985,1,2,1239.38,11-11-2011 12:44,09-12-2011 10:46,1533,29,619.69,1,0.333333333,5,2,3,New_customers,0.079452055,98.47128767
12986,429,10,2729.84,21-01-2010 10:45,07-10-2010 11:57,1164,688,272.984,2,0.166666667,1,5,4,At_Risk,1.884931507,5145.561425
12987,74,5,1312.21,20-01-2010 09:57,27-09-2011 12:03,585,689,262.442,1,0.166666667,3,4,4,Loyal_customers,1.887671233,2477.021068
12988,292,1,535.32,20-02-2011 14:31,20-02-2011 14:31,136,292,535.32,0,0,2,1,2,lost,0.8,428.256
12989,3,33,13551.75,10-12-2009 13:27,06-12-2011 15:28,6935,729,410.6590909,6,0.153846154,5,5,5,Champions,1.997260274,27066.37192
12990,31,7,955.5,30-03-2010 11:36,08-11-2011 13:01,480,620,136.5,0,0,4,4,3,Loyal_customers,1.698630137,1623.041096
12991,23,3,764.82,15-11-2010 13:43,16-11-2011 15:34,483,389,254.94,0,0,4,3,3,Loyal_customers,1.065753425,815.1095342
12992,725,1,93.35,14-12-2009 16:46,14-12-2009 16:46,21,725,93.35,0,0,1,1,1,lost,1.98630137,185.4212329
12993,23,8,1259.63,18-02-2010 10:35,16-11-2011 15:49,751,660,157.45375,2,0.2,4,4,4,Champions,1.808219178,2277.687123
12994,4,3,974.42,16-03-2011 08:31,05-12-2011 15:43,459,269,324.8066667,2,0.4,5,3,3,Loyal_customers,0.736986301,718.1341918
12995,85,1,211.32,15-09-2011 15:44,15-09-2011 15:44,108,85,211.32,1,0.5,3,1,1,Needs_Attention,0.232876712,49.21150685
12996,376,1,355.5,29-11-2010 09:27,29-11-2010 09:27,122,376,355.5,0,0,2,1,2,lost,1.030136986,366.2136986
12997,22,8,2110.91,06-04-2010 11:06,17-11-2011 15:47,1186,613,263.86375,8,0.5,4,4,4,Champions,1.679452055,3545.172137
12998,493,3,920.08,24-02-2010 11:55,04-08-2010 08:05,1124,654,306.6933333,1,0.25,1,3,3,At_Risk,1.791780822,1648.581699
12999,196,3,455.88,08-04-2011 10:26,27-05-2011 13:24,342,246,151.96,0,0,2,3,2,At_Risk,0.673972603,307.2506301
13000,107,4,1032.5,14-12-2009 17:03,25-08-2011 10:43,548,725,258.125,1,0.2,3,3,3,Loyal_customers,1.98630137,2050.856164
13001,4,33,24172.1,03-12-2009 16:21,05-12-2011 14:51,13539,736,732.4878788,4,0.108108108,5,5,5,Champions,2.016438356,48741.54959
13002,318,3,414.13,01-10-2010 11:58,25-01-2011 15:18,201,435,138.0433333,0,0,2,3,2,At_Risk,1.191780822,493.5521918
13003,106,3,149.05,09-05-2011 08:23,26-08-2011 10:50,103,215,49.68333333,0,0,3,3,1,Needs_Attention,0.589041096,87.79657534
13004,12,36,11650.85,15-12-2009 09:44,28-11-2011 11:27,8768,725,323.6347222,10,0.217391304,5,5,5,Champions,1.98630137,23142.09932
13005,174,4,999.68,08-09-2010 12:52,19-06-2011 10:53,462,457,249.92,2,0.333333333,3,3,3,Loyal_customers,1.252054795,1251.654137
13006,56,1,81.57,14-10-2011 13:49,14-10-2011 13:49,55,56,81.57,0,0,4,1,1,New_customers,0.153424658,12.51484932
13007,580,1,175.25,09-05-2010 10:38,09-05-2010 10:38,59,580,175.25,0,0,1,1,1,lost,1.589041096,278.4794521
13008,323,3,612.13,16-12-2009 16:07,20-01-2011 14:24,379,723,204.0433333,4,0.571428571,2,3,2,At_Risk,1.980821918,1212.520521
13009,673,1,234,05-02-2010 12:22,05-02-2010 12:22,120,673,234,0,0,1,1,1,lost,1.843835616,431.4575342
13010,374,2,330.12,01-03-2010 11:28,30-11-2010 15:09,323,649,165.06,0,0,2,2,2,lost,1.778082192,586.9804932
13011,372,1,101.1,02-12-2010 17:22,02-12-2010 17:22,26,372,101.1,0,0,2,1,1,lost,1.019178082,103.0389041
13012,9,11,2972.83,26-04-2010 14:14,30-11-2011 13:05,1563,592,270.2572727,4,0.266666667,5,5,5,Champions,1.621917808,4821.685918
13013,1,29,12625.77,14-12-2009 10:34,08-12-2011 15:01,6463,726,435.3713793,2,0.064516129,5,5,5,Champions,1.989041096,25113.1754
13014,11,11,5381.08,03-10-2010 11:35,29-11-2011 12:27,1979,433,489.1890909,7,0.388888889,5,5,5,Champions,1.18630137,6383.582575
13015,53,11,6586.42,15-04-2010 16:35,17-10-2011 13:19,3535,603,598.7654545,3,0.214285714,4,5,5,Champions,1.652054795,10881.12674
13016,73,3,789.89,08-08-2011 15:00,27-09-2011 14:08,527,123,263.2966667,0,0,3,3,3,Loyal_customers,0.336986301,266.1821096
13017,7,1,204,02-12-2011 15:53,02-12-2011 15:53,48,7,204,0,0,5,1,1,New_customers,0.019178082,3.912328767
13018,16,35,9763.16,01-03-2010 12:34,23-11-2011 13:28,6746,649,278.9474286,2,0.054054054,5,5,5,Champions,1.778082192,17359.70093
13019,379,6,1229.95,06-12-2009 15:40,25-11-2010 14:56,397,733,204.9916667,2,0.25,2,4,3,At_Risk,2.008219178,2470.009178
13020,563,2,618.96,18-02-2010 10:35,26-05-2010 11:12,278,660,309.48,3,0.6,1,2,3,Needs_Attention,1.808219178,1119.215342
13021,4,17,4887.24,05-12-2009 12:02,05-12-2011 16:37,2546,735,287.4847059,7,0.291666667,5,5,5,Champions,2.01369863,9841.428493
13022,430,1,65.3,06-10-2010 10:50,06-10-2010 10:50,35,430,65.3,0,0,1,1,1,lost,1.178082192,76.92876712
13023,64,3,1449.03,29-06-2010 09:51,06-10-2011 16:27,585,529,483.01,0,0,3,3,4,Loyal_customers,1.449315068,2100.101014
13024,471,2,555.87,06-05-2010 14:25,26-08-2010 09:42,181,582,277.935,1,0.333333333,1,2,2,lost,1.594520548,886.346137
13025,732,1,323.39,08-12-2009 10:02,08-12-2009 10:02,241,732,323.39,0,0,1,1,2,lost,2.005479452,648.552
13026,1,9,1733.08,13-12-2009 11:34,08-12-2011 16:58,2466,727,192.5644444,4,0.307692308,5,5,4,Champions,1.991780822,3451.915507
13027,114,19,17335.2,20-01-2010 10:41,18-08-2011 09:39,43080,689,912.3789474,4,0.173913043,3,5,5,Loyal_customers,1.887671233,32723.15836
13028,23,2,661.32,25-10-2011 14:09,17-11-2011 11:10,798,45,330.66,1,0.333333333,4,2,3,New_customers,0.123287671,81.53260274
13029,31,5,1927.3,04-07-2010 13:46,09-11-2011 09:13,194,523,385.46,0,0,4,4,4,Champions,1.432876712,2761.583288
13030,11,2,1227.22,06-12-2010 14:31,28-11-2011 14:30,598,368,613.61,0,0,5,2,3,New_customers,1.008219178,1237.30674
13031,407,5,3419.27,03-06-2010 14:57,28-10-2010 15:34,2399,554,683.854,0,0,2,4,5,At_Risk,1.517808219,5189.79611
13032,52,9,2843.55,05-09-2010 14:01,18-10-2011 15:54,1281,460,315.95,2,0.181818182,4,5,4,Champions,1.260273973,3583.652055
13033,357,2,220.55,06-10-2010 09:37,17-12-2010 14:23,98,430,110.275,0,0,2,2,1,lost,1.178082192,259.8260274
13034,55,3,922.68,03-11-2010 15:22,16-10-2011 12:21,522,401,307.56,0,0,4,3,3,Loyal_customers,1.098630137,1013.684055
13035,74,3,1364.2,04-10-2010 15:41,27-09-2011 08:57,926,431,454.7333333,1,0.25,3,3,4,Loyal_customers,1.180821918,1610.87726
13036,685,1,307.1,24-01-2010 11:35,24-01-2010 11:35,38,685,307.1,0,0,1,1,2,lost,1.876712329,576.3383562
13037,138,12,3914.95,03-12-2009 17:04,24-07-2011 15:46,2130,736,326.2458333,4,0.25,3,5,5,Loyal_customers,2.016438356,7894.255342
13038,80,3,908.46,22-02-2011 11:43,20-09-2011 14:37,360,291,302.82,0,0,3,3,3,Loyal_customers,0.797260274,724.2790685
13039,584,4,1010.73,17-12-2009 16:43,04-05-2010 16:45,290,722,252.6825,0,0,1,3,3,At_Risk,1.978082192,1999.307014
13040,9,2,676.99,06-11-2011 13:53,01-12-2011 10:38,355,33,338.495,0,0,5,2,3,New_customers,0.090410959,61.20731507
13041,451,4,799.13,29-04-2010 08:43,15-09-2010 11:44,335,590,199.7825,0,0,1,3,3,At_Risk,1.616438356,1291.744384
13042,598,3,1556.54,07-12-2009 15:42,20-04-2010 13:43,830,732,518.8466667,1,0.25,1,3,4,At_Risk,2.005479452,3121.608986
13043,273,1,516.42,11-03-2011 14:52,11-03-2011 14:52,254,273,516.42,1,0.5,2,1,2,lost,0.747945205,386.253863
13044,291,11,4853.9,08-01-2010 14:46,21-02-2011 15:20,2553,700,441.2636364,2,0.153846154,2,5,5,At_Risk,1.917808219,9308.849315
13045,99,3,808.92,10-08-2010 13:02,01-09-2011 15:04,405,486,269.64,0,0,3,3,3,Loyal_customers,1.331506849,1077.082521
13046,31,3,949.25,09-09-2010 13:09,09-11-2011 08:36,505,456,316.4166667,0,0,4,3,3,Loyal_customers,1.249315068,1185.912329
13047,32,24,8795.16,16-12-2009 11:43,08-11-2011 12:06,3429,724,366.465,18,0.428571429,4,5,5,Champions,1.983561644,17445.74203
13048,14,9,4084.21,27-01-2010 12:55,25-11-2011 13:23,2705,681,453.8011111,4,0.307692308,5,5,5,Champions,1.865753425,7620.128795
13049,64,4,1408.24,03-11-2010 15:39,06-10-2011 15:31,620,401,352.06,1,0.2,3,3,4,Loyal_customers,1.098630137,1547.134904
13050,15,35,12344.53,15-12-2009 15:06,25-11-2011 09:18,7206,724,352.7008571,22,0.385964912,5,5,5,Champions,1.983561644,24486.13622
13051,579,2,155.8,30-03-2010 11:11,10-05-2010 09:14,72,620,77.9,0,0,1,2,1,lost,1.698630137,264.6465753
13052,212,7,3168.53,23-02-2010 12:31,11-05-2011 14:12,1454,655,452.6471429,0,0,2,4,5,At_Risk,1.794520548,5685.992192
13053,622,1,127.65,28-03-2010 11:28,28-03-2010 11:28,47,622,127.65,0,0,1,1,1,lost,1.704109589,217.529589
13055,78,4,2321.11,06-10-2010 08:17,22-09-2011 14:26,1821,430,580.2775,2,0.333333333,3,3,4,Loyal_customers,1.178082192,2734.458356
13056,551,1,209.48,06-06-2010 14:10,06-06-2010 14:10,158,551,209.48,0,0,1,1,1,lost,1.509589041,316.2287123
13057,530,3,722.09,18-03-2010 12:14,27-06-2010 15:44,466,632,240.6966667,1,0.25,1,3,3,At_Risk,1.731506849,1250.303781
13058,25,3,271.4,11-07-2011 12:01,15-11-2011 12:43,52,152,90.46666667,0,0,4,3,1,Needs_Attention,0.416438356,113.0213699
13059,250,10,2303.17,31-03-2010 12:23,04-04-2011 10:40,864,619,230.317,2,0.166666667,2,5,4,At_Risk,1.695890411,3905.923918
13060,254,1,307.53,31-03-2011 11:37,31-03-2011 11:37,123,254,307.53,0,0,2,1,2,lost,0.695890411,214.0071781
13061,72,1,248.61,28-09-2011 16:04,28-09-2011 16:04,107,72,248.61,0,0,3,1,1,Needs_Attention,0.197260274,49.04087671
13062,191,1,346.98,01-06-2011 15:12,01-06-2011 15:12,343,191,346.98,0,0,2,1,2,lost,0.523287671,181.5703562
13063,481,1,188.4,16-08-2010 12:27,16-08-2010 12:27,116,481,188.4,0,0,1,1,1,lost,1.317808219,248.2750685
13064,13,6,1680.74,27-04-2010 10:08,27-11-2011 12:31,670,592,280.1233333,0,0,5,4,4,Champions,1.621917808,2726.022137
13065,373,5,1260.91,10-06-2010 11:44,01-12-2010 16:52,455,548,252.182,1,0.166666667,2,4,4,At_Risk,1.501369863,1893.092274
13066,24,2,470.8,07-11-2011 17:06,15-11-2011 12:57,322,32,235.4,1,0.333333333,4,2,2,New_customers,0.087671233,41.27561644
13067,82,3,508.51,19-09-2010 13:43,18-09-2011 13:38,131,446,169.5033333,0,0,3,3,2,Needs_Attention,1.221917808,621.3574247
13068,10,2,344,24-01-2011 08:20,29-11-2011 15:00,200,320,172,0,0,5,2,2,New_customers,0.876712329,301.5890411
13069,1,38,9683.13,14-06-2010 14:27,09-12-2011 08:39,15404,543,254.8192105,4,0.095238095,5,5,5,Champions,1.487671233,14405.31395
13070,192,4,751.7,07-12-2009 14:44,31-05-2011 13:45,372,732,187.925,1,0.2,2,3,3,At_Risk,2.005479452,1507.518904
13071,612,1,129.22,06-04-2010 13:37,06-04-2010 13:37,30,612,129.22,0,0,1,1,1,lost,1.676712329,216.6647671
13072,267,1,177.15,18-03-2011 08:12,18-03-2011 08:12,69,267,177.15,0,0,2,1,1,lost,0.731506849,129.5864384
13073,411,2,418.08,28-09-2010 09:27,24-10-2010 14:06,261,438,209.04,0,0,1,2,2,lost,1.2,501.696
13074,511,4,1378.74,16-12-2009 11:46,16-07-2010 16:53,826,724,344.685,1,0.2,1,3,4,At_Risk,1.983561644,2734.815781
13075,130,1,919.61,02-08-2011 10:19,02-08-2011 10:19,485,130,919.61,0,0,3,1,3,Needs_Attention,0.356164384,327.5323288
13076,458,1,135.4,08-09-2010 10:27,08-09-2010 10:27,44,458,135.4,0,0,1,1,1,lost,1.254794521,169.8991781
13077,1,11,3064.67,11-12-2009 11:17,08-12-2011 19:24,2785,729,278.6063636,3,0.214285714,5,5,5,Champions,1.997260274,6120.943644
13078,3,57,29532.45,01-12-2009 09:06,06-12-2011 15:36,12183,739,518.1131579,38,0.4,5,5,5,Champions,2.024657534,59793.0974
13079,4,6,419.18,18-10-2010 14:15,05-12-2011 16:53,158,417,69.86333333,0,0,5,4,2,Needs_Attention,1.142465753,478.8987945
13080,179,4,280.73,09-04-2010 13:07,13-06-2011 14:59,193,609,70.1825,1,0.2,3,3,1,Needs_Attention,1.668493151,468.3960822
13081,12,28,59205.15,08-12-2009 13:58,28-11-2011 10:54,41423,731,2114.469643,16,0.363636364,5,5,5,Champions,2.002739726,118572.5059
13082,126,21,7335.75,22-12-2009 15:37,05-08-2011 16:16,8466,717,349.3214286,4,0.16,3,5,5,Loyal_customers,1.964383562,14410.22671
13083,4,3,395.43,10-10-2010 13:38,05-12-2011 15:01,307,425,131.81,0,0,5,3,2,Needs_Attention,1.164383562,460.4321918
13084,492,1,122.4,05-08-2010 08:49,05-08-2010 08:49,144,492,122.4,1,0.5,1,1,1,lost,1.347945205,164.9884932
13085,158,8,2433.28,01-12-2009 07:45,05-07-2011 12:11,944,739,304.16,2,0.2,3,4,4,Loyal_customers,2.024657534,4926.558685
13086,383,1,439.33,22-11-2010 10:28,22-11-2010 10:28,155,383,439.33,0,0,2,1,2,lost,1.049315068,460.995589
13087,726,1,313.64,13-12-2009 15:16,13-12-2009 15:16,86,726,313.64,0,0,1,1,2,lost,1.989041096,623.8428493
13088,417,1,236.11,18-10-2010 15:35,18-10-2010 15:35,76,417,236.11,0,0,1,1,1,lost,1.142465753,269.747589
13089,3,203,116737.86,02-12-2009 15:44,07-12-2011 09:02,60229,737,575.0633498,44,0.178137652,5,5,5,Champions,2.019178082,235714.5283
13090,9,24,14103.09,02-08-2010 13:58,01-12-2011 12:39,3445,494,587.62875,6,0.2,5,5,5,Champions,1.353424658,19087.46975
13091,28,3,2321.82,10-12-2009 11:50,11-11-2011 15:54,1339,730,773.94,3,0.5,4,3,4,Loyal_customers,2,4643.64
13092,71,12,2140.28,10-02-2010 08:44,30-09-2011 11:18,664,668,178.3566667,3,0.2,3,5,4,Loyal_customers,1.830136986,3917.005589
13093,276,55,54943.65,04-12-2009 10:32,09-03-2011 12:14,26227,736,998.9754545,33,0.375,2,5,5,At_Risk,2.016438356,110790.4833
13094,21,13,2433.12,15-11-2010 14:15,18-11-2011 14:07,2088,389,187.1630769,4,0.235294118,4,5,4,Champions,1.065753425,2593.105973
13095,71,1,74.4,30-09-2011 12:03,30-09-2011 12:03,144,71,74.4,0,0,3,1,1,Needs_Attention,0.194520548,14.47232877
13096,394,1,419.7,10-11-2010 14:08,10-11-2010 14:08,6,394,419.7,0,0,2,1,2,lost,1.079452055,453.0460274
13097,33,28,13389.22,01-12-2009 13:31,07-11-2011 10:43,5396,738,478.1864286,12,0.3,4,5,5,Champions,2.021917808,27071.90236
13098,1,28,28882.44,26-01-2011 13:46,08-12-2011 14:14,15968,317,1031.515714,13,0.317073171,5,5,5,Champions,0.868493151,25084.20132
13099,99,1,207.36,01-09-2011 17:40,01-09-2011 17:40,288,99,207.36,0,0,3,1,1,Needs_Attention,0.271232877,56.24284932
13101,234,4,695.4,27-01-2010 15:49,19-04-2011 14:37,478,681,173.85,0,0,2,3,3,At_Risk,1.865753425,1297.444932
13102,1,37,11696.92,06-05-2010 13:12,08-12-2011 12:52,6576,582,316.132973,5,0.119047619,5,5,5,Champions,1.594520548,18650.97929
13103,40,3,709.64,11-05-2010 14:41,31-10-2011 09:38,426,577,236.5466667,0,0,4,3,3,Loyal_customers,1.580821918,1121.814466
13104,3,9,1709.1,24-02-2010 15:06,06-12-2011 13:10,834,653,189.9,0,0,5,5,4,Champions,1.789041096,3057.650137
13105,436,1,72,29-09-2010 13:41,29-09-2010 13:41,100,436,72,0,0,1,1,1,lost,1.194520548,86.00547945
13106,133,2,603.46,22-10-2010 13:10,29-07-2011 15:12,231,413,301.73,1,0.333333333,3,2,2,Needs_Attention,1.131506849,682.8191233
13107,44,9,5253.07,04-02-2010 10:50,26-10-2011 14:52,4316,674,583.6744444,6,0.4,4,5,5,Champions,1.846575342,9700.189534
13108,373,2,1098.52,30-09-2010 17:09,02-12-2010 10:35,1043,435,549.26,0,0,2,2,3,Needs_Attention,1.191780822,1309.195068
13109,60,3,1134.03,06-06-2010 12:59,11-10-2011 10:16,757,551,378.01,4,0.571428571,3,3,3,Loyal_customers,1.509589041,1711.91926
13110,31,12,2957.47,01-12-2009 14:14,08-11-2011 14:30,763,738,246.4558333,2,0.142857143,4,5,4,Champions,2.021917808,5979.76126
13111,719,1,321.88,21-12-2009 09:00,21-12-2009 09:00,180,719,321.88,0,0,1,1,2,lost,1.969863014,634.0595068
13112,541,1,20.6,16-06-2010 17:03,16-06-2010 17:03,11,541,20.6,2,0.666666667,1,1,1,lost,1.482191781,30.53315068
13113,1,37,18625.73,28-03-2010 16:13,09-12-2011 12:49,4545,621,503.3981081,23,0.383333333,5,5,5,Champions,1.701369863,31689.2557
13114,731,1,234.38,09-12-2009 09:56,09-12-2009 09:56,74,731,234.38,0,0,1,1,1,lost,2.002739726,469.402137
13115,12,10,5494.7,19-04-2010 13:29,28-11-2011 12:38,3934,599,549.47,13,0.565217391,5,5,5,Champions,1.64109589,9017.329589
13116,138,1,501.14,24-07-2011 14:33,24-07-2011 14:33,291,138,501.14,1,0.5,3,1,2,Needs_Attention,0.378082192,189.4721096
13117,22,18,2643.81,26-03-2010 13:50,18-11-2011 12:02,2067,623,146.8783333,1,0.052631579,4,5,4,Champions,1.706849315,4512.585288
13118,20,9,2415.41,26-09-2010 15:46,20-11-2011 12:46,834,439,268.3788889,3,0.25,4,5,4,Champions,1.202739726,2905.109562
13119,669,1,134.9,09-02-2010 08:38,09-02-2010 08:38,110,669,134.9,0,0,1,1,1,lost,1.832876712,247.2550685
13120,239,1,30.6,15-04-2011 10:19,15-04-2011 10:19,12,239,30.6,0,0,2,1,1,lost,0.654794521,20.03671233
13121,269,1,283.73,15-03-2011 16:47,15-03-2011 16:47,252,269,283.73,1,0.5,2,1,1,lost,0.736986301,209.1051233
13122,94,2,922.39,13-04-2011 14:12,06-09-2011 15:53,585,240,461.195,0,0,3,2,3,Needs_Attention,0.657534247,606.5030137
13123,473,2,506.75,28-06-2010 12:43,24-08-2010 10:18,268,530,253.375,0,0,1,2,2,lost,1.452054795,735.8287671
13124,90,4,4782.45,19-11-2010 15:50,11-09-2011 12:45,2783,385,1195.6125,0,0,3,3,5,Loyal_customers,1.054794521,5044.502055
13125,524,1,158.57,04-07-2010 11:58,04-07-2010 11:58,54,524,158.57,0,0,1,1,1,lost,1.435616438,227.6456986
13126,5,13,3998.25,02-03-2010 12:24,05-12-2011 10:00,3409,648,307.5576923,6,0.315789474,5,5,5,Champions,1.775342466,7098.263014
13127,78,1,259.17,23-09-2011 10:26,23-09-2011 10:26,127,78,259.17,0,0,3,1,1,Needs_Attention,0.21369863,55.38427397
13128,631,1,263.5,18-03-2010 15:08,18-03-2010 15:08,31,631,263.5,0,0,1,1,1,lost,1.728767123,455.530137
13129,452,2,233.25,28-06-2010 11:54,13-09-2010 13:47,296,530,116.625,0,0,1,2,1,lost,1.452054795,338.6917808
13130,94,1,64,06-09-2011 15:30,06-09-2011 15:30,32,94,64,0,0,3,1,1,Needs_Attention,0.257534247,16.48219178
13131,23,7,3313.77,09-02-2010 09:47,16-11-2011 13:21,1523,669,473.3957143,1,0.125,4,4,5,Champions,1.832876712,6073.731863
13132,262,1,77.3,23-03-2011 12:44,23-03-2011 12:44,20,262,77.3,0,0,2,1,1,lost,0.717808219,55.48657534
13133,274,3,200.45,06-09-2010 15:30,11-03-2011 10:31,55,459,66.81666667,0,0,2,3,1,At_Risk,1.257534247,252.0727397
13134,86,6,2475.23,19-10-2010 13:21,15-09-2011 10:35,1364,416,412.5383333,3,0.333333333,3,4,4,Loyal_customers,1.139726027,2821.084055
13135,197,2,3371.45,05-08-2010 17:28,27-05-2011 10:52,4423,491,1685.725,0,0,2,2,5,Needs_Attention,1.345205479,4535.293014
13136,56,13,6274.56,08-12-2009 18:30,14-10-2011 13:41,3109,731,482.6584615,11,0.458333333,4,5,5,Champions,2.002739726,12566.31058
13137,11,16,7712.7,25-07-2010 15:40,29-11-2011 12:09,4294,502,482.04375,1,0.058823529,5,5,5,Champions,1.375342466,10607.60384
13138,22,7,1467.24,08-11-2010 11:45,17-11-2011 16:51,718,397,209.6057143,1,0.125,4,4,4,Champions,1.087671233,1595.87474
13139,16,8,8202.98,28-09-2010 09:12,23-11-2011 13:54,4614,438,1025.3725,1,0.111111111,5,4,5,Champions,1.2,9843.576
13140,108,5,1215.68,05-08-2010 19:05,23-08-2011 15:33,648,491,243.136,0,0,3,4,3,Loyal_customers,1.345205479,1635.339397
13141,85,17,7668.58,09-12-2009 13:34,16-09-2011 09:54,5169,730,451.0929412,4,0.19047619,3,5,5,Loyal_customers,2,15337.16
13142,19,1,307.09,20-11-2011 16:07,20-11-2011 16:07,258,19,307.09,0,0,5,1,2,New_customers,0.052054795,15.98550685
13143,585,1,405.1,04-05-2010 12:22,04-05-2010 12:22,198,585,405.1,1,0.5,1,1,2,lost,1.602739726,649.269863
13144,333,2,135.35,04-10-2010 14:14,11-01-2011 11:15,29,431,67.675,0,0,2,2,1,lost,1.180821918,159.8242466
13145,40,7,1423.52,19-04-2010 11:11,31-10-2011 12:45,266,600,203.36,1,0.125,4,4,4,Champions,1.643835616,2340.032877
13146,26,1,228.91,13-11-2011 15:29,13-11-2011 15:29,154,26,228.91,0,0,4,1,1,New_customers,0.071232877,16.30591781
13147,10,4,712.8,01-09-2011 12:28,29-11-2011 13:59,144,100,178.2,0,0,5,3,3,Loyal_customers,0.273972603,195.2876712
13148,29,26,8621.81,07-12-2009 15:26,10-11-2011 15:23,4571,732,331.6080769,10,0.277777778,4,5,5,Champions,2.005479452,17290.86279
13149,14,4,1676.06,23-02-2011 13:57,25-11-2011 13:09,1280,289,419.015,0,0,5,3,4,Loyal_customers,0.791780822,1327.072164
13150,484,3,449.97,19-03-2010 09:03,12-08-2010 12:59,171,631,149.99,1,0.25,1,3,2,At_Risk,1.728767123,777.8933425
13151,296,3,2580.74,22-03-2010 10:26,17-02-2011 12:29,832,628,860.2466667,2,0.4,2,3,4,At_Risk,1.720547945,4440.286904
13152,417,7,2146.38,14-01-2010 10:01,18-10-2010 13:44,977,695,306.6257143,2,0.222222222,1,4,4,At_Risk,1.904109589,4086.94274
13153,6,1,486.22,04-12-2011 12:14,04-12-2011 12:14,418,6,486.22,0,0,5,1,2,New_customers,0.016438356,7.992657534
13154,399,3,1624.84,04-12-2009 08:46,05-11-2010 16:00,976,736,541.6133333,2,0.4,2,3,4,At_Risk,2.016438356,3276.389699
13155,33,6,1750.18,05-08-2010 09:30,06-11-2011 15:41,909,492,291.6966667,0,0,4,4,4,Champions,1.347945205,2359.14674
13156,385,3,1586.54,01-02-2010 13:45,19-11-2010 13:09,914,676,528.8466667,0,0,2,3,4,At_Risk,1.852054795,2938.359014
13157,49,9,5687.36,08-03-2010 11:59,21-10-2011 13:50,4762,642,631.9288889,1,0.1,4,5,5,Champions,1.75890411,10003.52088
13158,95,5,1508.18,16-11-2010 17:12,06-09-2011 11:58,992,388,301.636,0,0,3,4,4,Loyal_customers,1.063013699,1603.216
13159,9,4,1437.85,16-08-2011 11:44,01-12-2011 11:20,1059,116,359.4625,1,0.2,5,3,4,Loyal_customers,0.317808219,456.9605479
13160,22,1,91.8,17-11-2011 13:07,17-11-2011 13:07,56,22,91.8,0,0,4,1,1,New_customers,0.060273973,5.533150685
13161,313,2,478.88,27-07-2010 12:44,30-01-2011 14:03,106,501,239.44,0,0,2,2,2,lost,1.37260274,657.312
13162,122,16,9275.49,04-12-2009 13:59,09-08-2011 15:59,5755,735,579.718125,3,0.157894737,3,5,5,Loyal_customers,2.01369863,18678.04151
13163,610,1,17.65,08-04-2010 16:21,08-04-2010 16:21,3,610,17.65,1,0.5,1,1,1,lost,1.671232877,29.49726027
13164,569,2,372.2,10-02-2010 11:52,19-05-2010 13:52,120,668,186.1,1,0.333333333,1,2,2,lost,1.830136986,681.1769863
13165,46,3,1451.16,22-10-2010 17:04,24-10-2011 15:05,1736,413,483.72,0,0,4,3,4,Loyal_customers,1.131506849,1641.997479
13166,283,2,884.18,21-10-2010 14:29,01-03-2011 15:16,527,414,442.09,1,0.333333333,2,2,3,Needs_Attention,1.134246575,1002.878137
13167,19,5,1125.15,14-11-2010 12:58,21-11-2011 12:24,1007,390,225.03,0,0,5,4,3,Loyal_customers,1.068493151,1202.215068
13168,36,5,1875.31,15-06-2010 15:00,03-11-2011 12:56,912,542,375.062,1,0.166666667,4,4,4,Champions,1.484931507,2784.706904
13169,64,3,840.08,26-05-2010 15:58,07-10-2011 12:11,296,562,280.0266667,0,0,3,3,3,Loyal_customers,1.539726027,1293.493041
13170,27,1,116.01,13-11-2011 12:19,13-11-2011 12:19,147,27,116.01,0,0,4,1,1,New_customers,0.073972603,8.581561644
13171,22,3,468.41,13-02-2011 14:16,18-11-2011 10:27,229,299,156.1366667,2,0.4,4,3,2,Needs_Attention,0.819178082,383.7112055
13172,400,1,69.6,04-11-2010 15:10,04-11-2010 15:10,48,400,69.6,0,0,2,1,1,lost,1.095890411,76.2739726
13173,4,11,2639.35,10-12-2009 12:52,05-12-2011 15:51,1620,729,239.9409091,2,0.153846154,5,5,4,Champions,1.997260274,5271.468904
13174,16,12,9494.84,04-12-2009 15:40,23-11-2011 14:35,4541,735,791.2366667,0,0,5,5,5,Champions,2.01369863,19119.7463
13175,582,2,831.45,04-12-2009 12:11,06-05-2010 13:13,423,736,415.725,2,0.5,1,2,3,Needs_Attention,2.016438356,1676.567671
13176,46,1,492.84,24-10-2011 15:43,24-10-2011 15:43,453,46,492.84,0,0,4,1,2,New_customers,0.126027397,62.11134247
13177,65,2,512.2,05-10-2010 10:35,06-10-2011 09:56,180,431,256.1,0,0,3,2,2,Needs_Attention,1.180821918,604.8169863
13178,26,21,14059.19,16-12-2009 14:00,13-11-2011 16:14,8778,723,669.4852381,4,0.16,4,5,5,Champions,1.980821918,27848.7517
13179,619,1,572.31,31-03-2010 11:40,31-03-2010 11:40,368,619,572.31,0,0,1,1,2,lost,1.695890411,970.5750411
13180,607,1,86.1,11-04-2010 13:37,11-04-2010 13:37,42,607,86.1,0,0,1,1,1,lost,1.663013699,143.1854795
13181,381,1,359.69,23-11-2010 15:05,23-11-2010 15:05,171,381,359.69,0,0,2,1,2,lost,1.043835616,375.4572329
13182,45,1,121.18,25-10-2011 13:46,25-10-2011 13:46,201,45,121.18,0,0,4,1,1,New_customers,0.123287671,14.94
13183,8,15,7036.18,14-03-2010 12:32,02-12-2011 10:30,4027,636,469.0786667,3,0.166666667,5,5,5,Champions,1.742465753,12260.30268
13184,15,10,1701.29,22-02-2011 17:25,25-11-2011 12:02,1692,290,170.129,2,0.166666667,5,5,4,Champions,0.794520548,1351.709863
13185,268,1,71.4,17-03-2011 11:56,17-03-2011 11:56,12,268,71.4,0,0,2,1,1,lost,0.734246575,52.42520548
13186,40,3,1575.89,03-08-2011 09:09,31-10-2011 11:40,820,129,525.2966667,2,0.4,4,3,4,Loyal_customers,0.353424658,556.9583836
13187,337,4,367.01,25-03-2010 17:18,06-01-2011 18:57,375,624,91.7525,1,0.2,2,3,2,At_Risk,1.709589041,627.436274
13188,11,1,114.6,28-11-2011 15:28,28-11-2011 15:28,25,11,114.6,0,0,5,1,1,New_customers,0.030136986,3.45369863
13189,19,2,260.68,16-08-2011 13:12,21-11-2011 10:39,842,115,130.34,0,0,5,2,1,New_customers,0.315068493,82.13205479
13190,544,3,570.66,07-12-2009 12:13,13-06-2010 15:47,308,733,190.22,1,0.25,1,3,2,At_Risk,2.008219178,1146.010356
13191,658,1,164.69,19-02-2010 17:02,19-02-2010 17:02,115,658,164.69,0,0,1,1,1,lost,1.802739726,296.8932055
13192,95,6,2558.58,22-01-2010 08:37,05-09-2011 14:13,1629,687,426.43,2,0.25,3,4,4,Loyal_customers,1.882191781,4815.738247
13193,61,1,117.88,09-10-2011 14:30,09-10-2011 14:30,50,61,117.88,0,0,3,1,1,Needs_Attention,0.167123288,19.70049315
13194,136,2,472.78,14-10-2010 11:54,27-07-2011 09:01,326,422,236.39,0,0,3,2,2,Needs_Attention,1.156164384,546.6113973
13195,414,1,172.38,21-10-2010 13:07,21-10-2010 13:07,83,414,172.38,0,0,1,1,1,lost,1.134246575,195.5214247
13196,11,7,3068.84,01-04-2010 12:54,28-11-2011 13:54,2006,617,438.4057143,1,0.125,5,4,5,Champions,1.690410959,5187.600767
13197,610,1,373.01,09-04-2010 09:14,09-04-2010 09:14,204,610,373.01,0,0,1,1,2,lost,1.671232877,623.3865753
13198,10,8,4974.23,01-10-2010 13:27,29-11-2011 15:17,3449,434,621.77875,4,0.333333333,5,4,5,Champions,1.189041096,5914.56389
13199,4,67,16432.89,05-12-2009 10:11,06-12-2011 12:30,12019,735,245.2670149,2,0.028985507,5,5,5,Champions,2.01369863,33090.88808
13200,19,4,870.09,05-08-2011 14:50,20-11-2011 15:35,516,126,217.5225,0,0,5,3,3,Loyal_customers,0.345205479,300.3598356
13201,502,4,1240.61,07-03-2010 11:01,25-07-2010 14:30,1039,643,310.1525,0,0,1,3,3,At_Risk,1.761643836,2185.512959
13202,394,7,1580.3,09-12-2009 10:48,10-11-2010 16:24,572,731,225.7571429,1,0.125,2,4,4,At_Risk,2.002739726,3164.929589
13203,10,10,2648.25,17-12-2009 14:15,30-11-2011 10:45,2413,722,264.825,1,0.090909091,5,5,4,Champions,1.978082192,5238.456164
13204,731,1,966.66,08-12-2009 14:56,08-12-2009 14:56,428,731,966.66,0,0,1,1,3,Needs_Attention,2.002739726,1935.968384
13205,443,1,2803.2,22-09-2010 16:26,22-09-2010 16:26,256,443,2803.2,0,0,1,1,4,Needs_Attention,1.21369863,3402.24
13206,400,13,8377.32,07-12-2009 13:48,04-11-2010 16:50,7155,732,644.4092308,2,0.133333333,2,5,5,At_Risk,2.005479452,16800.54312
13207,15,4,535.86,06-04-2010 16:37,24-11-2011 14:52,178,612,133.965,0,0,5,3,2,Needs_Attention,1.676712329,898.4830685
13208,59,9,1988.5,03-12-2009 13:25,12-10-2011 09:54,1345,736,220.9444444,1,0.1,4,5,4,Champions,2.016438356,4009.687671
13209,30,13,8509.51,24-01-2010 14:30,09-11-2011 13:54,5781,684,654.5776923,3,0.1875,4,5,5,Champions,1.873972603,15946.5886
13210,94,1,353.48,07-09-2011 08:18,07-09-2011 08:18,316,94,353.48,0,0,3,1,2,Needs_Attention,0.257534247,91.03320548
13211,10,10,2729.32,06-12-2009 15:24,29-11-2011 14:43,1890,733,272.932,2,0.166666667,5,5,4,Champions,2.008219178,5481.072767
13212,20,3,788.08,09-10-2011 14:48,20-11-2011 12:40,310,61,262.6933333,1,0.25,4,3,3,Loyal_customers,0.167123288,131.7065205
13213,57,11,3851.52,20-05-2010 14:50,14-10-2011 11:42,2962,568,350.1381818,3,0.214285714,4,5,5,Champions,1.556164384,5993.598247
13214,418,7,3264.23,03-03-2010 14:10,18-10-2010 10:00,2966,646,466.3185714,0,0,1,4,5,At_Risk,1.769863014,5777.239945
13215,402,1,81.6,02-11-2010 18:26,02-11-2010 18:26,96,402,81.6,0,0,2,1,1,lost,1.101369863,89.87178082
13216,268,1,333.74,17-03-2011 12:18,17-03-2011 12:18,297,268,333.74,0,0,2,1,2,lost,0.734246575,245.0474521
13217,122,4,666.48,22-02-2010 12:49,09-08-2011 15:32,512,656,166.62,2,0.333333333,3,3,3,Loyal_customers,1.797260274,1197.838027
13218,127,1,62.64,04-08-2011 16:59,04-08-2011 16:59,88,127,62.64,0,0,3,1,1,Needs_Attention,0.347945205,21.79528767
13219,618,1,76.23,31-03-2010 14:18,31-03-2010 14:18,11,618,76.23,0,0,1,1,1,lost,1.693150685,129.0688767
13220,78,5,1336.09,13-05-2010 10:35,22-09-2011 13:38,396,576,267.218,0,0,3,4,4,Loyal_customers,1.578082192,2108.459836
13221,240,2,847.41,15-12-2010 13:24,13-04-2011 16:58,244,359,423.705,0,0,2,2,3,Needs_Attention,0.983561644,833.4799726
13222,577,1,88.5,11-05-2010 13:54,11-05-2010 13:54,30,577,88.5,0,0,1,1,1,lost,1.580821918,139.9027397
13223,200,6,969.12,12-02-2010 13:27,23-05-2011 13:03,568,665,161.52,0,0,2,4,3,At_Risk,1.821917808,1765.656986
13224,60,2,2155.95,11-07-2011 14:10,10-10-2011 14:55,1518,151,1077.975,1,0.333333333,3,2,4,Needs_Attention,0.41369863,891.9135616
13225,3,16,16260.07,17-12-2009 09:09,06-12-2011 13:29,7401,723,1016.254375,1,0.058823529,5,5,5,Champions,1.980821918,32208.30304
13226,273,2,312.46,11-11-2010 13:46,11-03-2011 14:35,179,393,156.23,0,0,2,2,2,lost,1.076712329,336.4295342
13227,202,1,257.7,22-05-2011 11:47,22-05-2011 11:47,99,202,257.7,0,0,2,1,1,lost,0.553424658,142.6175342
13228,81,1,358,19-09-2011 14:28,19-09-2011 14:28,200,81,358,0,0,3,1,2,Needs_Attention,0.221917808,79.44657534
13229,226,1,160.95,28-04-2011 12:07,28-04-2011 12:07,63,226,160.95,0,0,2,1,1,lost,0.619178082,99.65671233
13230,4,30,6360.78,18-03-2010 20:02,05-12-2011 16:03,3635,631,212.026,1,0.032258065,5,5,5,Champions,1.728767123,10996.30734
13232,13,7,1357.6,10-04-2011 13:48,27-11-2011 10:39,778,243,193.9428571,0,0,5,4,4,Champions,0.665753425,903.8268493
13233,74,4,1176.46,14-01-2010 14:10,26-09-2011 13:25,1604,694,294.115,0,0,3,3,3,Loyal_customers,1.901369863,2236.885589
13234,673,2,356.95,07-12-2009 12:32,05-02-2010 11:41,162,733,178.475,0,0,1,2,2,lost,2.008219178,716.8338356
13235,212,1,1031.07,11-05-2011 17:13,11-05-2011 17:13,441,212,1031.07,1,0.5,2,1,3,Needs_Attention,0.580821918,598.8680548
13236,25,2,744.85,25-08-2011 08:58,15-11-2011 12:50,416,107,372.425,1,0.333333333,4,2,3,New_customers,0.293150685,218.3532877
13237,388,1,643,17-11-2010 10:07,17-11-2010 10:07,128,388,643,0,0,2,1,3,Needs_Attention,1.063013699,683.5178082
13238,17,6,1006.63,28-04-2010 15:02,22-11-2011 15:37,442,590,167.7716667,1,0.142857143,5,4,3,Loyal_customers,1.616438356,1627.155342
13239,262,5,1594.69,25-07-2010 13:34,23-03-2011 10:25,1151,502,318.938,1,0.166666667,2,4,4,At_Risk,1.375342466,2193.244877
13240,96,8,1738.52,25-02-2010 13:17,04-09-2011 14:08,859,652,217.315,1,0.111111111,3,4,4,Loyal_customers,1.78630137,3105.520658
13241,412,1,115.58,24-10-2010 11:17,24-10-2010 11:17,48,412,115.58,0,0,1,1,1,lost,1.128767123,130.4629041
13242,112,7,699.4,09-02-2010 13:12,19-08-2011 12:53,350,668,99.91428571,0,0,3,4,3,Loyal_customers,1.830136986,1279.997808
13243,203,5,1278.04,18-03-2010 13:10,20-05-2011 13:14,579,631,255.608,0,0,2,4,4,At_Risk,1.728767123,2209.433534
13244,93,1,121.74,08-09-2011 11:46,08-09-2011 11:46,38,93,121.74,0,0,3,1,1,Needs_Attention,0.254794521,31.01868493
13245,51,2,989.22,03-10-2010 14:03,20-10-2011 11:40,371,432,494.61,0,0,4,2,3,New_customers,1.183561644,1170.802849
13246,18,11,3387.43,02-07-2010 13:36,21-11-2011 16:50,2815,525,307.9481818,3,0.214285714,5,5,5,Champions,1.438356164,4872.330822
13247,18,4,501.12,18-09-2011 11:31,22-11-2011 10:59,328,83,125.28,0,0,5,3,2,Needs_Attention,0.22739726,113.9533151
13248,125,2,465.68,03-06-2011 13:05,07-08-2011 12:40,305,189,232.84,0,0,3,2,2,Needs_Attention,0.517808219,241.1329315
13249,92,9,1608.93,24-01-2010 12:11,08-09-2011 13:26,1246,685,178.77,0,0,3,5,4,Loyal_customers,1.876712329,3019.498767
13250,461,2,256.04,25-07-2010 14:01,05-09-2010 11:33,108,502,128.02,1,0.333333333,1,2,1,lost,1.375342466,352.1426849
13251,402,1,252.68,02-11-2010 13:20,02-11-2010 13:20,215,402,252.68,0,0,2,1,1,lost,1.101369863,278.294137
13252,394,2,399.3,24-03-2010 10:30,10-11-2010 16:00,134,626,199.65,1,0.333333333,2,2,2,lost,1.715068493,684.8268493
13253,157,4,2951.11,05-01-2010 12:13,06-07-2011 10:09,3015,704,737.7775,0,0,3,3,4,Loyal_customers,1.928767123,5692.003945
13254,376,1,51.41,28-11-2010 15:42,28-11-2010 15:42,43,376,51.41,0,0,2,1,1,lost,1.030136986,52.95934247
13255,9,3,904.46,15-07-2010 13:20,30-11-2011 13:14,517,512,301.4866667,1,0.25,5,3,3,Loyal_customers,1.402739726,1268.721973
13257,436,1,149.75,29-09-2010 14:58,29-09-2010 14:58,33,436,149.75,2,0.666666667,1,1,1,lost,1.194520548,178.8794521
13258,12,5,1035.18,04-11-2010 12:45,28-11-2011 09:31,451,401,207.036,0,0,5,4,3,Loyal_customers,1.098630137,1137.279945
13259,62,9,1433.38,10-01-2010 10:26,09-10-2011 10:48,517,699,159.2644444,0,0,3,5,4,Loyal_customers,1.915068493,2745.020877
13260,61,1,557.62,09-10-2011 13:21,09-10-2011 13:21,142,61,557.62,0,0,3,1,2,Needs_Attention,0.167123288,93.19128767
13261,269,2,944.1,27-02-2011 10:41,16-03-2011 12:22,210,286,472.05,0,0,2,2,3,Needs_Attention,0.783561644,739.7605479
13262,263,3,573.45,18-04-2010 12:14,21-03-2011 15:06,247,601,191.15,0,0,2,3,2,At_Risk,1.646575342,944.2286301
13263,1,39,8704.69,22-10-2010 17:07,08-12-2011 13:59,5390,413,223.1971795,0,0,5,5,5,Champions,1.131506849,9849.416356
13264,443,1,722.56,23-09-2010 12:42,23-09-2010 12:42,375,443,722.56,0,0,1,1,3,Needs_Attention,1.21369863,876.9700822
13265,53,5,2107.66,11-03-2011 09:54,17-10-2011 15:02,1752,274,421.532,0,0,4,4,4,Champions,0.750684932,1582.188603
13266,11,19,6135.04,17-12-2009 10:52,28-11-2011 14:39,6837,723,322.8968421,11,0.366666667,5,5,5,Champions,1.980821918,12152.4217
13267,3,36,9758.26,07-12-2009 16:56,07-12-2011 11:12,4104,732,271.0627778,14,0.28,5,5,5,Champions,2.005479452,19569.98992
13268,18,11,3214.69,17-03-2011 13:20,22-11-2011 11:51,3658,267,292.2445455,4,0.266666667,5,5,5,Champions,0.731506849,2351.567753
13269,1,28,8891.7,02-12-2009 11:47,08-12-2011 14:53,6564,738,317.5607143,2,0.066666667,5,5,5,Champions,2.021917808,17978.28658
13270,366,1,1180,08-12-2010 14:53,08-12-2010 14:53,400,366,1180,0,0,2,1,3,Needs_Attention,1.002739726,1183.232877
13271,37,1,217.38,02-11-2011 14:31,02-11-2011 14:31,253,37,217.38,1,0.5,4,1,1,New_customers,0.101369863,22.03578082
13272,31,2,276.56,11-09-2011 12:06,08-11-2011 14:00,96,90,138.28,0,0,4,2,1,New_customers,0.246575342,68.19287671
13273,113,1,138.98,18-08-2011 14:02,18-08-2011 14:02,153,113,138.98,0,0,3,1,1,Needs_Attention,0.309589041,43.02668493
13274,409,1,360.85,26-10-2010 13:48,26-10-2010 13:48,199,409,360.85,0,0,2,1,2,lost,1.120547945,404.349726
13275,384,2,241.66,17-03-2010 14:05,21-11-2010 12:09,140,632,120.83,0,0,2,2,1,lost,1.731506849,418.4359452
13276,64,5,1939.26,07-03-2010 14:05,07-10-2011 12:44,855,642,387.852,2,0.285714286,3,4,4,Loyal_customers,1.75890411,3410.972384
13277,16,7,523.3,18-06-2010 08:45,24-11-2011 09:21,382,540,74.75714286,0,0,5,4,2,Needs_Attention,1.479452055,774.1972603
13278,41,4,1435.85,08-04-2010 11:59,30-10-2011 11:49,1358,611,358.9625,1,0.2,4,3,4,Loyal_customers,1.673972603,2403.573562
13279,78,1,137.75,22-09-2011 17:24,22-09-2011 17:24,73,78,137.75,1,0.5,3,1,1,Needs_Attention,0.21369863,29.4369863
13280,122,7,2322.63,05-03-2010 09:07,09-08-2011 13:14,1495,645,331.8042857,1,0.125,3,4,4,Loyal_customers,1.767123288,4104.373562
13281,439,1,350.85,26-09-2010 16:03,26-09-2010 16:03,201,439,350.85,2,0.666666667,1,1,2,lost,1.202739726,421.9812329
13282,18,4,1313.19,29-10-2010 14:11,21-11-2011 15:33,410,406,328.2975,3,0.428571429,5,3,4,Loyal_customers,1.112328767,1460.699014
13283,60,4,373.36,09-03-2010 14:36,11-10-2011 09:50,204,640,93.34,0,0,3,3,2,Needs_Attention,1.753424658,654.6586301
13284,331,1,201.19,13-01-2011 09:23,13-01-2011 09:23,91,331,201.19,1,0.5,2,1,1,lost,0.906849315,182.4490137
13285,23,6,3364.59,25-03-2010 14:26,16-11-2011 13:19,2457,624,560.765,0,0,4,4,5,Champions,1.709589041,5752.066192
13286,600,1,734.91,18-04-2010 15:35,18-04-2010 15:35,274,600,734.91,0,0,1,1,3,Needs_Attention,1.643835616,1208.071233
13287,603,3,781.59,04-01-2010 10:43,15-04-2010 15:26,429,705,260.53,4,0.571428571,1,3,3,At_Risk,1.931506849,1509.646438
13288,443,5,927.61,11-02-2010 14:59,22-09-2010 16:32,379,666,185.522,1,0.166666667,1,4,3,At_Risk,1.824657534,1692.570575
13289,724,1,307.95,16-12-2009 11:53,16-12-2009 11:53,119,724,307.95,0,0,1,1,2,lost,1.983561644,610.8378082
13290,438,1,208.63,27-09-2010 16:29,27-09-2010 16:29,1,438,208.63,2,0.666666667,1,1,1,lost,1.2,250.356
13291,156,11,3320.84,11-02-2010 18:36,07-07-2011 10:36,1619,666,301.8945455,0,0,3,5,5,Loyal_customers,1.824657534,6059.395726
13292,39,5,994.51,01-07-2010 14:36,01-11-2011 10:04,530,526,198.902,1,0.166666667,4,4,3,Loyal_customers,1.44109589,1433.184274
13293,392,6,1192.94,09-02-2010 12:05,12-11-2010 13:28,555,669,198.8233333,1,0.142857143,2,4,3,At_Risk,1.832876712,2186.511945
13294,190,3,1689.53,03-03-2010 12:54,03-06-2011 08:54,996,646,563.1766667,0,0,2,3,4,At_Risk,1.769863014,2990.236658
13295,360,4,1101.97,12-05-2010 09:13,15-12-2010 11:21,733,577,275.4925,5,0.555555556,2,3,3,At_Risk,1.580821918,1742.018329
13296,137,6,792.51,11-05-2010 14:29,25-07-2011 13:46,653,577,132.085,0,0,3,4,3,Loyal_customers,1.580821918,1252.817178
13297,8,7,4368.62,15-06-2010 12:35,02-12-2011 09:32,2694,543,624.0885714,1,0.125,5,4,5,Champions,1.487671233,6499.070301
13298,1,1,360,08-12-2011 13:11,08-12-2011 13:11,96,1,360,0,0,5,1,2,New_customers,0.002739726,0.98630137
13299,268,3,1218.7,29-06-2010 11:30,16-03-2011 12:55,416,529,406.2333333,2,0.4,2,3,3,At_Risk,1.449315068,1766.280274
13300,169,3,1285.51,14-05-2010 15:56,23-06-2011 13:09,455,574,428.5033333,2,0.4,3,3,4,Loyal_customers,1.57260274,2021.596548
13301,104,4,618.09,20-02-2011 13:13,28-08-2011 11:25,345,292,154.5225,0,0,3,3,2,Needs_Attention,0.8,494.472
13302,155,2,159.2,01-07-2010 12:32,07-07-2011 17:56,12,527,79.6,0,0,3,2,1,Needs_Attention,1.443835616,229.8586301
13303,400,1,61.72,04-11-2010 14:55,04-11-2010 14:55,26,400,61.72,0,0,2,1,1,lost,1.095890411,67.63835616
13304,351,4,1217.99,08-02-2010 12:42,23-12-2010 14:35,716,670,304.4975,3,0.428571429,2,3,3,At_Risk,1.835616438,2235.762466
13305,4,16,3754.71,10-03-2010 14:49,05-12-2011 15:15,2361,639,234.669375,0,0,5,5,5,Champions,1.750684932,6573.314219
13306,430,1,53.65,05-10-2010 14:55,05-10-2010 14:55,74,430,53.65,0,0,1,1,1,lost,1.178082192,63.20410959
13307,120,3,273.34,26-04-2010 13:28,11-08-2011 17:14,140,592,91.11333333,0,0,3,3,1,Needs_Attention,1.621917808,443.3350137
13308,23,4,1670.37,22-04-2010 09:22,17-11-2011 09:31,1073,597,417.5925,1,0.2,4,3,4,Loyal_customers,1.635616438,2732.08463
13309,7,6,1706.37,12-11-2010 12:10,02-12-2011 16:34,1914,393,284.395,0,0,5,4,4,Champions,1.076712329,1837.269616
13310,28,5,1541.2,02-11-2010 17:03,11-11-2011 17:23,816,402,308.24,3,0.375,4,4,4,Champions,1.101369863,1697.431233
13311,4,2,598.57,12-07-2011 14:26,05-12-2011 12:55,305,150,299.285,0,0,5,2,2,New_customers,0.410958904,245.9876712
13312,451,1,124.75,14-09-2010 14:36,14-09-2010 14:36,41,451,124.75,0,0,1,1,1,lost,1.235616438,154.1431507
13313,22,12,3445.32,02-12-2009 16:18,17-11-2011 16:48,2308,737,287.11,3,0.2,4,5,5,Champions,2.019178082,6956.71463
13314,2,3,775.94,27-09-2011 10:20,08-12-2011 12:29,560,74,258.6466667,1,0.25,5,3,3,Loyal_customers,0.202739726,157.313863
13315,689,1,310.26,19-01-2010 15:34,19-01-2010 15:34,232,689,310.26,0,0,1,1,2,lost,1.887671233,585.6688767
13316,37,10,13191.57,10-03-2010 10:01,02-11-2011 13:40,21372,640,1319.157,2,0.166666667,4,5,5,Champions,1.753424658,23130.42411
13317,66,19,6486.091,13-12-2009 11:11,04-10-2011 13:35,3149,727,341.3732105,12,0.387096774,3,5,5,Loyal_customers,1.991780822,12918.87166
13318,1,3,640.76,02-11-2011 13:26,08-12-2011 18:51,304,37,213.5866667,0,0,5,3,3,Loyal_customers,0.101369863,64.95375342
13319,5,58,22082.5,06-12-2009 14:46,04-12-2011 13:34,9270,733,380.7327586,20,0.256410256,5,5,5,Champions,2.008219178,44346.5
13320,78,6,2228.1,18-08-2010 10:29,22-09-2011 18:07,1519,479,371.35,3,0.333333333,3,4,4,Loyal_customers,1.312328767,2923.999726
13321,72,2,567.36,14-09-2011 15:18,28-09-2011 15:24,372,86,283.68,0,0,3,2,2,Needs_Attention,0.235616438,133.6793425
13322,17,1,199.48,22-11-2011 14:21,22-11-2011 14:21,117,17,199.48,0,0,5,1,1,New_customers,0.046575342,9.290849315
13323,3,5,787.85,16-09-2011 13:23,06-12-2011 17:12,175,84,157.57,0,0,5,4,3,Loyal_customers,0.230136986,181.3134247
13324,36,18,10513.47,25-05-2010 10:23,03-11-2011 16:28,8448,564,584.0816667,5,0.217391304,4,5,5,Champions,1.545205479,16245.47145
13325,82,1,675.3,19-09-2011 10:36,19-09-2011 10:36,240,82,675.3,0,0,3,1,3,Needs_Attention,0.224657534,151.7112329
13326,432,1,281.76,03-10-2010 16:00,03-10-2010 16:00,140,432,281.76,0,0,1,1,1,lost,1.183561644,333.4803288
13327,39,20,9879.48,18-12-2009 15:35,01-11-2011 10:21,4479,721,493.974,2,0.090909091,4,5,5,Champions,1.975342466,19515.35638
13328,316,1,1308.48,27-01-2011 15:22,27-01-2011 15:22,680,316,1308.48,0,0,2,1,4,Needs_Attention,0.865753425,1132.821041
13329,32,8,5112.97,04-12-2009 15:41,08-11-2011 10:29,3486,735,639.12125,6,0.428571429,4,4,5,Champions,2.01369863,10295.98068
13330,93,6,2806.18,23-02-2010 10:12,08-09-2011 12:27,1975,655,467.6966667,0,0,3,4,4,Loyal_customers,1.794520548,5035.747671
13331,402,1,262.4,03-11-2010 08:04,03-11-2010 08:04,54,402,262.4,0,0,2,1,1,lost,1.101369863,288.9994521
13332,14,1,350.9,25-11-2011 13:30,25-11-2011 13:30,179,14,350.9,0,0,5,1,2,New_customers,0.038356164,13.45917808
13333,411,3,1015.74,19-02-2010 09:26,24-10-2010 13:24,685,659,338.58,0,0,1,3,3,At_Risk,1.805479452,1833.897699
13334,82,5,6263.75,25-02-2010 12:21,18-09-2011 15:21,3227,653,1252.75,1,0.166666667,3,4,5,Loyal_customers,1.789041096,11206.10616
13336,77,1,795.12,23-09-2011 14:05,23-09-2011 14:05,559,77,795.12,0,0,3,1,3,Needs_Attention,0.210958904,167.7376438
13337,546,1,1575.26,11-06-2010 13:27,11-06-2010 13:27,980,546,1575.26,1,0.5,1,1,4,Needs_Attention,1.495890411,2356.416329
13338,158,4,2445.62,05-01-2010 12:25,05-07-2011 09:06,1151,704,611.405,6,0.6,3,3,4,Loyal_customers,1.928767123,4717.031452
13339,201,1,860.12,23-05-2011 08:31,23-05-2011 08:31,326,201,860.12,0,0,2,1,3,Needs_Attention,0.550684932,473.6551233
13340,45,12,22100.56,22-02-2010 14:54,25-10-2011 13:15,9636,655,1841.713333,0,0,4,5,5,Champions,1.794520548,39659.90904
13341,261,1,775.85,24-03-2011 09:50,24-03-2011 09:50,301,261,775.85,0,0,2,1,3,Needs_Attention,0.715068493,554.7858904
13343,178,1,353.43,15-06-2011 12:24,15-06-2011 12:24,135,178,353.43,1,0.5,3,1,2,Needs_Attention,0.487671233,172.3576438
13344,68,3,2543.72,07-03-2011 10:28,03-10-2011 09:45,971,278,847.9066667,0,0,3,3,4,Loyal_customers,0.761643836,1937.408658
13345,288,1,389.5,25-02-2011 09:01,25-02-2011 09:01,141,288,389.5,1,0.5,2,1,2,lost,0.789041096,307.3315068
13346,463,6,299.4,22-04-2010 12:34,03-09-2010 11:41,180,597,49.9,0,0,1,4,2,At_Risk,1.635616438,489.7035616
13347,70,1,341.36,30-09-2011 13:28,30-09-2011 13:28,205,70,341.36,0,0,3,1,2,Needs_Attention,0.191780822,65.46630137
13348,64,1,233.76,06-10-2011 17:28,06-10-2011 17:28,136,64,233.76,0,0,3,1,1,Needs_Attention,0.175342466,40.98805479
13349,11,1,247.32,29-11-2011 08:07,29-11-2011 08:07,225,11,247.32,0,0,5,1,1,New_customers,0.030136986,7.453479452
13350,16,2,979.12,21-09-2011 13:33,23-11-2011 16:33,287,79,489.56,1,0.333333333,5,2,3,New_customers,0.216438356,211.9191233
13351,66,1,373.94,04-10-2011 12:55,04-10-2011 12:55,117,66,373.94,0,0,3,1,2,Needs_Attention,0.180821918,67.61654795
13352,60,1,397.98,10-10-2011 13:55,10-10-2011 13:55,321,60,397.98,1,0.5,3,1,2,Needs_Attention,0.164383562,65.42136986
13354,71,1,743.53,29-09-2011 13:17,29-09-2011 13:17,604,71,743.53,0,0,3,1,3,Needs_Attention,0.194520548,144.631863
13355,122,1,674.7,09-08-2011 14:48,09-08-2011 14:48,314,122,674.7,0,0,3,1,3,Needs_Attention,0.334246575,225.5161644
13356,80,1,768.24,20-09-2011 14:33,20-09-2011 14:33,325,80,768.24,0,0,3,1,3,Needs_Attention,0.219178082,168.3813699
13357,257,5,3838.36,22-03-2010 14:30,27-03-2011 13:56,2142,627,767.672,0,0,2,4,5,At_Risk,1.717808219,6593.566356
13358,269,1,439.03,16-03-2011 11:52,16-03-2011 11:52,285,269,439.03,0,0,2,1,2,lost,0.736986301,323.5590959
13359,64,2,1043.31,01-11-2010 15:05,07-10-2011 09:30,381,403,521.655,2,0.5,3,2,3,Needs_Attention,1.104109589,1151.928575
13360,432,4,1553.65,08-01-2010 11:16,04-10-2010 12:37,942,701,388.4125,3,0.428571429,1,3,4,At_Risk,1.920547945,2983.859315
13361,472,2,1450.5,01-04-2010 07:49,24-08-2010 14:56,324,618,725.25,0,0,1,2,4,Needs_Attention,1.693150685,2455.915068
13362,9,7,5394.07,10-10-2010 15:27,30-11-2011 14:41,2481,425,770.5814286,3,0.3,5,4,5,Champions,1.164383562,6280.766438
13363,18,3,1723.86,26-10-2010 11:07,22-11-2011 12:40,1146,410,574.62,0,0,5,3,4,Loyal_customers,1.123287671,1936.390685
13364,71,1,134.96,29-09-2011 18:13,29-09-2011 18:13,71,71,134.96,1,0.5,3,1,1,Needs_Attention,0.194520548,26.25249315
13365,34,2,2225.37,06-05-2011 12:00,06-11-2011 12:36,1247,218,1112.685,2,0.5,4,2,4,New_customers,0.597260274,1329.125096
13366,50,1,56.16,20-10-2011 13:37,20-10-2011 13:37,144,50,56.16,0,0,4,1,1,New_customers,0.136986301,7.693150685
13367,432,1,510.2,04-10-2010 10:00,04-10-2010 10:00,253,432,510.2,0,0,1,1,2,lost,1.183561644,603.8531507
13368,257,4,1121.5,12-10-2010 10:43,28-03-2011 09:59,606,424,280.375,1,0.2,2,3,3,At_Risk,1.161643836,1302.783562
13369,366,1,616.56,09-12-2010 11:30,09-12-2010 11:30,298,366,616.56,1,0.5,2,1,2,lost,1.002739726,618.2492055
13370,372,1,1509.74,03-12-2010 10:26,03-12-2010 10:26,686,372,1509.74,1,0.5,2,1,4,Needs_Attention,1.019178082,1538.693918
13371,505,2,2297.66,17-03-2010 15:29,22-07-2010 17:33,1019,632,1148.83,2,0.5,1,2,4,Needs_Attention,1.731506849,3978.414027
13372,90,1,378.64,11-09-2011 12:46,11-09-2011 12:46,159,90,378.64,0,0,3,1,2,Needs_Attention,0.246575342,93.36328767
13373,61,6,7587.19,06-12-2009 12:34,10-10-2011 10:51,4263,734,1264.531667,0,0,3,4,5,Loyal_customers,2.010958904,15257.52729
13374,415,2,422.8,16-09-2010 10:29,21-10-2010 10:04,135,450,211.4,0,0,1,2,2,lost,1.232876712,521.260274
13375,89,2,1792.23,21-09-2010 08:12,12-09-2011 10:19,1124,445,896.115,1,0.333333333,3,2,4,Needs_Attention,1.219178082,2185.047534
13376,99,3,1019.76,19-04-2011 13:03,01-09-2011 16:16,493,234,339.92,0,0,3,3,3,Loyal_customers,0.64109589,653.7639452
13377,397,2,1552.88,04-03-2010 10:06,08-11-2010 12:20,748,646,776.44,2,0.5,2,2,4,Needs_Attention,1.769863014,2748.384877
13379,26,3,572.56,26-07-2011 12:26,13-11-2011 13:45,601,137,190.8533333,0,0,4,3,2,Needs_Attention,0.375342466,214.9060822
13380,433,1,62.4,03-10-2010 10:18,03-10-2010 10:18,48,433,62.4,0,0,1,1,1,lost,1.18630137,74.02520548
13381,32,12,8224.37,01-12-2009 15:19,08-11-2011 11:58,5125,738,685.3641667,3,0.2,4,5,5,Champions,2.021917808,16629.00016
13382,281,5,1387.58,08-12-2009 09:56,04-03-2011 10:03,863,732,277.516,0,0,2,4,4,At_Risk,2.005479452,2782.763178
13383,544,1,305.28,14-06-2010 11:45,14-06-2010 11:45,288,544,305.28,0,0,1,1,2,lost,1.490410959,454.9926575
13384,31,11,6680.83,27-07-2010 12:22,09-11-2011 11:04,4142,501,607.3481818,4,0.266666667,4,5,5,Champions,1.37260274,9170.125562
13385,330,1,534.57,14-01-2011 09:52,14-01-2011 09:52,281,330,534.57,0,0,2,1,2,lost,0.904109589,483.309863
13386,414,2,835.46,28-09-2010 13:09,21-10-2010 12:52,514,437,417.73,0,0,1,2,3,Needs_Attention,1.197260274,1000.263068
13387,417,1,189.44,18-10-2010 14:07,18-10-2010 14:07,125,417,189.44,0,0,1,1,1,lost,1.142465753,216.4287123
13388,131,3,1185.65,15-04-2010 10:18,31-07-2011 12:52,701,604,395.2166667,1,0.25,3,3,3,Loyal_customers,1.654794521,1962.007123
13389,11,3,797.96,21-04-2011 12:12,28-11-2011 14:01,429,233,265.9866667,0,0,5,3,3,Loyal_customers,0.638356164,509.3826849
13390,75,1,544.08,26-09-2011 08:38,26-09-2011 08:38,224,75,544.08,0,0,3,1,2,Needs_Attention,0.205479452,111.7972603
13391,204,1,59.8,20-05-2011 10:50,20-05-2011 10:50,4,204,59.8,0,0,2,1,1,lost,0.55890411,33.42246575
13392,677,1,91.14,31-01-2010 13:34,31-01-2010 13:34,82,677,91.14,0,0,1,1,1,lost,1.854794521,169.0459726
13393,584,4,1131.45,07-12-2009 18:12,05-05-2010 09:34,662,732,282.8625,2,0.333333333,1,3,3,At_Risk,2.005479452,2269.099726
13394,2,19,6621.7,01-12-2009 11:58,08-12-2011 11:36,5354,739,348.5105263,5,0.208333333,5,5,5,Champions,2.024657534,13406.67479
13395,185,3,1180.23,14-10-2010 13:00,07-06-2011 15:04,1660,421,393.41,0,0,3,3,3,Loyal_customers,1.153424658,1361.306384
13396,29,2,1360.99,24-01-2011 13:37,10-11-2011 16:59,600,319,680.495,2,0.5,4,2,4,New_customers,0.873972603,1189.467973
13397,73,10,3191.87,20-01-2010 09:50,28-09-2011 10:56,1336,689,319.187,3,0.230769231,3,5,5,Loyal_customers,1.887671233,6025.201178
13398,192,2,670.34,17-09-2010 09:34,31-05-2011 13:17,341,449,335.17,0,0,2,2,3,Needs_Attention,1.230136986,824.6100274
13399,464,3,275.4,08-07-2010 17:47,01-09-2010 13:59,120,519,91.8,0,0,1,3,1,At_Risk,1.421917808,391.5961644
13400,583,1,310.83,06-05-2010 09:00,06-05-2010 09:00,284,583,310.83,1,0.5,1,1,2,lost,1.597260274,496.476411
13402,127,4,1535.13,24-05-2010 10:56,04-08-2011 15:51,1107,565,383.7825,0,0,3,3,4,Loyal_customers,1.547945205,2376.297123
13403,18,3,229.5,16-12-2009 13:23,22-11-2011 08:28,114,723,76.5,0,0,5,3,1,Needs_Attention,1.980821918,454.5986301
13404,1,2,252.49,11-05-2011 11:57,08-12-2011 15:37,111,213,126.245,0,0,5,2,1,New_customers,0.583561644,147.3434795
13405,74,6,1213.811,15-12-2009 14:13,26-09-2011 17:01,855,724,202.3018333,3,0.333333333,3,4,3,Loyal_customers,1.983561644,2407.668942
13406,427,2,568.92,18-03-2010 07:29,08-10-2010 14:44,292,632,284.46,1,0.333333333,1,2,2,lost,1.731506849,985.0888767
13407,579,3,2244.7,16-02-2010 11:13,10-05-2010 12:41,1690,662,748.2333333,3,0.5,1,3,4,At_Risk,1.81369863,4071.209315
13408,2,106,51733.462,04-12-2009 09:31,08-12-2011 09:05,29499,736,488.0515283,29,0.214814815,5,5,5,Champions,2.016438356,104317.3371
13410,24,9,2201.96,08-12-2009 13:43,15-11-2011 15:33,1244,731,244.6622222,3,0.25,4,5,4,Champions,2.002739726,4409.952767
13411,107,1,213.55,24-08-2011 13:57,24-08-2011 13:57,72,107,213.55,0,0,3,1,1,Needs_Attention,0.293150685,62.60232877
13412,620,1,487.35,29-03-2010 16:28,29-03-2010 16:28,176,620,487.35,0,0,1,1,2,lost,1.698630137,827.8273973
13413,640,6,429.44,21-01-2010 17:43,10-03-2010 12:17,455,687,71.57333333,2,0.25,1,4,2,At_Risk,1.882191781,808.2884384
13414,134,6,2494.14,15-04-2010 17:00,29-07-2011 11:45,2702,603,415.69,1,0.142857143,3,4,4,Loyal_customers,1.652054795,4120.455945
13415,473,4,800.67,11-12-2009 14:20,24-08-2010 11:38,502,728,200.1675,1,0.2,1,3,3,At_Risk,1.994520548,1596.952767
13416,44,3,940.8,03-12-2009 13:02,27-10-2011 08:56,208,736,313.6,0,0,4,3,3,Loyal_customers,2.016438356,1897.065205
13417,5,6,1669.49,08-02-2010 12:39,05-12-2011 08:49,532,670,278.2483333,1,0.142857143,5,4,4,Champions,1.835616438,3064.543288
13418,12,31,12233.6,11-12-2009 12:51,28-11-2011 10:23,7606,728,394.6322581,6,0.162162162,5,5,5,Champions,1.994520548,24400.16658
13419,64,1,221.06,07-10-2011 12:49,07-10-2011 12:49,275,64,221.06,0,0,3,1,1,Needs_Attention,0.175342466,38.76120548
13420,150,2,159.85,22-06-2011 11:35,13-07-2011 08:48,101,171,79.925,2,0.5,3,2,1,Needs_Attention,0.468493151,74.88863014
13421,40,8,4103.12,14-02-2010 14:45,30-10-2011 14:21,2420,663,512.89,3,0.272727273,4,4,5,Champions,1.816438356,7453.064548
13422,64,1,2626.3,06-10-2011 13:42,06-10-2011 13:42,1326,64,2626.3,1,0.5,3,1,4,Needs_Attention,0.175342466,460.5019178
13423,429,1,217.03,07-10-2010 09:02,07-10-2010 09:02,141,429,217.03,0,0,1,1,1,lost,1.175342466,255.0845753
13424,450,1,572.77,16-09-2010 10:49,16-09-2010 10:49,529,450,572.77,1,0.5,1,1,2,lost,1.232876712,706.1547945
13425,108,5,3403.63,09-05-2010 14:35,23-08-2011 17:13,2382,579,680.726,3,0.375,3,4,5,Loyal_customers,1.58630137,5399.182932
13426,1,22,8167.38,09-12-2009 15:16,09-12-2011 08:59,4868,730,371.2445455,2,0.083333333,5,5,5,Champions,2,16334.76
13427,19,6,1006.53,17-12-2009 13:44,20-11-2011 13:02,880,722,167.755,0,0,5,4,3,Loyal_customers,1.978082192,1990.999068
13428,10,3,499.98,13-07-2010 13:20,29-11-2011 14:20,366,514,166.66,0,0,5,3,2,Needs_Attention,1.408219178,704.0814247
13429,11,4,1006.8,25-09-2011 15:59,29-11-2011 09:10,1390,75,251.7,0,0,5,3,3,Loyal_customers,0.205479452,206.8767123
13430,19,2,679.45,14-09-2011 14:26,21-11-2011 08:19,751,86,339.725,2,0.5,5,2,3,New_customers,0.235616438,160.089589
13431,67,8,3316.24,18-02-2010 11:53,03-10-2011 13:49,1570,660,414.53,1,0.111111111,3,4,5,Loyal_customers,1.808219178,5996.488767
13432,571,2,439.1,06-04-2010 14:42,17-05-2010 13:18,217,612,219.55,0,0,1,2,2,lost,1.676712329,736.2443836
13433,501,4,658.32,12-01-2010 08:59,26-07-2010 16:55,190,697,164.58,1,0.2,1,3,3,At_Risk,1.909589041,1257.120658
13434,74,5,1666.86,22-02-2010 09:54,26-09-2011 14:30,864,656,333.372,0,0,3,4,4,Loyal_customers,1.797260274,2995.78126
13435,5,9,4475.23,27-07-2010 16:56,04-12-2011 14:45,2791,500,497.2477778,2,0.181818182,5,5,5,Champions,1.369863014,6130.452055
13436,2,1,196.89,08-12-2011 10:33,08-12-2011 10:33,76,2,196.89,0,0,5,1,1,New_customers,0.005479452,1.078849315
13437,14,7,3408.06,02-06-2011 14:30,25-11-2011 14:00,1283,190,486.8657143,0,0,5,4,5,Champions,0.520547945,1774.05863
13438,547,1,46.5,10-06-2010 18:46,10-06-2010 18:46,10,547,46.5,0,0,1,1,1,lost,1.498630137,69.68630137
13439,255,3,986.61,01-07-2010 14:36,29-03-2011 14:20,952,526,328.87,0,0,2,3,3,At_Risk,1.44109589,1421.799616
13440,423,7,1295.25,14-09-2010 10:34,12-10-2010 13:11,573,452,185.0357143,3,0.3,1,4,4,At_Risk,1.238356164,1603.980822
13441,92,2,720.9,04-10-2010 10:38,09-09-2011 09:38,520,432,360.45,0,0,3,2,3,Needs_Attention,1.183561644,853.229589
13442,667,3,419.87,01-12-2009 14:59,10-02-2010 14:03,115,738,139.9566667,0,0,1,3,2,At_Risk,2.021917808,848.9426301
13443,449,6,1280.16,31-01-2010 13:30,17-09-2010 12:31,809,677,213.36,1,0.142857143,1,4,4,At_Risk,1.854794521,2374.433753
13444,374,2,631.68,21-07-2010 14:34,30-11-2010 13:02,337,506,315.84,0,0,2,2,3,Needs_Attention,1.38630137,875.6988493
13445,626,1,241.9,23-03-2010 15:34,23-03-2010 15:34,198,626,241.9,0,0,1,1,1,lost,1.715068493,414.8750685
13446,430,11,3881.89,14-02-2010 11:52,05-10-2010 18:51,2403,664,352.8990909,7,0.388888889,1,5,5,At_Risk,1.819178082,7061.849205
13447,23,3,1129.14,04-11-2011 10:10,16-11-2011 13:38,584,36,376.38,1,0.25,4,3,3,Loyal_customers,0.098630137,111.3672329
13448,17,13,9240.87,06-12-2009 12:14,23-11-2011 12:33,4404,734,710.8361538,6,0.315789474,5,5,5,Champions,2.010958904,18583.00981
13449,24,1,291.88,16-11-2011 08:28,16-11-2011 08:28,222,24,291.88,0,0,4,1,2,New_customers,0.065753425,19.19210959
13450,27,13,4120.04,15-04-2010 19:15,13-11-2011 11:54,4318,603,316.9261538,1,0.071428571,4,5,5,Champions,1.652054795,6806.531836
13451,26,11,7190.92,21-03-2010 16:13,13-11-2011 15:58,5268,628,653.72,2,0.153846154,4,5,5,Champions,1.720547945,12372.32263
13452,259,3,729.8,24-08-2010 09:53,25-03-2011 14:19,6,473,243.2666667,0,0,2,3,3,At_Risk,1.295890411,945.7408219
13453,166,3,781.69,02-11-2010 13:23,27-06-2011 09:34,341,402,260.5633333,2,0.4,3,3,3,Loyal_customers,1.101369863,860.9298082
13454,641,1,219.87,08-03-2010 14:40,08-03-2010 14:40,198,641,219.87,0,0,1,1,1,lost,1.756164384,386.127863
13455,25,6,2905.93,09-12-2009 08:58,15-11-2011 11:21,985,731,484.3216667,5,0.454545455,4,4,4,Champions,2.002739726,5819.821452
13456,18,6,1766.72,16-05-2011 15:34,22-11-2011 09:18,765,207,294.4533333,1,0.142857143,5,4,4,Champions,0.567123288,1001.948055
13457,689,2,148.22,02-12-2009 12:46,20-01-2010 08:48,96,738,74.11,2,0.5,1,2,1,lost,2.021917808,299.6886575
13458,7,16,11959.27,16-11-2010 14:01,02-12-2011 15:29,6760,388,747.454375,8,0.333333333,5,5,5,Champions,1.063013699,12712.86784
13459,625,2,1160.41,26-01-2010 13:35,25-03-2010 10:24,986,682,580.205,0,0,1,2,3,Needs_Attention,1.868493151,2168.218137
13460,29,2,183.44,21-10-2011 09:50,10-11-2011 17:17,286,50,91.72,0,0,4,2,1,New_customers,0.136986301,25.12876712
13461,39,6,4160,21-04-2010 16:01,01-11-2011 09:01,3132,597,693.3333333,2,0.25,4,4,5,Champions,1.635616438,6804.164384
13462,253,5,1153.85,14-12-2009 09:48,01-04-2011 11:20,697,726,230.77,1,0.166666667,2,4,3,At_Risk,1.989041096,2295.055068
13464,58,6,3097.64,31-03-2010 15:22,12-10-2011 15:01,1440,618,516.2733333,1,0.142857143,4,4,5,Champions,1.693150685,5244.771288
13465,446,2,931.12,02-05-2010 15:30,19-09-2010 15:13,584,586,465.56,0,0,1,2,3,Needs_Attention,1.605479452,1494.894027
13466,184,5,1013.35,21-03-2010 13:50,08-06-2011 16:39,660,628,202.67,2,0.285714286,3,4,3,Loyal_customers,1.720547945,1743.51726
13467,11,2,1083.71,03-11-2011 16:56,29-11-2011 10:01,584,36,541.855,0,0,5,2,3,New_customers,0.098630137,106.8864658
13468,2,72,13390.51,03-12-2009 13:32,08-12-2011 10:39,5824,736,185.9793056,15,0.172413793,5,5,5,Champions,2.016438356,27001.13797
13469,653,1,82.4,24-02-2010 15:03,24-02-2010 15:03,52,653,82.4,0,0,1,1,1,lost,1.789041096,147.4169863
13470,99,2,165,16-08-2011 17:06,01-09-2011 14:57,100,115,82.5,0,0,3,2,1,Needs_Attention,0.315068493,51.98630137
13471,1,4,2531.58,23-10-2011 13:10,08-12-2011 15:44,1590,47,632.895,0,0,5,3,4,Loyal_customers,0.128767123,325.984274
13472,464,2,592.24,02-06-2010 09:48,02-09-2010 09:41,310,556,296.12,0,0,1,2,2,lost,1.523287671,902.1518904
13473,61,8,2657.76,15-12-2009 19:02,10-10-2011 11:20,1000,724,332.22,2,0.2,3,4,4,Loyal_customers,1.983561644,5271.830795
13474,236,3,663.79,01-08-2010 14:40,17-04-2011 13:53,334,495,221.2633333,0,0,2,3,3,At_Risk,1.356164384,900.2083562
13475,191,4,1431.78,14-02-2011 12:36,01-06-2011 13:52,1012,299,357.945,0,0,2,3,4,At_Risk,0.819178082,1172.882795
13476,179,5,2061.47,05-03-2010 09:39,14-06-2011 12:00,713,645,412.294,2,0.285714286,3,4,4,Loyal_customers,1.767123288,3642.871644
13477,38,11,2834.17,25-01-2010 11:52,02-11-2011 12:04,2095,684,257.6518182,2,0.153846154,4,5,4,Champions,1.873972603,5311.156932
13478,469,5,2215.78,31-01-2010 15:51,27-08-2010 13:23,1189,677,443.156,2,0.285714286,1,4,4,At_Risk,1.854794521,4109.816603
13479,201,4,851.37,19-08-2010 16:18,23-05-2011 10:45,716,477,212.8425,3,0.428571429,2,3,3,At_Risk,1.306849315,1112.612301
13480,417,2,627.82,29-01-2010 12:35,19-10-2010 11:53,362,680,313.91,0,0,1,2,3,Needs_Attention,1.863013699,1169.63726
13481,46,11,3830.84,04-12-2009 12:37,25-10-2011 09:07,2055,736,348.2581818,3,0.214285714,4,5,5,Champions,2.016438356,7724.652712
13482,232,2,336.09,22-03-2010 10:31,21-04-2011 17:03,187,628,168.045,0,0,2,2,2,lost,1.720547945,578.2589589
13483,66,1,140.34,05-10-2011 11:53,05-10-2011 11:53,160,66,140.34,0,0,3,1,1,Needs_Attention,0.180821918,25.37654795
13484,241,3,790.72,10-03-2010 11:46,12-04-2011 16:30,224,640,263.5733333,1,0.25,2,3,3,At_Risk,1.753424658,1386.467945
13485,233,11,3019.22,03-12-2009 13:46,20-04-2011 13:58,1798,736,274.4745455,4,0.266666667,2,5,5,At_Risk,2.016438356,6088.071014
13486,78,3,1122.41,07-07-2011 17:19,22-09-2011 13:13,669,155,374.1366667,0,0,3,3,3,Loyal_customers,0.424657534,476.639863
13487,58,5,846.87,05-12-2009 10:25,13-10-2011 12:07,362,735,169.374,0,0,4,4,3,Loyal_customers,2.01369863,1705.340959
13488,17,23,15587.88,25-01-2010 10:13,22-11-2011 14:41,7891,684,677.733913,6,0.206896552,5,5,5,Champions,1.873972603,29211.26005
13489,105,4,449.52,18-02-2011 10:42,26-08-2011 13:16,560,295,112.38,0,0,3,3,2,Needs_Attention,0.808219178,363.3106849
13490,654,1,154.25,23-02-2010 14:48,23-02-2010 14:48,25,654,154.25,0,0,1,1,1,lost,1.791780822,276.3821918
13491,52,27,4566.56,07-12-2009 08:24,19-10-2011 08:32,2385,733,169.1318519,0,0,4,5,5,Champions,2.008219178,9170.65337
13492,136,3,1269.84,09-05-2011 10:06,26-07-2011 14:25,408,215,423.28,0,0,3,3,4,Loyal_customers,0.589041096,747.9879452
13493,275,2,618.63,25-02-2011 16:42,09-03-2011 15:35,380,287,309.315,0,0,2,2,3,Needs_Attention,0.78630137,486.4296164
13494,312,1,316.26,01-02-2011 11:58,01-02-2011 11:58,162,312,316.26,0,0,2,1,2,lost,0.854794521,270.3373151
13495,8,10,5374.26,07-12-2009 12:12,02-12-2011 11:21,2674,733,537.426,3,0.230769231,5,5,5,Champions,2.008219178,10792.692
13496,11,2,653.33,15-12-2010 10:17,29-11-2011 10:58,341,360,326.665,1,0.333333333,5,2,3,New_customers,0.98630137,644.380274
13497,283,6,1320.33,08-02-2010 10:27,02-03-2011 09:04,579,670,220.055,1,0.142857143,2,4,4,At_Risk,1.835616438,2423.619452
13498,730,1,327.38,09-12-2009 15:26,09-12-2009 15:26,362,730,327.38,0,0,1,1,2,lost,2,654.76
13499,18,5,1159.11,15-03-2011 08:52,22-11-2011 11:21,1365,270,231.822,2,0.285714286,5,4,3,Loyal_customers,0.739726027,857.4238356
13500,23,4,1466.3,03-11-2010 13:16,16-11-2011 15:35,838,401,366.575,1,0.2,4,3,4,Loyal_customers,1.098630137,1610.92137
13501,288,3,2885.11,18-05-2010 13:24,24-02-2011 18:59,1253,570,961.7033333,2,0.4,2,3,4,At_Risk,1.561643836,4505.514247
13502,17,5,780.5,09-06-2010 10:52,23-11-2011 10:39,490,549,156.1,1,0.166666667,5,4,3,Loyal_customers,1.504109589,1173.957534
13503,71,6,1905.39,16-02-2010 13:49,29-09-2011 13:23,1118,661,317.565,6,0.5,3,4,4,Loyal_customers,1.810958904,3450.582986
13504,64,1,295.93,06-10-2011 13:20,06-10-2011 13:20,178,64,295.93,0,0,3,1,2,Needs_Attention,0.175342466,51.88909589
13505,73,4,4393.63,21-04-2011 12:07,28-09-2011 11:56,2486,233,1098.4075,4,0.5,3,3,5,Loyal_customers,0.638356164,2804.700795
13506,316,5,1639.2,05-09-2010 12:33,27-01-2011 13:53,1174,461,327.84,3,0.375,2,4,4,At_Risk,1.263013699,2070.332055
13507,3,4,2479.16,17-07-2011 11:50,06-12-2011 13:13,1597,146,619.79,0,0,5,3,4,Loyal_customers,0.4,991.664
13508,244,2,287.05,07-03-2010 11:58,10-04-2011 11:58,180,643,143.525,0,0,2,2,1,lost,1.761643836,505.679863
13509,9,8,1114.72,20-07-2010 12:10,01-12-2011 10:10,1214,508,139.34,0,0,5,4,3,Loyal_customers,1.391780822,1551.445918
13510,1,11,4558.29,21-12-2009 11:53,08-12-2011 13:46,3044,719,414.39,6,0.352941176,5,5,5,Champions,1.969863014,8979.206877
13511,677,1,282.76,01-02-2010 12:10,01-02-2010 12:10,60,677,282.76,1,0.5,1,1,1,lost,1.854794521,524.4616986
13512,261,4,713.39,05-05-2010 13:22,24-03-2011 10:03,419,583,178.3475,0,0,2,3,3,At_Risk,1.597260274,1139.469507
13513,127,3,824.59,22-02-2010 16:36,05-08-2011 11:50,364,655,274.8633333,1,0.25,3,3,3,Loyal_customers,1.794520548,1479.743699
13514,74,4,815.9,26-01-2010 15:11,27-09-2011 09:39,288,682,203.975,0,0,3,3,3,Loyal_customers,1.868493151,1524.503562
13515,73,6,1265.82,05-03-2010 11:58,28-09-2011 11:26,819,645,210.97,0,0,3,4,4,Loyal_customers,1.767123288,2236.86
13516,21,4,1685.26,18-10-2010 08:52,18-11-2011 13:15,1114,418,421.315,0,0,4,3,4,Loyal_customers,1.145205479,1929.968986
13517,60,3,2128.42,13-06-2011 08:44,11-10-2011 11:43,1369,180,709.4733333,2,0.4,3,3,4,Loyal_customers,0.493150685,1049.631781
13518,86,1,659.44,15-09-2011 10:29,15-09-2011 10:29,392,86,659.44,0,0,3,1,3,Needs_Attention,0.235616438,155.3749041
13519,78,2,343.21,23-09-2010 11:45,22-09-2011 18:24,133,443,171.605,1,0.333333333,3,2,2,Needs_Attention,1.21369863,416.5535068
13520,59,11,6909.4,17-12-2009 11:11,12-10-2011 10:20,3289,723,628.1272727,4,0.266666667,4,5,5,Champions,1.980821918,13686.29096
13521,1,3,1093.65,29-11-2011 15:09,08-12-2011 13:50,736,10,364.55,0,0,5,3,3,Loyal_customers,0.02739726,29.9630137
13522,30,1,125.8,09-11-2011 15:11,09-11-2011 15:11,44,30,125.8,0,0,4,1,1,New_customers,0.082191781,10.33972603
13523,33,6,5101.52,02-11-2010 14:55,06-11-2011 15:11,2354,402,850.2533333,1,0.142857143,4,4,5,Champions,1.101369863,5618.660384
13524,41,5,680.18,04-05-2011 12:26,30-10-2011 12:34,324,220,136.036,0,0,4,4,3,Loyal_customers,0.602739726,409.9715068
13525,15,2,628.78,05-04-2011 15:36,25-11-2011 12:01,394,248,314.39,0,0,5,2,3,New_customers,0.679452055,427.225863
13526,738,2,1182,01-12-2009 12:56,01-12-2009 13:13,1911,738,591,2,0.5,1,2,3,Needs_Attention,2.021917808,2389.906849
13527,34,12,4683.74,21-01-2010 12:37,06-11-2011 12:04,2762,688,390.3116667,2,0.142857143,4,5,5,Champions,1.884931507,8828.529096
13529,79,2,307.76,19-05-2011 11:50,22-09-2011 09:15,74,205,153.88,0,0,3,2,2,Needs_Attention,0.561643836,172.8515068
13530,634,1,402.98,15-03-2010 14:10,15-03-2010 14:10,272,634,402.98,0,0,1,1,2,lost,1.736986301,699.9707397
13531,205,6,1738.52,03-12-2009 15:20,18-05-2011 16:56,600,736,289.7533333,0,0,2,4,4,At_Risk,2.016438356,3505.618411
13532,34,1,210.31,06-11-2011 12:25,06-11-2011 12:25,129,34,210.31,0,0,4,1,1,New_customers,0.093150685,19.59052055
13533,183,3,270.79,17-03-2011 12:47,10-06-2011 11:54,204,268,90.26333333,0,0,3,3,1,Needs_Attention,0.734246575,198.8266301
13534,2,35,7720.9,07-07-2010 15:00,07-12-2011 14:52,3869,520,220.5971429,25,0.416666667,5,5,5,Champions,1.424657534,10999.63836
13535,403,1,89.5,02-11-2010 11:49,02-11-2010 11:49,10,403,89.5,0,0,2,1,1,lost,1.104109589,98.81780822
13536,1,7,3448.29,25-09-2011 13:30,08-12-2011 16:38,2136,75,492.6128571,0,0,5,4,5,Champions,0.205479452,708.5527397
13537,426,2,717.85,14-09-2010 10:41,10-10-2010 12:45,337,452,358.925,0,0,1,2,3,Needs_Attention,1.238356164,888.9539726
13538,43,12,3112.73,02-02-2010 12:47,27-10-2011 16:34,963,676,259.3941667,0,0,4,5,5,Champions,1.852054795,5764.946521
13539,86,7,1569.36,28-04-2010 12:04,15-09-2011 10:18,710,591,224.1942857,2,0.222222222,3,4,4,Loyal_customers,1.619178082,2541.073315
13540,467,3,632.39,22-02-2010 09:22,29-08-2010 14:20,189,656,210.7966667,0,0,1,3,3,At_Risk,1.797260274,1136.569425
13541,427,2,785.25,18-05-2010 16:15,08-10-2010 16:37,279,570,392.625,1,0.333333333,1,2,3,Needs_Attention,1.561643836,1226.280822
13542,377,17,4006.17,10-12-2009 19:53,28-11-2010 11:24,815,729,235.6570588,1,0.055555556,2,5,5,At_Risk,1.997260274,8001.364192
13543,634,2,1439.61,21-01-2010 14:30,15-03-2010 13:34,329,687,719.805,0,0,1,2,4,Needs_Attention,1.882191781,2709.62211
13544,40,6,829,05-03-2010 11:31,31-10-2011 11:57,358,645,138.1666667,1,0.142857143,4,4,3,Loyal_customers,1.767123288,1464.945205
13545,391,2,374.64,13-06-2010 11:49,14-11-2010 11:27,257,545,187.32,1,0.333333333,2,2,2,lost,1.493150685,559.3939726
13546,12,5,1092.14,11-10-2010 17:23,27-11-2011 14:50,589,424,218.428,0,0,5,4,3,Loyal_customers,1.161643836,1268.677699
13547,408,1,175.53,27-10-2010 14:14,27-10-2010 14:14,82,408,175.53,0,0,2,1,1,lost,1.117808219,196.2088767
13548,96,3,908.99,25-08-2010 13:44,04-09-2011 14:50,565,471,302.9966667,0,0,3,3,3,Loyal_customers,1.290410959,1172.970658
13549,26,8,1005.8,17-11-2010 12:17,14-11-2011 09:20,554,388,125.725,1,0.111111111,4,4,3,Loyal_customers,1.063013699,1069.179178
13550,383,1,349.51,21-11-2010 15:24,21-11-2010 15:24,454,383,349.51,0,0,2,1,2,lost,1.049315068,366.7461096
13551,319,2,244.2,11-02-2010 15:01,24-01-2011 14:46,36,666,122.1,0,0,2,2,1,lost,1.824657534,445.5813699
13552,66,22,6978.92,19-02-2010 13:28,04-10-2011 15:19,2654,658,317.2236364,10,0.3125,3,5,5,Loyal_customers,1.802739726,12581.17633
13553,675,1,517.8,03-02-2010 12:21,03-02-2010 12:21,206,675,517.8,0,0,1,1,2,lost,1.849315068,957.5753425
13554,380,7,1638.28,19-09-2010 12:39,24-11-2010 15:05,581,447,234.04,3,0.3,2,4,4,At_Risk,1.224657534,2006.331945
13555,74,13,8999.19,19-01-2010 13:20,27-09-2011 12:36,4827,689,692.2453846,3,0.1875,3,5,5,Loyal_customers,1.887671233,16987.51208
13556,429,2,200.82,30-09-2010 09:01,06-10-2010 16:44,134,436,100.41,0,0,1,2,1,lost,1.194520548,239.8836164
13557,28,13,3032.26,08-12-2009 17:41,11-11-2011 15:24,2398,731,233.2507692,3,0.1875,4,5,5,Champions,2.002739726,6072.827562
13558,6,4,605.06,02-10-2011 13:01,04-12-2011 11:24,344,68,151.265,0,0,5,3,2,Needs_Attention,0.18630137,112.7235068
13559,513,2,990,14-06-2010 11:52,15-07-2010 09:52,360,544,495,0,0,1,2,3,Needs_Attention,1.490410959,1475.506849
13560,7,1,174.37,02-12-2011 13:11,02-12-2011 13:11,64,7,174.37,0,0,5,1,1,New_customers,0.019178082,3.344082192
13561,216,11,1820.72,28-02-2010 13:42,08-05-2011 12:39,1136,649,165.52,0,0,2,5,4,At_Risk,1.778082192,3237.389808
13562,82,8,4838.18,14-01-2010 16:33,19-09-2011 10:51,1603,694,604.7725,0,0,3,4,5,Loyal_customers,1.901369863,9199.169644
13563,84,2,777.53,22-07-2011 17:21,16-09-2011 14:45,209,140,388.765,0,0,3,2,3,Needs_Attention,0.383561644,298.2306849
13564,144,37,17249.55,02-12-2009 11:55,18-07-2011 14:33,9251,738,466.2040541,17,0.314814815,3,5,5,Loyal_customers,2.021917808,34877.17233
13565,19,3,414.8,24-10-2010 15:51,20-11-2011 14:33,260,411,138.2666667,0,0,5,3,2,Needs_Attention,1.126027397,467.0761644
13566,41,5,1708.12,10-03-2010 12:22,30-10-2011 11:59,1266,640,341.624,0,0,4,4,4,Champions,1.753424658,2995.059726
13567,428,4,1083.69,16-06-2010 12:48,07-10-2010 12:51,645,542,270.9225,1,0.2,1,3,3,At_Risk,1.484931507,1609.205425
13568,173,1,192.85,19-06-2011 14:42,19-06-2011 14:42,70,173,192.85,0,0,3,1,1,Needs_Attention,0.473972603,91.40561644
13569,17,4,893.78,07-10-2010 13:05,22-11-2011 13:07,402,428,223.445,0,0,5,3,3,Loyal_customers,1.17260274,1048.048877
13570,243,1,239.49,10-04-2011 13:36,10-04-2011 13:36,161,243,239.49,0,0,2,1,1,lost,0.665753425,159.4412877
13571,13,26,4546.54,08-12-2009 13:02,27-11-2011 10:47,3197,731,174.8669231,0,0,5,5,5,Champions,2.002739726,9105.536274
13572,206,1,1384.25,18-05-2011 11:59,18-05-2011 11:59,534,206,1384.25,0,0,2,1,4,Needs_Attention,0.564383562,781.2479452
13573,50,6,916.47,12-03-2010 16:06,20-10-2011 14:33,660,637,152.745,0,0,4,4,3,Loyal_customers,1.745205479,1599.428466
13574,411,1,421.25,24-10-2010 13:28,24-10-2010 13:28,316,411,421.25,0,0,1,1,2,lost,1.126027397,474.3390411
13575,23,5,732.07,16-06-2011 14:24,16-11-2011 13:14,449,176,146.414,0,0,4,4,3,Loyal_customers,0.482191781,352.998137
13576,10,28,11551.74,08-12-2009 15:12,29-11-2011 15:34,4614,731,412.5621429,4,0.125,5,5,5,Champions,2.002739726,23135.1286
13577,25,11,3489.28,14-12-2009 16:10,14-11-2011 15:19,1661,725,317.2072727,3,0.214285714,4,5,5,Champions,1.98630137,6930.761644
13578,409,1,147.66,26-10-2010 13:44,26-10-2010 13:44,127,409,147.66,0,0,2,1,1,lost,1.120547945,165.4601096
13579,15,5,1539.04,18-02-2010 13:53,25-11-2011 08:41,764,659,307.808,1,0.166666667,5,4,4,Champions,1.805479452,2778.705096
13580,406,1,107.75,29-10-2010 15:01,29-10-2010 15:01,45,406,107.75,0,0,2,1,1,lost,1.112328767,119.8534247
13581,309,2,280.53,21-10-2010 16:30,03-02-2011 14:41,119,414,140.265,0,0,2,2,1,lost,1.134246575,318.1901918
13582,390,2,241.68,01-04-2010 11:38,15-11-2010 11:34,106,618,120.84,0,0,2,2,1,lost,1.693150685,409.2006575
13583,156,2,1445.031,29-01-2010 13:53,07-07-2011 10:40,1097,679,722.5155,0,0,3,2,4,Needs_Attention,1.860273973,2688.153559
13584,307,3,392.45,02-02-2010 08:40,06-02-2011 12:49,363,676,130.8166667,2,0.4,2,3,2,At_Risk,1.852054795,726.8389041
13585,531,3,684.54,01-12-2009 14:56,27-06-2010 12:33,1386,738,228.18,1,0.25,1,3,3,At_Risk,2.021917808,1384.083616
13586,541,1,131.53,16-06-2010 13:47,16-06-2010 13:47,39,541,131.53,0,0,1,1,1,lost,1.482191781,194.9526849
13587,64,4,1673.5,14-02-2010 13:17,07-10-2011 12:31,664,663,418.375,2,0.333333333,3,3,4,Loyal_customers,1.816438356,3039.809589
13588,16,9,2478.95,29-03-2011 15:53,24-11-2011 10:42,2606,255,275.4388889,4,0.307692308,5,5,4,Champions,0.698630137,1731.869178
13589,15,6,1120.74,06-12-2009 10:26,25-11-2011 12:10,293,734,186.79,0,0,5,4,3,Loyal_customers,2.010958904,2253.762082
13590,11,18,6349.59,01-12-2009 13:37,28-11-2011 12:54,5276,738,352.755,3,0.142857143,5,5,5,Champions,2.021917808,12838.3491
13591,65,7,2093.94,14-12-2009 15:44,06-10-2011 12:26,850,725,299.1342857,1,0.125,3,4,4,Loyal_customers,1.98630137,4159.19589
13592,36,4,247.96,20-03-2011 14:01,04-11-2011 09:49,84,264,61.99,0,0,4,3,1,Needs_Attention,0.723287671,179.346411
13593,108,14,5523.69,02-03-2010 16:36,23-08-2011 13:35,2190,647,394.5492857,2,0.125,3,5,5,Loyal_customers,1.77260274,9791.308027
13594,53,2,533.32,11-08-2010 10:23,18-10-2011 10:19,396,486,266.66,1,0.333333333,4,2,2,New_customers,1.331506849,710.1192329
13595,517,3,818.22,03-03-2010 14:42,11-07-2010 12:36,353,646,272.74,0,0,1,3,3,At_Risk,1.769863014,1448.137315
13596,6,2,697.04,27-11-2011 11:57,04-12-2011 12:01,406,13,348.52,0,0,5,2,3,New_customers,0.035616438,24.82608219
13597,400,2,396.71,02-11-2010 09:30,04-11-2010 14:54,231,403,198.355,1,0.333333333,2,2,2,lost,1.104109589,438.0113151
13598,47,5,789.59,26-02-2010 11:22,23-10-2011 14:28,401,652,157.918,1,0.166666667,4,4,3,Loyal_customers,1.78630137,1410.445699
13599,1,33,10167.63,01-12-2009 12:30,08-12-2011 16:10,6494,739,308.11,19,0.365384615,5,5,5,Champions,2.024657534,20585.96868
13600,312,2,518.42,15-03-2010 17:16,31-01-2011 15:27,599,634,259.21,0,0,2,2,2,lost,1.736986301,900.4884384
13601,45,4,1185.14,11-06-2010 15:03,25-10-2011 17:31,972,546,296.285,0,0,4,3,3,Loyal_customers,1.495890411,1772.839562
13602,65,4,1025.17,28-05-2010 11:49,06-10-2011 11:47,538,561,256.2925,0,0,3,3,3,Loyal_customers,1.536986301,1575.672247
13603,26,1,164.34,13-11-2011 15:57,13-11-2011 15:57,164,26,164.34,0,0,4,1,1,New_customers,0.071232877,11.70641096
13604,659,1,717.62,19-02-2010 12:02,19-02-2010 12:02,242,659,717.62,1,0.5,1,1,3,Needs_Attention,1.805479452,1295.648164
13605,387,2,522.67,17-05-2010 15:46,17-11-2010 17:16,425,571,261.335,0,0,2,2,2,lost,1.564383562,817.6563562
13606,29,3,280.54,01-02-2011 11:42,10-11-2011 17:46,279,312,93.51333333,0,0,4,3,1,Needs_Attention,0.854794521,239.8040548
13607,40,2,1078.31,02-11-2010 11:48,30-10-2011 16:17,468,403,539.155,1,0.333333333,4,2,3,New_customers,1.104109589,1190.572411
13608,541,1,236.2,17-06-2010 12:28,17-06-2010 12:28,113,541,236.2,0,0,1,1,1,lost,1.482191781,350.0936986
13609,593,1,167.35,25-04-2010 13:26,25-04-2010 13:26,19,593,167.35,0,0,1,1,1,lost,1.624657534,271.8864384
13610,12,14,2175.88,05-01-2010 14:12,27-11-2011 15:38,909,703,155.42,3,0.176470588,5,5,4,Champions,1.926027397,4190.804493
13611,89,10,3319.53,03-12-2009 07:57,11-09-2011 14:51,2002,737,331.953,4,0.285714286,3,5,5,Loyal_customers,2.019178082,6702.722219
13612,633,1,818.29,17-03-2010 12:14,17-03-2010 12:14,444,633,818.29,1,0.5,1,1,3,Needs_Attention,1.734246575,1419.11663
13613,453,5,1039.85,17-02-2010 12:40,13-09-2010 12:01,445,661,207.97,0,0,1,4,3,At_Risk,1.810958904,1883.125616
13614,24,6,2359.19,06-06-2010 13:42,15-11-2011 14:47,828,551,393.1983333,0,0,4,4,4,Champions,1.509589041,3561.40737
13615,319,8,6272.53,28-01-2010 15:43,25-01-2011 08:21,2910,680,784.06625,4,0.333333333,2,4,5,At_Risk,1.863013699,11685.80932
13616,568,2,288.1,17-01-2010 14:56,20-05-2010 12:59,175,691,144.05,0,0,1,2,1,lost,1.893150685,545.4167123
13617,40,8,1278.75,01-08-2010 15:23,30-10-2011 13:50,593,495,159.84375,1,0.111111111,4,4,4,Champions,1.356164384,1734.195205
13618,174,1,177.34,19-06-2011 11:09,19-06-2011 11:09,246,174,177.34,0,0,3,1,1,Needs_Attention,0.476712329,84.54016438
13619,545,2,231.69,03-02-2010 14:16,13-06-2010 11:39,84,674,115.845,0,0,1,2,1,lost,1.846575342,427.8330411
13620,528,1,112.34,29-06-2010 15:02,29-06-2010 15:02,74,528,112.34,0,0,1,1,1,lost,1.446575342,162.508274
13621,117,1,213.85,15-08-2011 08:26,15-08-2011 08:26,343,117,213.85,0,0,3,1,1,Needs_Attention,0.320547945,68.54917808
13622,696,1,658.95,12-01-2010 13:22,12-01-2010 13:22,379,696,658.95,1,0.5,1,1,3,Needs_Attention,1.906849315,1256.518356
13623,31,10,2566.49,02-12-2009 13:57,09-11-2011 12:00,1023,737,256.649,5,0.333333333,4,5,4,Champions,2.019178082,5182.200356
13624,388,1,462.08,16-11-2010 13:43,16-11-2010 13:43,820,388,462.08,1,0.5,2,1,2,lost,1.063013699,491.1973699
13625,597,1,301.26,22-04-2010 10:50,22-04-2010 10:50,144,597,301.26,0,0,1,1,2,lost,1.635616438,492.7458082
13626,253,2,707.04,25-11-2010 16:12,01-04-2011 10:05,398,379,353.52,1,0.333333333,2,2,3,Needs_Attention,1.038356164,734.1593425
13627,59,7,2245.9,09-03-2010 14:03,11-10-2011 14:20,1632,640,320.8428571,3,0.3,4,4,4,Champions,1.753424658,3938.016438
13628,676,1,310.14,01-02-2010 14:44,01-02-2010 14:44,106,676,310.14,0,0,1,1,2,lost,1.852054795,574.396274
13629,23,19,13370.86,11-02-2010 17:34,16-11-2011 13:21,7722,666,703.7294737,0,0,4,5,5,Champions,1.824657534,24397.24044
13630,5,7,2031.78,27-02-2011 12:49,04-12-2011 15:16,1391,286,290.2542857,4,0.363636364,5,4,4,Champions,0.783561644,1592.024877
13631,100,11,3070.42,17-03-2011 17:13,01-09-2011 09:57,467,267,279.1290909,1,0.083333333,3,5,5,Loyal_customers,0.731506849,2246.03326
13632,25,8,3648.15,07-04-2010 10:59,15-11-2011 10:51,1639,612,456.01875,2,0.2,4,4,5,Champions,1.676712329,6116.898082
13634,33,16,5073.47,10-01-2010 14:26,06-11-2011 13:40,2096,698,317.091875,1,0.058823529,4,5,5,Champions,1.912328767,9702.14263
13635,68,4,2999.16,01-12-2009 09:46,03-10-2011 10:55,1884,739,749.79,2,0.333333333,3,3,5,Loyal_customers,2.024657534,6072.27189
13636,37,5,949.12,27-02-2011 14:29,03-11-2011 10:30,592,285,189.824,1,0.166666667,4,4,3,Loyal_customers,0.780821918,741.0936986
13637,52,3,810.5,27-04-2011 13:06,18-10-2011 13:32,409,226,270.1666667,0,0,4,3,3,Loyal_customers,0.619178082,501.8438356
13638,16,1,122.64,24-11-2011 10:38,24-11-2011 10:38,93,16,122.64,0,0,5,1,1,New_customers,0.043835616,5.376
13639,74,2,1346.27,29-09-2010 10:05,26-09-2011 13:36,997,437,673.135,0,0,3,2,4,Needs_Attention,1.197260274,1611.835589
13640,611,1,405,07-04-2010 15:33,07-04-2010 15:33,108,611,405,0,0,1,1,2,lost,1.673972603,677.9589041
13641,641,5,1016.47,05-12-2009 13:17,09-03-2010 07:37,1098,734,203.294,2,0.285714286,1,4,3,At_Risk,2.010958904,2044.079397
13642,216,4,514.72,03-10-2010 12:23,08-05-2011 12:34,253,433,128.68,1,0.2,2,3,2,At_Risk,1.18630137,610.6130411
13643,31,10,2156.77,08-12-2009 12:48,08-11-2011 15:37,902,732,215.677,5,0.333333333,4,5,4,Champions,2.005479452,4325.357918
13644,16,4,2624.26,26-08-2011 11:53,23-11-2011 14:07,2067,106,656.065,1,0.2,5,3,4,Loyal_customers,0.290410959,762.113863
13645,120,1,252.1,11-08-2011 16:11,11-08-2011 16:11,158,120,252.1,0,0,3,1,1,Needs_Attention,0.328767123,82.88219178
13646,400,2,326.25,05-11-2010 12:00,05-11-2010 12:13,79,400,163.125,1,0.333333333,2,2,2,lost,1.095890411,357.5342466
13647,10,8,3071.68,15-04-2010 12:55,30-11-2011 12:00,1803,603,383.96,1,0.111111111,5,4,5,Champions,1.652054795,5074.583671
13648,400,8,1764.02,01-12-2009 18:13,04-11-2010 14:46,960,738,220.5025,3,0.272727273,2,4,4,At_Risk,2.021917808,3566.703452
13649,257,6,1678.88,30-06-2010 16:35,28-03-2011 11:51,863,527,279.8133333,0,0,2,4,4,At_Risk,1.443835616,2424.02674
13650,17,10,3288,26-01-2010 08:44,23-11-2011 12:22,1746,683,328.8,6,0.375,5,5,5,Champions,1.871232877,6152.613699
13651,35,3,226.85,23-11-2010 09:44,04-11-2011 14:59,62,382,75.61666667,1,0.25,4,3,1,Needs_Attention,1.046575342,237.4156164
13652,46,5,2570.85,25-02-2010 17:37,25-10-2011 08:51,1570,652,514.17,0,0,4,4,4,Champions,1.78630137,4592.312877
13653,488,1,152.2,09-08-2010 08:19,09-08-2010 08:19,72,488,152.2,0,0,1,1,1,lost,1.336986301,203.4893151
13654,43,11,6308,02-12-2009 11:43,27-10-2011 16:24,4762,738,573.4545455,0,0,4,5,5,Champions,2.021917808,12754.25753
13655,114,6,2280.51,27-04-2010 09:59,17-08-2011 14:25,1225,592,380.085,2,0.25,3,4,4,Loyal_customers,1.621917808,3698.799781
13656,165,4,1078.85,23-04-2010 12:50,28-06-2011 10:31,862,596,269.7125,3,0.428571429,3,3,3,Loyal_customers,1.632876712,1761.629041
13657,11,2,382.14,22-05-2011 12:35,29-11-2011 12:32,209,202,191.07,0,0,5,2,2,New_customers,0.553424658,211.4856986
13658,10,9,6025.5,05-02-2010 13:17,30-11-2011 10:13,2171,672,669.5,4,0.307692308,5,5,5,Champions,1.84109589,11093.52329
13659,206,12,4894.88,17-02-2010 09:05,18-05-2011 12:37,2539,661,407.9066667,5,0.294117647,2,5,5,At_Risk,1.810958904,8864.426521
13660,400,1,314.59,04-11-2010 16:10,04-11-2010 16:10,137,400,314.59,1,0.5,2,1,2,lost,1.095890411,344.7561644
13661,603,1,325.24,15-04-2010 14:58,15-04-2010 14:58,118,603,325.24,0,0,1,1,2,lost,1.652054795,537.3143014
13662,86,11,2250.11,19-02-2010 13:21,15-09-2011 12:04,1179,658,204.5554545,6,0.352941176,3,5,4,Loyal_customers,1.802739726,4056.362685
13663,179,5,2047.51,03-03-2010 10:11,13-06-2011 15:44,893,647,409.502,1,0.166666667,3,4,4,Loyal_customers,1.77260274,3629.421836
13665,386,3,1711.66,23-07-2010 13:29,18-11-2010 13:06,1652,504,570.5533333,0,0,2,3,4,At_Risk,1.380821918,2363.497644
13666,60,5,127.9,04-12-2009 10:48,10-10-2011 15:39,54,736,25.58,0,0,3,4,1,Needs_Attention,2.016438356,257.9024658
13667,149,1,305.02,13-07-2011 15:42,13-07-2011 15:42,154,149,305.02,0,0,3,1,2,Needs_Attention,0.408219178,124.5150137
13668,3,35,13089.94,11-12-2009 14:28,07-12-2011 12:11,6133,728,373.9982857,12,0.255319149,5,5,5,Champions,1.994520548,26108.1543
13669,51,3,413.55,28-10-2010 15:05,20-10-2011 09:32,393,407,137.85,0,0,4,3,2,Needs_Attention,1.115068493,461.1365753
13670,75,1,349.7,25-09-2011 15:25,25-09-2011 15:25,282,75,349.7,0,0,3,1,2,Needs_Attention,0.205479452,71.85616438
13671,395,1,194.95,10-11-2010 10:50,10-11-2010 10:50,107,395,194.95,0,0,2,1,1,lost,1.082191781,210.9732877
13672,301,3,419.92,09-12-2009 11:40,11-02-2011 13:53,138,731,139.9733333,4,0.571428571,2,3,2,At_Risk,2.002739726,840.9904658
13673,19,2,396.92,07-11-2011 15:40,21-11-2011 12:11,119,32,198.46,0,0,5,2,2,New_customers,0.087671233,34.79846575
13674,433,1,240.68,03-10-2010 10:41,03-10-2010 10:41,102,433,240.68,1,0.5,1,1,1,lost,1.18630137,285.5190137
13675,151,2,486.82,28-02-2011 12:14,11-07-2011 12:57,330,285,243.41,0,0,3,2,2,Needs_Attention,0.780821918,380.119726
13676,539,2,243.9,30-03-2010 16:53,18-06-2010 17:30,104,619,121.95,1,0.333333333,1,2,1,lost,1.695890411,413.6276712
13677,405,2,556.19,07-07-2010 17:25,31-10-2010 11:32,218,520,278.095,0,0,2,2,2,lost,1.424657534,792.380274
13678,152,1,232.6,11-07-2011 10:14,11-07-2011 10:14,924,152,232.6,0,0,3,1,1,Needs_Attention,0.416438356,96.86356164
13679,494,3,281.26,04-12-2009 16:52,03-08-2010 12:13,102,735,93.75333333,0,0,1,3,1,At_Risk,2.01369863,566.3728767
13680,1,12,11435.67,04-12-2009 14:14,08-12-2011 13:47,5252,735,952.9725,1,0.076923077,5,5,5,Champions,2.01369863,23027.99301
13681,18,4,827.83,07-07-2011 15:21,22-11-2011 11:13,360,155,206.9575,0,0,5,3,3,Loyal_customers,0.424657534,351.5442466
13682,187,1,59.5,05-06-2011 14:06,05-06-2011 14:06,10,187,59.5,0,0,3,1,1,Needs_Attention,0.512328767,30.48356164
13683,458,1,258.6,08-09-2010 10:00,08-09-2010 10:00,180,458,258.6,0,0,1,1,1,lost,1.254794521,324.489863
13684,286,4,596.98,28-03-2010 14:48,27-02-2011 10:13,235,621,149.245,2,0.333333333,2,3,2,At_Risk,1.701369863,1015.683781
13685,3,7,3119.44,10-10-2011 12:59,07-12-2011 11:41,5056,60,445.6342857,0,0,5,4,5,Champions,0.164383562,512.7846575
13686,183,3,409.04,03-11-2010 13:44,10-06-2011 09:10,378,401,136.3466667,0,0,3,3,2,Needs_Attention,1.098630137,449.3836712
13687,438,1,11880.84,27-09-2010 16:30,27-09-2010 16:30,87167,438,11880.84,0,0,1,1,5,Needs_Attention,1.2,14257.008
13688,635,1,375.5,14-03-2010 14:11,14-03-2010 14:11,130,635,375.5,0,0,1,1,2,lost,1.739726027,653.2671233
13689,63,2,1259.5,21-09-2010 10:27,07-10-2011 13:21,722,445,629.75,0,0,3,2,4,Needs_Attention,1.219178082,1535.554795
13690,59,1,172.25,11-10-2011 15:03,11-10-2011 15:03,67,59,172.25,0,0,4,1,1,New_customers,0.161643836,27.84315068
13691,396,1,212.78,08-11-2010 17:34,08-11-2010 17:34,145,396,212.78,0,0,2,1,1,lost,1.084931507,230.851726
13692,25,5,3114.4,15-10-2010 13:28,15-11-2011 11:17,2101,420,622.88,3,0.375,4,4,5,Champions,1.150684932,3583.693151
13693,374,9,2011.82,07-12-2009 11:29,30-11-2010 18:21,880,733,223.5355556,4,0.307692308,2,5,4,At_Risk,2.008219178,4040.175507
13694,4,143,196482.81,04-12-2009 15:26,06-12-2011 09:32,189205,735,1374.005664,21,0.12804878,5,5,5,Champions,2.01369863,395657.1653
13695,31,16,2770.73,11-05-2010 11:07,08-11-2011 14:26,1791,578,173.170625,0,0,4,5,4,Champions,1.583561644,4387.621753
13696,422,3,2020.4,11-02-2010 14:17,14-10-2010 09:44,552,666,673.4666667,1,0.25,1,3,4,At_Risk,1.824657534,3686.538082
13697,39,1,151.3,01-11-2011 09:14,01-11-2011 09:14,177,39,151.3,0,0,4,1,1,New_customers,0.106849315,16.16630137
13698,597,2,465.53,27-01-2010 09:02,22-04-2010 11:52,231,682,232.765,0,0,1,2,2,lost,1.868493151,869.8396164
13699,155,2,764.15,07-06-2010 13:03,07-07-2011 16:51,219,550,382.075,1,0.333333333,3,2,3,Needs_Attention,1.506849315,1151.458904
13700,26,13,2613.46,07-02-2010 10:53,13-11-2011 13:00,2809,671,201.0353846,1,0.071428571,4,5,4,Champions,1.838356164,4804.470301
13701,447,1,161,19-09-2010 12:39,19-09-2010 12:39,80,447,161,1,0.5,1,1,1,lost,1.224657534,197.169863
13702,446,1,135.18,20-09-2010 11:40,20-09-2010 11:40,74,446,135.18,0,0,1,1,1,lost,1.221917808,165.1788493
13703,318,2,425.56,20-10-2010 13:11,25-01-2011 13:10,128,415,212.78,1,0.333333333,2,2,2,lost,1.136986301,483.8558904
13704,5,9,2308.06,12-09-2011 14:40,04-12-2011 15:13,1531,88,256.4511111,1,0.1,5,5,4,Champions,0.24109589,556.4637808
13705,8,7,2035.33,25-03-2010 17:19,02-12-2011 12:32,1009,624,290.7614286,0,0,5,4,4,Champions,1.709589041,3479.577863
13706,303,2,631.17,23-03-2010 09:18,10-02-2011 09:21,301,627,315.585,0,0,2,2,3,Needs_Attention,1.717808219,1084.229014
13707,267,5,3365.86,21-06-2010 11:57,17-03-2011 18:03,2210,537,673.172,0,0,2,4,5,At_Risk,1.471232877,4951.96389
13708,271,1,296.88,13-03-2011 13:46,13-03-2011 13:46,306,271,296.88,0,0,2,1,2,lost,0.742465753,220.4232329
13709,4,18,7591.75,11-01-2010 10:40,06-12-2011 10:28,4130,698,421.7638889,4,0.181818182,5,5,5,Champions,1.912328767,14517.92192
13710,32,3,509.52,06-04-2010 12:54,08-11-2011 08:16,336,612,169.84,0,0,4,3,2,Needs_Attention,1.676712329,854.3184658
13711,219,9,1792.26,15-12-2009 19:04,05-05-2011 10:31,819,724,199.14,6,0.4,2,5,4,At_Risk,1.983561644,3555.058192
13712,247,2,766.42,08-04-2010 11:16,07-04-2011 12:33,1128,611,383.21,0,0,2,2,3,Needs_Attention,1.673972603,1282.966082
13713,408,3,743.26,05-05-2010 16:48,27-10-2010 16:18,286,583,247.7533333,0,0,2,3,3,At_Risk,1.597260274,1187.179671
13714,465,1,161.35,31-08-2010 13:57,31-08-2010 13:57,50,465,161.35,0,0,1,1,1,lost,1.273972603,205.5554795
13715,281,17,8483.29,11-03-2010 15:33,03-03-2011 19:21,4934,638,499.0170588,4,0.19047619,2,5,5,At_Risk,1.747945205,14828.32608
13716,269,1,138.28,15-03-2011 13:49,15-03-2011 13:49,138,269,138.28,0,0,2,1,1,lost,0.736986301,101.9104658
13717,32,8,1763.3,11-08-2010 09:40,07-11-2011 14:13,2144,486,220.4125,3,0.272727273,4,4,4,Champions,1.331506849,2347.846027
13718,246,2,306.55,17-02-2011 11:58,07-04-2011 13:24,173,296,153.275,0,0,2,2,2,lost,0.810958904,248.5994521
13719,15,11,2815.25,17-05-2010 14:36,24-11-2011 15:26,1599,571,255.9318182,0,0,5,5,4,Champions,1.564383562,4404.130822
13720,117,4,799.9,30-03-2011 09:17,15-08-2011 12:46,501,255,199.975,0,0,3,3,3,Loyal_customers,0.698630137,558.8342466
13721,36,2,741.54,09-11-2010 17:59,03-11-2011 14:05,512,395,370.77,0,0,4,2,3,New_customers,1.082191781,802.4884932
13722,132,10,5635.41,03-03-2010 14:13,31-07-2011 12:44,3059,646,563.541,1,0.090909091,3,5,5,Loyal_customers,1.769863014,9973.903726
13723,217,6,1209.2,07-04-2010 14:32,06-05-2011 17:04,629,611,201.5333333,0,0,2,4,3,At_Risk,1.673972603,2024.167671
13724,637,1,213.01,12-03-2010 15:28,12-03-2010 15:28,130,637,213.01,0,0,1,1,1,lost,1.745205479,371.7462192
13725,50,8,1980.56,04-02-2011 12:18,21-10-2011 10:03,806,309,247.57,3,0.272727273,4,4,4,Champions,0.846575342,1676.69326
13726,39,2,1079.66,31-08-2011 11:06,01-11-2011 10:49,1054,101,539.83,0,0,4,2,3,New_customers,0.276712329,298.7552329
13727,29,8,1080.05,09-12-2009 13:25,11-11-2011 09:46,370,730,135.00625,1,0.111111111,4,4,3,Loyal_customers,2,2160.1
13728,37,16,2855.17,09-12-2009 17:13,03-11-2011 10:49,1269,730,178.448125,0,0,4,5,4,Champions,2,5710.34
13729,436,3,724.73,24-01-2010 14:57,30-09-2010 10:44,419,684,241.5766667,2,0.4,1,3,3,At_Risk,1.873972603,1358.124164
13730,136,2,752.6,01-07-2011 12:47,27-07-2011 08:35,488,162,376.3,0,0,3,2,3,Needs_Attention,0.443835616,334.0306849
13731,219,2,610.59,07-04-2011 10:10,04-05-2011 14:33,278,247,305.295,0,0,2,2,2,lost,0.676712329,413.1937808
13732,28,1,491.86,11-11-2011 15:49,11-11-2011 15:49,498,28,491.86,0,0,4,1,2,New_customers,0.076712329,37.73172603
13733,411,2,487.03,04-12-2009 15:28,25-10-2010 12:18,335,735,243.515,1,0.333333333,1,2,2,lost,2.01369863,980.7316438
13734,509,4,6701.64,16-04-2010 08:42,19-07-2010 12:04,303,603,1675.41,2,0.333333333,1,3,5,At_Risk,1.652054795,11071.47649
13735,25,13,9813.22,13-12-2009 13:31,15-11-2011 11:14,4158,726,754.8630769,9,0.409090909,4,5,5,Champions,1.989041096,19518.89786
13736,5,7,2766.21,06-12-2009 12:07,04-12-2011 15:19,1552,734,395.1728571,5,0.416666667,5,4,4,Champions,2.010958904,5562.73463
13737,200,1,339.6,23-05-2011 16:32,23-05-2011 16:32,125,200,339.6,0,0,2,1,2,lost,0.547945205,186.0821918
13738,396,1,440.93,08-11-2010 15:23,08-11-2010 15:23,240,396,440.93,0,0,2,1,2,lost,1.084931507,478.3788493
13739,18,2,292.2,30-06-2010 10:25,21-11-2011 13:35,76,528,146.1,0,0,5,2,2,New_customers,1.446575342,422.6893151
13740,241,5,1597.77,02-12-2009 12:22,13-04-2011 10:32,991,738,319.554,0,0,2,4,4,At_Risk,2.021917808,3230.559616
13741,72,3,668.43,06-05-2011 13:43,29-09-2011 09:19,218,217,222.81,1,0.25,3,3,3,Loyal_customers,0.594520548,397.3953699
13742,17,12,3131.02,23-01-2011 14:59,23-11-2011 11:07,1124,320,260.9183333,2,0.142857143,5,5,5,Champions,0.876712329,2745.003836
13743,3,7,1341.6,25-03-2011 14:46,07-12-2011 10:09,1776,259,191.6571429,1,0.125,5,4,4,Champions,0.709589041,951.9846575
13744,95,2,1156.36,20-02-2011 14:08,05-09-2011 15:19,1249,292,578.18,0,0,3,2,3,Needs_Attention,0.8,925.088
13745,162,2,777.36,11-06-2010 17:19,30-06-2011 16:43,1146,546,388.68,2,0.5,3,2,3,Needs_Attention,1.495890411,1162.84537
13746,414,1,176.69,22-10-2010 11:55,22-10-2010 11:55,83,414,176.69,0,0,1,1,1,lost,1.134246575,200.4100274
13747,374,2,249.4,11-10-2010 09:15,01-12-2010 10:37,68,425,124.7,0,0,2,2,1,lost,1.164383562,290.3972603
13748,96,9,2268.35,01-12-2009 16:44,05-09-2011 09:45,1108,738,252.0388889,0,0,3,5,4,Loyal_customers,2.021917808,4586.41726
13750,54,11,3602.18,01-04-2010 14:49,17-10-2011 12:16,1370,617,327.4709091,2,0.153846154,4,5,5,Champions,1.690410959,6089.164548
13751,288,1,296.25,24-02-2011 15:56,24-02-2011 15:56,152,288,296.25,0,0,2,1,2,lost,0.789041096,233.7534247
13752,124,7,1590.73,30-06-2010 10:23,07-08-2011 14:16,1007,528,227.2471429,0,0,3,4,4,Loyal_customers,1.446575342,2301.110795
13753,288,4,2094.57,03-12-2009 10:20,25-02-2011 12:48,1450,737,523.6425,0,0,2,3,4,At_Risk,2.019178082,4229.309836
13754,152,3,447.05,28-09-2010 15:29,11-07-2011 11:51,315,437,149.0166667,0,0,3,3,2,Needs_Attention,1.197260274,535.2352055
13755,4,9,2161.35,07-10-2011 15:45,06-12-2011 12:26,1264,63,240.15,1,0.1,5,5,4,Champions,0.17260274,373.0549315
13756,2,23,9207.5,15-12-2009 15:18,07-12-2011 16:44,5441,724,400.326087,2,0.08,5,5,5,Champions,1.983561644,18263.64384
13757,675,1,195.55,03-02-2010 12:37,03-02-2010 12:37,54,675,195.55,0,0,1,1,1,lost,1.849315068,361.6335616
13758,12,15,9416.98,01-12-2009 10:06,28-11-2011 11:11,5068,739,627.7986667,4,0.210526316,5,5,5,Champions,2.024657534,19066.15951
13759,33,2,659.41,29-09-2011 15:40,06-11-2011 14:47,287,71,329.705,0,0,4,2,3,New_customers,0.194520548,128.2687945
13760,54,5,1363.64,25-04-2010 13:10,16-10-2011 16:13,623,593,272.728,1,0.166666667,4,4,4,Champions,1.624657534,2215.448
13761,50,6,1952.17,21-02-2010 11:08,20-10-2011 14:01,1079,657,325.3616667,0,0,4,4,4,Champions,1.8,3513.906
13762,219,5,2472.48,10-01-2010 12:13,05-05-2011 09:15,2608,699,494.496,1,0.166666667,2,4,4,At_Risk,1.915068493,4734.968548
13763,63,3,5217.44,30-09-2010 17:39,07-10-2011 15:13,3224,435,1739.146667,3,0.5,3,3,5,Loyal_customers,1.191780822,6218.044932
13764,71,6,2953.26,07-03-2010 12:56,30-09-2011 12:03,2099,642,492.21,0,0,3,4,4,Loyal_customers,1.75890411,5194.501151
13765,653,1,352.821,24-02-2010 13:46,24-02-2010 13:46,297,653,352.821,0,0,1,1,2,lost,1.789041096,631.2112685
13766,495,1,190.35,01-08-2010 14:25,01-08-2010 14:25,137,495,190.35,0,0,1,1,1,lost,1.356164384,258.1458904
13767,2,73,35540.53,01-12-2009 10:52,07-12-2011 15:00,15235,739,486.8565753,23,0.239583333,5,5,5,Champions,2.024657534,71957.40184
13768,727,2,875.97,09-12-2009 10:25,13-12-2009 10:41,373,731,437.985,6,0.75,1,2,3,Needs_Attention,2.002739726,1754.339918
13769,2,20,5800.42,16-12-2009 11:59,07-12-2011 15:08,2574,724,290.021,9,0.310344828,5,5,5,Champions,1.983561644,11505.49063
13770,422,4,785.37,09-12-2009 14:44,13-10-2010 15:10,468,730,196.3425,0,0,1,3,3,At_Risk,2,1570.74
13771,64,9,5728.82,25-02-2010 12:37,06-10-2011 14:18,3140,653,636.5355556,1,0.1,3,5,5,Loyal_customers,1.789041096,10249.09441
13772,34,8,3114.22,23-02-2010 13:55,06-11-2011 11:43,1456,654,389.2775,1,0.111111111,4,4,5,Champions,1.791780822,5579.999671
13773,397,2,301.54,18-02-2010 10:27,08-11-2010 11:49,174,660,150.77,0,0,2,2,2,lost,1.808219178,545.250411
13774,82,1,345,19-09-2011 12:06,19-09-2011 12:06,192,82,345,0,0,3,1,2,Needs_Attention,0.224657534,77.50684932
13775,591,1,1049.66,28-04-2010 12:15,28-04-2010 12:15,455,591,1049.66,0,0,1,1,3,Needs_Attention,1.619178082,1699.586466
13776,428,2,623.98,07-10-2010 16:07,07-10-2010 16:11,2,428,311.99,6,0.75,1,2,3,Needs_Attention,1.17260274,731.6806575
13777,1,61,56478.42,02-12-2009 09:47,09-12-2011 12:25,26742,738,925.8757377,12,0.164383562,5,5,5,Champions,2.021917808,114194.7232
13778,103,4,1124.49,23-05-2010 13:34,28-08-2011 15:25,511,565,281.1225,1,0.2,3,3,3,Loyal_customers,1.547945205,1740.648904
13779,516,1,161.13,12-07-2010 11:24,12-07-2010 11:24,53,516,161.13,0,0,1,1,1,lost,1.41369863,227.7892603
13780,7,3,735.82,28-10-2010 19:51,02-12-2011 13:49,481,407,245.2733333,0,0,5,3,3,Loyal_customers,1.115068493,820.4896986
13781,251,3,778.83,18-12-2009 15:46,03-04-2011 12:08,300,721,259.61,1,0.25,2,3,3,At_Risk,1.975342466,1538.455973
13782,13,13,1793.72,06-12-2009 12:52,27-11-2011 11:54,649,733,137.9784615,1,0.071428571,5,5,4,Champions,2.008219178,3602.182904
13783,488,4,1542.09,04-02-2010 13:47,09-08-2010 09:23,3437,673,385.5225,0,0,1,3,4,At_Risk,1.843835616,2843.360466
13784,10,14,2910.23,15-09-2010 12:27,30-11-2011 09:33,2827,451,207.8735714,1,0.066666667,5,5,4,Champions,1.235616438,3595.928027
13785,429,4,542.49,05-09-2010 16:01,07-10-2010 09:25,151,460,135.6225,0,0,1,3,2,At_Risk,1.260273973,683.6860274
13786,367,6,3358.94,03-12-2009 15:32,07-12-2010 13:53,1652,736,559.8233333,2,0.25,2,4,5,At_Risk,2.016438356,6773.095452
13787,76,6,1222.5,14-01-2010 10:13,25-09-2011 12:06,998,695,203.75,3,0.333333333,3,4,3,Loyal_customers,1.904109589,2327.773973
13788,505,1,3.75,22-07-2010 15:50,22-07-2010 15:50,1,505,3.75,0,0,1,1,1,lost,1.383561644,5.188356164
13789,388,1,239.46,16-11-2010 15:31,16-11-2010 15:31,258,388,239.46,0,0,2,1,1,lost,1.063013699,254.5492603
13790,4,1,348.8,05-12-2011 15:48,05-12-2011 15:48,748,4,348.8,0,0,5,1,2,New_customers,0.010958904,3.822465753
13791,128,2,1516,24-06-2011 16:38,04-08-2011 11:44,1200,168,758,1,0.333333333,3,2,4,Needs_Attention,0.460273973,697.7753425
13792,66,3,383.95,13-10-2010 11:05,04-10-2011 14:31,156,423,127.9833333,0,0,3,3,2,Needs_Attention,1.15890411,444.9612329
13793,647,1,96,03-03-2010 08:25,03-03-2010 08:25,52,647,96,0,0,1,1,1,lost,1.77260274,170.169863
13794,547,1,126.03,11-06-2010 12:30,11-06-2010 12:30,63,547,126.03,0,0,1,1,1,lost,1.498630137,188.8723562
13795,388,4,836.3,12-03-2010 12:44,16-11-2010 17:25,1250,638,209.075,0,0,2,3,3,At_Risk,1.747945205,1461.806575
13796,499,1,289.7,28-07-2010 14:45,28-07-2010 14:45,218,499,289.7,0,0,1,1,1,lost,1.367123288,396.0556164
13797,437,3,1179.45,02-03-2010 12:17,29-09-2010 10:34,573,648,393.15,1,0.25,1,3,3,At_Risk,1.775342466,2093.927671
13798,1,110,75836.87,08-12-2009 16:21,08-12-2011 15:51,48347,731,689.4260909,15,0.12,5,5,5,Champions,2.002739726,151881.5122
13799,117,9,2803.57,05-03-2010 16:39,15-08-2011 12:07,1539,644,311.5077778,4,0.307692308,3,5,4,Loyal_customers,1.764383562,4946.572822
13800,310,3,1679.56,03-12-2009 10:03,03-02-2011 12:27,891,737,559.8533333,0,0,2,3,4,At_Risk,2.019178082,3391.33074
13801,67,1,324.8,04-10-2011 10:15,04-10-2011 10:15,168,67,324.8,0,0,3,1,2,Needs_Attention,0.183561644,59.62082192
13802,139,19,26259.11,16-02-2010 10:11,24-07-2011 10:54,14129,662,1382.058421,5,0.208333333,3,5,5,Loyal_customers,1.81369863,47626.11184
13803,255,3,1338.91,31-03-2010 10:00,29-03-2011 12:57,831,619,446.3033333,1,0.25,2,3,4,At_Risk,1.695890411,2270.64463
13804,31,9,3208.52,29-09-2010 10:26,09-11-2011 12:32,1833,437,356.5022222,0,0,4,5,5,Champions,1.197260274,3841.433534
13805,52,2,924.6,02-08-2011 15:29,18-10-2011 14:50,1900,129,462.3,0,0,4,2,3,New_customers,0.353424658,326.7764384
13806,64,1,256.38,07-10-2011 11:43,07-10-2011 11:43,56,64,256.38,0,0,3,1,1,Needs_Attention,0.175342466,44.95430137
13807,367,3,534.8,04-12-2009 12:41,07-12-2010 15:48,152,736,178.2666667,1,0.25,2,3,2,At_Risk,2.016438356,1078.391233
13808,6,5,1747.66,04-09-2011 12:07,04-12-2011 12:18,782,97,349.532,0,0,5,4,4,Champions,0.265753425,464.4466301
13809,305,3,679.7,05-09-2010 11:42,07-02-2011 13:15,281,461,226.5666667,0,0,2,3,3,At_Risk,1.263013699,858.470411
13810,29,3,1499.01,14-10-2011 12:57,11-11-2011 08:33,312,56,499.67,1,0.25,4,3,4,Loyal_customers,0.153424658,229.9850959
13811,184,3,814.5,14-04-2011 18:40,09-06-2011 09:54,68,239,271.5,1,0.25,3,3,3,Loyal_customers,0.654794521,533.330137
13812,42,3,539,26-08-2011 12:54,28-10-2011 14:27,333,105,179.6666667,0,0,4,3,2,Needs_Attention,0.287671233,155.0547945
13813,40,8,2765.47,06-12-2009 10:16,31-10-2011 10:38,1292,734,345.68375,4,0.333333333,4,4,4,Champions,2.010958904,5561.246521
13814,92,3,2257.32,30-06-2010 14:12,08-09-2011 13:48,1214,527,752.44,2,0.4,3,3,4,Loyal_customers,1.443835616,3259.199014
13815,22,8,7475.74,12-02-2010 10:26,17-11-2011 14:19,5381,666,934.4675,2,0.2,4,4,5,Champions,1.824657534,13640.66532
13816,24,2,571.67,06-10-2011 14:37,16-11-2011 08:38,269,64,285.835,2,0.5,4,2,2,New_customers,0.175342466,100.2380274
13817,29,2,382.98,23-12-2010 11:46,10-11-2011 17:49,211,352,191.49,0,0,4,2,2,New_customers,0.964383562,369.3396164
13818,430,1,61.28,06-10-2010 12:35,06-10-2010 12:35,60,430,61.28,0,0,1,1,1,lost,1.178082192,72.19287671
13819,302,6,2642.35,01-12-2009 16:18,11-02-2011 10:38,2309,738,440.3916667,1,0.142857143,2,4,4,At_Risk,2.021917808,5342.614521
13820,418,3,660.65,28-01-2010 12:26,17-10-2010 13:46,287,681,220.2166667,2,0.4,1,3,3,At_Risk,1.865753425,1232.61
13821,145,6,1410.73,04-01-2010 13:36,18-07-2011 09:49,483,704,235.1216667,1,0.142857143,3,4,4,Loyal_customers,1.928767123,2720.969644
13822,6,2,632,30-10-2011 15:55,04-12-2011 12:13,611,40,316,0,0,5,2,3,New_customers,0.109589041,69.26027397
13823,19,7,3403.45,15-12-2009 14:34,21-11-2011 10:22,1564,724,486.2071429,1,0.125,5,4,5,Champions,1.983561644,6750.952877
13824,33,12,3314.76,12-03-2010 15:17,07-11-2011 12:41,1442,637,276.23,2,0.142857143,4,5,5,Champions,1.745205479,5784.937315
13825,622,2,255.59,09-12-2009 14:30,28-03-2010 11:02,182,730,127.795,0,0,1,2,1,lost,2,511.18
13826,176,1,189.5,16-06-2011 13:48,16-06-2011 13:48,82,176,189.5,1,0.5,3,1,1,Needs_Attention,0.482191781,91.37534247
13827,58,3,412.05,19-07-2011 15:38,13-10-2011 12:38,141,143,137.35,0,0,4,3,2,Needs_Attention,0.391780822,161.4332877
13828,22,1,209.49,17-11-2011 16:02,17-11-2011 16:02,311,22,209.49,0,0,4,1,1,New_customers,0.060273973,12.62679452
13829,421,1,102,14-10-2010 18:19,14-10-2010 18:19,12,421,102,1,0.5,1,1,1,lost,1.153424658,117.6493151
13830,582,1,156.85,07-05-2010 12:24,07-05-2010 12:24,47,582,156.85,1,0.5,1,1,1,lost,1.594520548,250.1005479
13831,16,18,7023.58,10-12-2009 14:50,23-11-2011 15:41,2557,729,390.1988889,2,0.1,5,5,5,Champions,1.997260274,14027.91732
13832,19,2,613.69,13-10-2010 14:41,20-11-2011 15:36,422,422,306.845,1,0.333333333,5,2,2,New_customers,1.156164384,709.5265205
13833,159,2,701.36,31-10-2010 14:11,03-07-2011 13:27,244,404,350.68,0,0,3,2,3,Needs_Attention,1.106849315,776.2998356
13834,577,2,324.19,08-02-2010 12:52,12-05-2010 10:27,221,669,162.095,1,0.333333333,1,2,2,lost,1.832876712,594.2003014
13835,25,7,1095.27,04-03-2010 08:26,14-11-2011 15:37,520,646,156.4671429,1,0.125,4,4,3,Loyal_customers,1.769863014,1938.477863
13836,399,2,620.37,21-10-2010 13:27,05-11-2010 13:31,273,414,310.185,1,0.333333333,2,2,3,Needs_Attention,1.134246575,703.6525479
13837,212,2,271.24,26-01-2011 12:15,12-05-2011 12:10,183,318,135.62,0,0,2,2,1,lost,0.871232877,236.3132055
13838,6,10,1966.09,09-05-2010 11:40,04-12-2011 11:00,794,580,196.609,0,0,5,5,4,Champions,1.589041096,3124.197808
13839,486,1,139.95,10-08-2010 13:52,10-08-2010 13:52,25,486,139.95,0,0,1,1,1,lost,1.331506849,186.3443836
13840,416,1,651.4,19-10-2010 13:34,19-10-2010 13:34,358,416,651.4,0,0,1,1,3,Needs_Attention,1.139726027,742.4175342
13841,253,1,85,01-04-2011 12:10,01-04-2011 12:10,100,253,85,0,0,2,1,1,lost,0.693150685,58.91780822
13842,59,18,5629.91,16-02-2010 15:54,12-10-2011 10:51,2879,661,312.7727778,1,0.052631579,4,5,5,Champions,1.810958904,10195.53564
13843,381,1,319.75,23-11-2010 17:48,23-11-2010 17:48,145,381,319.75,0,0,2,1,2,lost,1.043835616,333.7664384
13844,11,1,361.62,28-11-2011 13:21,28-11-2011 13:21,196,11,361.62,0,0,5,1,2,New_customers,0.030136986,10.89813699
13845,65,1,312.98,06-10-2011 08:25,06-10-2011 08:25,182,65,312.98,0,0,3,1,2,Needs_Attention,0.178082192,55.73616438
13846,25,4,1307.79,05-11-2010 09:47,15-11-2011 12:07,705,400,326.9475,1,0.2,4,3,4,Loyal_customers,1.095890411,1433.194521
13847,720,1,310.72,20-12-2009 10:41,20-12-2009 10:41,96,720,310.72,0,0,1,1,2,lost,1.97260274,612.9271233
13848,92,8,3335,09-12-2009 16:17,08-09-2011 12:58,10200,730,416.875,0,0,3,4,5,Loyal_customers,2,6670
13849,52,5,3469.3,25-03-2010 12:03,19-10-2011 10:59,1883,625,693.86,1,0.166666667,4,4,5,Champions,1.712328767,5940.582192
13850,129,1,1595.48,02-08-2011 14:04,02-08-2011 14:04,944,129,1595.48,1,0.5,3,1,4,Needs_Attention,0.353424658,563.8819726
13851,96,8,4606.46,29-01-2010 11:54,05-09-2011 12:36,2525,680,575.8075,1,0.111111111,3,4,5,Loyal_customers,1.863013699,8581.898082
13852,611,1,187.35,08-04-2010 09:06,08-04-2010 09:06,85,611,187.35,1,0.5,1,1,1,lost,1.673972603,313.6187671
13853,57,1,1090.14,13-10-2011 14:18,13-10-2011 14:18,312,57,1090.14,1,0.5,4,1,3,New_customers,0.156164384,170.2410411
13854,9,39,12253.96,08-01-2010 11:28,01-12-2011 09:06,3710,701,314.2041026,6,0.133333333,5,5,5,Champions,1.920547945,23534.3177
13855,501,4,1310.34,08-12-2009 16:56,27-07-2010 09:53,575,731,327.585,1,0.2,1,3,4,At_Risk,2.002739726,2624.269973
13856,169,11,1142.03,30-03-2010 15:40,24-06-2011 10:03,1105,619,103.8209091,4,0.266666667,3,5,3,Loyal_customers,1.695890411,1936.757726
13857,393,6,1001.01,17-05-2010 14:21,11-11-2010 12:54,782,571,166.835,1,0.142857143,2,4,3,At_Risk,1.564383562,1565.963589
13858,57,1,216.17,13-10-2011 16:17,13-10-2011 16:17,75,57,216.17,0,0,4,1,1,New_customers,0.156164384,33.75805479
13859,326,2,515.86,28-06-2010 15:36,17-01-2011 16:14,167,529,257.93,0,0,2,2,2,lost,1.449315068,747.6436712
13860,1,5,1245.9,14-09-2011 09:27,08-12-2011 12:57,591,87,249.18,1,0.166666667,5,4,3,Loyal_customers,0.238356164,296.9679452
13861,429,2,273.26,27-06-2010 11:37,06-10-2010 14:20,225,531,136.63,1,0.333333333,1,2,1,lost,1.454794521,397.5371507
13862,18,9,2556.09,15-11-2010 13:43,21-11-2011 16:24,1927,389,284.01,2,0.181818182,5,5,4,Champions,1.065753425,2724.161671
13863,248,4,1239.55,25-04-2010 13:09,06-04-2011 10:20,553,593,309.8875,2,0.333333333,2,3,3,At_Risk,1.624657534,2013.844247
13864,387,1,662.4,18-11-2010 12:50,18-11-2010 12:50,192,387,662.4,0,0,2,1,3,Needs_Attention,1.060273973,702.3254795
13865,58,4,501.56,23-02-2011 12:04,12-10-2011 13:31,204,290,125.39,0,0,4,3,2,Needs_Attention,0.794520548,398.499726
13866,74,1,145.67,26-09-2011 14:54,26-09-2011 14:54,57,74,145.67,0,0,3,1,1,Needs_Attention,0.202739726,29.53309589
13867,31,3,1015.29,05-05-2011 17:28,08-11-2011 15:48,513,218,338.43,0,0,4,3,3,Loyal_customers,0.597260274,606.3923836
13868,7,2,3192.54,01-11-2011 12:45,02-12-2011 16:32,1964,39,1596.27,0,0,5,2,5,New_customers,0.106849315,341.1207123
13869,123,10,8111.57,17-01-2010 14:53,08-08-2011 13:53,4358,691,811.157,0,0,3,5,5,Loyal_customers,1.893150685,15356.4243
13870,2,15,5712.08,08-02-2010 12:08,07-12-2011 13:23,3449,670,380.8053333,3,0.166666667,5,5,5,Champions,1.835616438,10485.18795
13871,23,17,7885.85,20-12-2009 13:09,17-11-2011 10:49,3502,719,463.8735294,4,0.19047619,4,5,5,Champions,1.969863014,15534.04425
13872,527,3,919.57,14-12-2009 09:56,30-06-2010 15:35,339,726,306.5233333,3,0.5,1,3,3,At_Risk,1.989041096,1829.062521
13873,120,8,1038.92,03-03-2010 12:31,12-08-2011 10:08,472,647,129.865,1,0.111111111,3,4,3,Loyal_customers,1.77260274,1841.592438
13874,358,7,2049.15,04-02-2010 18:39,16-12-2010 18:20,864,673,292.7357143,3,0.3,2,4,4,At_Risk,1.843835616,3778.295753
13875,54,14,4814.37,17-12-2009 10:30,17-10-2011 09:36,3072,723,343.8835714,0,0,4,5,5,Champions,1.980821918,9536.409616
13876,64,1,122.7,07-10-2011 10:22,07-10-2011 10:22,36,64,122.7,0,0,3,1,1,Needs_Attention,0.175342466,21.51452055
13877,86,3,449.68,19-01-2010 10:53,14-09-2011 15:49,478,690,149.8933333,2,0.4,3,3,2,Needs_Attention,1.890410959,850.08
13878,55,4,2473.06,14-04-2010 13:50,16-10-2011 12:19,959,604,618.265,0,0,4,3,4,Loyal_customers,1.654794521,4092.406137
13879,646,1,395.5,04-03-2010 10:49,04-03-2010 10:49,204,646,395.5,0,0,1,1,2,lost,1.769863014,699.9808219
13880,21,17,4391.66,26-05-2010 14:29,18-11-2011 13:44,2589,562,258.3329412,0,0,4,5,5,Champions,1.539726027,6761.953205
13881,4,43,45179.1,04-03-2010 14:41,06-12-2011 12:50,29760,645,1050.676744,8,0.156862745,5,5,5,Champions,1.767123288,79837.03973
13882,3,5,1191.13,06-10-2011 15:28,07-12-2011 11:16,953,64,238.226,1,0.166666667,5,4,3,Loyal_customers,0.175342466,208.8556712
13883,11,15,6560.02,08-12-2009 17:26,29-11-2011 10:45,3584,731,437.3346667,11,0.423076923,5,5,5,Champions,2.002739726,13138.01266
13884,7,10,1888.48,26-08-2010 19:57,02-12-2011 16:30,797,470,188.848,4,0.285714286,5,5,4,Champions,1.287671233,2431.74137
13885,189,2,506.8,23-05-2011 08:52,03-06-2011 15:07,182,201,253.4,0,0,3,2,2,Needs_Attention,0.550684932,279.0871233
13886,71,1,243.56,29-09-2011 13:17,29-09-2011 13:17,126,71,243.56,0,0,3,1,1,Needs_Attention,0.194520548,47.37742466
13887,204,1,349.55,19-05-2011 17:22,19-05-2011 17:22,147,204,349.55,0,0,2,1,2,lost,0.55890411,195.3649315
13888,120,7,2169.05,13-05-2010 11:57,12-08-2011 10:13,903,576,309.8642857,0,0,3,4,4,Loyal_customers,1.578082192,3422.939178
13889,93,6,1991.23,22-01-2010 14:32,08-09-2011 09:13,979,686,331.8716667,2,0.25,3,4,4,Loyal_customers,1.879452055,3742.421315
13890,1,14,2927.38,06-12-2009 15:15,08-12-2011 15:36,1392,733,209.0985714,8,0.363636364,5,5,4,Champions,2.008219178,5878.820658
13891,378,3,863.56,06-05-2010 16:02,26-11-2010 15:57,479,582,287.8533333,0,0,2,3,3,At_Risk,1.594520548,1376.964164
13892,27,6,1267.65,13-05-2010 10:32,13-11-2011 11:50,3125,576,211.275,0,0,4,4,4,Champions,1.578082192,2000.45589
13893,298,1,821.1,15-02-2011 11:30,15-02-2011 11:30,190,298,821.1,0,0,2,1,3,Needs_Attention,0.816438356,670.3775342
13894,24,3,564.62,02-02-2011 12:54,16-11-2011 09:44,354,310,188.2066667,2,0.4,4,3,2,Needs_Attention,0.849315068,479.540274
13895,28,6,4008.52,03-12-2009 13:09,11-11-2011 16:57,2060,736,668.0866667,2,0.25,4,4,5,Champions,2.016438356,8082.933479
13896,626,1,388.55,24-03-2010 08:55,24-03-2010 08:55,149,626,388.55,0,0,1,1,2,lost,1.715068493,666.389863
13897,50,3,1160.72,31-01-2010 13:48,20-10-2011 14:30,820,677,386.9066667,0,0,4,3,3,Loyal_customers,1.854794521,2152.897096
13898,326,2,686.4,24-10-2010 15:42,18-01-2011 10:28,544,411,343.2,0,0,2,2,3,Needs_Attention,1.126027397,772.9052055
13899,16,2,388.52,10-03-2011 09:30,23-11-2011 13:40,156,275,194.26,0,0,5,2,2,New_customers,0.753424658,292.7205479
13900,183,6,1610.59,25-03-2010 13:46,09-06-2011 19:26,938,624,268.4316667,1,0.142857143,3,4,4,Loyal_customers,1.709589041,2753.447014
13901,72,15,5676.34,05-01-2010 09:29,28-09-2011 14:48,3344,704,378.4226667,5,0.25,3,5,5,Loyal_customers,1.928767123,10948.33797
13902,632,5,34095.26,15-12-2009 10:02,17-03-2010 13:09,220600,725,6819.052,3,0.375,1,4,5,At_Risk,1.98630137,67723.46164
13903,400,1,165.45,04-11-2010 17:44,04-11-2010 17:44,103,400,165.45,0,0,2,1,1,lost,1.095890411,181.3150685
13904,37,2,332.64,18-02-2011 11:18,02-11-2011 13:41,332,295,166.32,0,0,4,2,2,New_customers,0.808219178,268.8460274
13905,733,1,312.65,07-12-2009 11:41,07-12-2009 11:41,135,733,312.65,2,0.666666667,1,1,2,lost,2.008219178,627.869726
13906,409,1,42,26-10-2010 15:00,26-10-2010 15:00,100,409,42,0,0,2,1,1,lost,1.120547945,47.0630137
13907,692,1,136.8,17-01-2010 12:22,17-01-2010 12:22,68,692,136.8,0,0,1,1,1,lost,1.895890411,259.3578082
13908,80,4,2369.55,08-03-2011 12:04,21-09-2011 11:49,1478,277,592.3875,1,0.2,3,3,4,Loyal_customers,0.75890411,1798.261233
13909,423,2,286.6,06-07-2010 16:52,12-10-2010 17:22,302,521,143.3,0,0,1,2,1,lost,1.42739726,409.0920548
13911,57,20,4234.99,01-03-2010 16:31,13-10-2011 15:43,4487,648,211.7495,2,0.090909091,4,5,5,Champions,1.775342466,7518.557589
13912,424,1,124.95,12-10-2010 08:43,12-10-2010 08:43,29,424,124.95,0,0,1,1,1,lost,1.161643836,145.1473973
13913,507,1,42.22,21-07-2010 10:11,21-07-2010 10:11,10,507,42.22,0,0,1,1,1,lost,1.389041096,58.64531507
13914,12,2,626.45,03-11-2011 16:28,28-11-2011 10:35,380,36,313.225,1,0.333333333,5,2,3,New_customers,0.098630137,61.78684932
13915,394,1,70.8,10-11-2010 15:17,10-11-2010 15:17,24,394,70.8,1,0.5,2,1,1,lost,1.079452055,76.42520548
13916,464,4,1275.81,02-02-2010 10:06,02-09-2010 10:04,673,676,318.9525,1,0.2,1,3,4,At_Risk,1.852054795,2362.870027
13917,50,2,272.04,01-06-2011 12:46,21-10-2011 09:56,228,192,136.02,0,0,4,2,1,New_customers,0.526027397,143.1004932
13918,50,2,1212.84,31-03-2011 18:05,21-10-2011 12:25,1140,253,606.42,0,0,4,2,3,New_customers,0.693150685,840.6808767
13919,59,4,1360.68,17-06-2010 09:30,11-10-2011 14:24,1133,541,340.17,1,0.2,4,3,4,Loyal_customers,1.482191781,2016.788712
13920,432,4,1774.68,26-05-2010 15:48,04-10-2010 12:37,1772,562,443.67,1,0.2,1,3,4,At_Risk,1.539726027,2732.520986
13921,402,4,730.7,18-12-2009 12:19,02-11-2010 16:32,210,722,182.675,1,0.2,2,3,3,At_Risk,1.978082192,1445.384658
13922,352,3,865.2,29-08-2010 14:36,23-12-2010 10:38,467,467,288.4,2,0.4,2,3,3,At_Risk,1.279452055,1106.981918
13923,54,1,351.13,17-10-2011 12:33,17-10-2011 12:33,185,54,351.13,0,0,4,1,2,New_customers,0.147945205,51.948
13924,2,6,1838.85,28-09-2011 15:07,08-12-2011 09:39,1575,72,306.475,5,0.454545455,5,4,4,Champions,0.197260274,362.7320548
13925,93,4,678.25,28-07-2011 12:09,08-09-2011 12:47,331,135,169.5625,2,0.333333333,3,3,3,Loyal_customers,0.369863014,250.859589
13926,23,1,223.85,16-11-2011 13:16,16-11-2011 13:16,104,23,223.85,0,0,4,1,1,New_customers,0.063013699,14.10561644
13927,75,2,708.26,28-09-2010 16:12,26-09-2011 12:00,463,437,354.13,1,0.333333333,3,2,3,Needs_Attention,1.197260274,847.9715616
13928,11,4,464.57,29-07-2011 15:59,29-11-2011 10:33,129,133,116.1425,0,0,5,3,2,Needs_Attention,0.364383562,169.2816712
13929,169,11,3494.1,14-01-2010 07:25,23-06-2011 15:26,1566,695,317.6454545,3,0.214285714,3,5,5,Loyal_customers,1.904109589,6653.149315
13930,58,2,337.34,26-07-2011 11:00,13-10-2011 09:45,274,137,168.67,0,0,4,2,2,New_customers,0.375342466,126.6180274
13931,96,11,5257.38,03-12-2009 10:26,05-09-2011 10:12,3488,737,477.9436364,1,0.083333333,3,5,5,Loyal_customers,2.019178082,10615.58647
13932,295,1,307.4,18-02-2011 12:02,18-02-2011 12:02,72,295,307.4,0,0,2,1,2,lost,0.808219178,248.4465753
13933,109,2,608.79,14-07-2011 13:35,22-08-2011 14:03,205,148,304.395,0,0,3,2,2,Needs_Attention,0.405479452,246.8518356
13934,264,1,922.1,21-03-2011 08:39,21-03-2011 08:39,390,264,922.1,0,0,2,1,3,Needs_Attention,0.723287671,666.9435616
13935,597,3,6116.92,25-02-2010 16:01,22-04-2010 11:21,2252,652,2038.973333,0,0,1,3,5,At_Risk,1.78630137,10926.66258
13936,180,3,939.66,21-10-2010 14:21,13-06-2011 08:47,661,414,313.22,1,0.25,3,3,3,Loyal_customers,1.134246575,1065.806137
13937,169,2,880.13,02-11-2010 12:37,23-06-2011 16:35,587,403,440.065,1,0.333333333,3,2,3,Needs_Attention,1.104109589,971.7599726
13938,35,1,71.66,04-11-2011 14:37,04-11-2011 14:37,70,35,71.66,0,0,4,1,1,New_customers,0.095890411,6.871506849
13939,23,7,1560.96,06-04-2010 12:43,16-11-2011 13:33,1608,613,222.9942857,3,0.3,4,4,4,Champions,1.679452055,2621.557479
13940,17,4,839.14,18-07-2011 16:05,22-11-2011 15:15,516,144,209.785,0,0,5,3,3,Loyal_customers,0.394520548,331.0579726
13941,22,15,11122.3,16-12-2009 16:10,18-11-2011 09:43,5426,723,741.4866667,2,0.117647059,4,5,5,Champions,1.980821918,22031.29562
13942,535,1,320,23-06-2010 12:35,23-06-2010 12:35,1000,535,320,0,0,1,1,2,lost,1.465753425,469.0410959
13943,578,1,246.54,11-05-2010 11:30,11-05-2010 11:30,94,578,246.54,0,0,1,1,1,lost,1.583561644,390.4112877
13944,653,1,200.43,24-02-2010 15:02,24-02-2010 15:02,153,653,200.43,0,0,1,1,1,lost,1.789041096,358.5775068
13945,395,2,854.15,17-08-2010 09:59,10-11-2010 10:00,413,480,427.075,0,0,2,2,3,Needs_Attention,1.315068493,1123.265753
13946,79,6,1876.23,04-12-2009 11:07,21-09-2011 13:33,2847,736,312.705,1,0.142857143,3,4,4,Loyal_customers,2.016438356,3783.302137
13947,65,1,90.6,05-10-2011 14:42,05-10-2011 14:42,44,65,90.6,0,0,3,1,1,Needs_Attention,0.178082192,16.13424658
13948,361,4,548.76,04-12-2009 12:14,14-12-2010 10:18,248,736,137.19,1,0.2,2,3,2,At_Risk,2.016438356,1106.540712
13949,3,6,2427.32,06-09-2011 11:55,07-12-2011 09:35,2474,95,404.5533333,0,0,5,4,4,Champions,0.260273973,631.7682192
13950,11,4,745.06,07-04-2011 11:29,28-11-2011 14:44,323,247,186.265,1,0.2,5,3,3,Loyal_customers,0.676712329,504.1912877
13951,176,3,674.45,18-02-2011 15:21,16-06-2011 16:43,459,294,224.8166667,0,0,3,3,3,Loyal_customers,0.805479452,543.2556164
13952,218,14,12823.521,16-12-2009 09:41,06-05-2011 09:00,5947,724,915.9657857,3,0.176470588,2,5,5,At_Risk,1.983561644,25436.24439
13953,7,12,6640.68,11-12-2009 12:58,02-12-2011 16:04,5224,728,553.39,0,0,5,5,5,Champions,1.994520548,13244.97271
13954,2,2,439.92,30-09-2011 10:52,08-12-2011 12:50,150,71,219.96,1,0.333333333,5,2,2,New_customers,0.194520548,85.57347945
13955,154,3,545.17,29-11-2010 17:35,08-07-2011 17:19,274,375,181.7233333,0,0,3,3,2,Needs_Attention,1.02739726,560.1061644
13956,5,5,1026.42,13-03-2011 12:51,04-12-2011 13:20,491,271,205.284,0,0,5,4,3,Loyal_customers,0.742465753,762.0816986
13957,418,3,458.25,19-02-2010 10:32,18-10-2010 10:02,157,659,152.75,0,0,1,3,2,At_Risk,1.805479452,827.3609589
13958,380,8,4709.23,05-12-2009 13:12,25-11-2010 10:11,2264,734,588.65375,4,0.333333333,2,4,5,At_Risk,2.010958904,9470.068
13959,79,6,1076.18,16-07-2010 15:11,21-09-2011 15:06,700,511,179.3633333,0,0,3,4,3,Loyal_customers,1.4,1506.652
13960,21,2,230.22,29-09-2011 12:39,18-11-2011 15:27,142,72,115.11,0,0,4,2,1,New_customers,0.197260274,45.41326027
13961,392,1,538.4,12-11-2010 14:40,12-11-2010 14:40,226,392,538.4,1,0.5,2,1,2,lost,1.073972603,578.2268493
13962,22,3,362.8,30-09-2010 10:35,18-11-2011 08:47,160,436,120.9333333,0,0,4,3,2,Needs_Attention,1.194520548,433.3720548
13963,308,17,3011.87,21-04-2010 16:20,04-02-2011 14:43,2061,597,177.1688235,1,0.055555556,2,5,5,At_Risk,1.635616438,4926.264082
13964,387,2,438.9,05-10-2010 12:38,17-11-2010 13:53,228,431,219.45,1,0.333333333,2,2,2,lost,1.180821918,518.2627397
13965,477,3,996.61,05-01-2010 15:21,20-08-2010 10:40,425,703,332.2033333,2,0.4,1,3,3,At_Risk,1.926027397,1919.498164
13966,435,1,390.86,30-09-2010 13:08,30-09-2010 13:08,772,435,390.86,0,0,1,1,2,lost,1.191780822,465.8194521
13967,146,2,166.3,08-11-2010 13:24,17-07-2011 12:02,66,396,83.15,0,0,3,2,1,Needs_Attention,1.084931507,180.4241096
13968,423,1,123.66,12-10-2010 13:22,12-10-2010 13:22,174,423,123.66,0,0,1,1,1,lost,1.15890411,143.3100822
13969,7,35,13365.87,25-03-2010 13:15,02-12-2011 15:11,6817,624,381.882,4,0.102564103,5,5,5,Champions,1.709589041,22850.14488
13970,386,2,846.55,28-09-2010 11:53,18-11-2010 13:21,469,438,423.275,0,0,2,2,3,Needs_Attention,1.2,1015.86
13971,19,14,4667.57,26-01-2010 09:51,21-11-2011 12:06,3084,683,333.3978571,4,0.222222222,5,5,5,Champions,1.871232877,8734.110438
13972,71,2,190.25,22-05-2011 11:34,30-09-2011 11:54,187,202,95.125,0,0,3,2,1,Needs_Attention,0.553424658,105.2890411
13973,287,1,264.7,25-02-2011 15:21,25-02-2011 15:21,109,287,264.7,0,0,2,1,1,lost,0.78630137,208.1339726
13974,49,2,677.72,06-05-2010 17:55,21-10-2011 14:41,356,582,338.86,2,0.5,4,2,3,New_customers,1.594520548,1080.638466
13975,31,12,5358.84,02-02-2010 13:13,08-11-2011 13:19,3934,675,446.57,2,0.142857143,4,5,5,Champions,1.849315068,9910.183562
13976,207,4,1192.36,09-02-2010 13:08,17-05-2011 09:13,452,668,298.09,0,0,2,3,3,At_Risk,1.830136986,2182.182137
13977,411,1,519.81,24-10-2010 14:08,24-10-2010 14:08,303,411,519.81,0,0,1,1,2,lost,1.126027397,585.3203014
13978,15,2,196.79,25-10-2011 15:04,25-11-2011 11:36,315,45,98.395,0,0,5,2,1,New_customers,0.123287671,24.26178082
13979,73,7,3416.23,03-12-2009 10:02,27-09-2011 13:32,2296,737,488.0328571,4,0.363636364,3,4,5,Loyal_customers,2.019178082,6897.97674
13980,60,5,799.92,21-02-2010 14:18,10-10-2011 13:34,477,656,159.984,4,0.444444444,3,4,3,Loyal_customers,1.797260274,1437.664438
13981,416,1,331.14,20-10-2010 10:03,20-10-2010 10:03,234,416,331.14,1,0.5,1,1,2,lost,1.139726027,377.4088767
13982,39,9,4445.59,20-01-2010 14:04,31-10-2011 16:24,2736,688,493.9544444,4,0.307692308,4,5,5,Champions,1.884931507,8379.632658
13983,30,21,7108.45,09-12-2009 13:53,10-11-2011 11:06,4157,730,338.497619,9,0.3,4,5,5,Champions,2,14216.9
13984,27,12,2048.6,07-12-2009 11:51,13-11-2011 12:38,1421,733,170.7166667,1,0.076923077,4,5,4,Champions,2.008219178,4114.037808
13985,4,22,10020.86,09-02-2010 13:56,05-12-2011 17:06,4936,668,455.4936364,2,0.083333333,5,5,5,Champions,1.830136986,18339.54652
13986,17,1,320.46,22-11-2011 15:00,22-11-2011 15:00,430,17,320.46,0,0,5,1,2,New_customers,0.046575342,14.92553425
13987,380,2,682.54,04-11-2010 09:54,25-11-2010 10:20,492,401,341.27,0,0,2,2,3,Needs_Attention,1.098630137,749.8590137
13988,20,8,4757.8,24-03-2010 11:05,20-11-2011 10:15,3385,626,594.725,3,0.272727273,4,4,5,Champions,1.715068493,8159.952877
13989,66,5,2026.06,25-05-2010 12:13,05-10-2011 09:47,2207,564,405.212,0,0,3,4,4,Loyal_customers,1.545205479,3130.679014
13990,213,1,311.3,10-05-2011 15:19,10-05-2011 15:19,190,213,311.3,0,0,2,1,2,lost,0.583561644,181.6627397
13991,12,6,855.97,19-07-2011 12:58,27-11-2011 16:18,998,143,142.6616667,1,0.142857143,5,4,3,Loyal_customers,0.391780822,335.3526301
13992,30,3,219.5,02-09-2010 17:04,09-11-2011 15:23,154,463,73.16666667,0,0,4,3,1,Needs_Attention,1.268493151,278.4342466
13993,43,19,6775.71,03-12-2009 11:57,28-10-2011 09:06,2135,737,356.6163158,5,0.208333333,4,5,5,Champions,2.019178082,13681.36512
13994,4,6,2313.14,14-07-2011 18:28,06-12-2011 11:05,940,148,385.5233333,0,0,5,4,4,Champions,0.405479452,937.9307397
13995,15,14,3902.01,18-12-2009 12:43,24-11-2011 14:22,2359,722,278.715,4,0.222222222,5,5,5,Champions,1.978082192,7718.496493
13996,386,2,895.76,05-11-2010 15:07,18-11-2010 16:27,613,399,447.88,0,0,2,2,3,Needs_Attention,1.093150685,979.2006575
13997,519,3,382.31,07-06-2010 17:33,08-07-2010 18:06,146,550,127.4366667,0,0,1,3,2,At_Risk,1.506849315,576.0835616
13998,447,3,566.7,12-05-2010 13:18,19-09-2010 10:20,204,576,188.9,0,0,1,3,2,At_Risk,1.578082192,894.2991781
13999,10,29,9502.26,05-12-2009 12:42,29-11-2011 13:40,5043,735,327.6641379,7,0.194444444,5,5,5,Champions,2.01369863,19134.68795
14000,211,5,2046.34,02-12-2009 09:50,12-05-2011 16:50,1838,738,409.268,3,0.375,2,4,4,At_Risk,2.021917808,4137.531288
14001,46,9,4530.09,03-08-2010 12:49,25-10-2011 10:31,1873,494,503.3433333,1,0.1,4,5,5,Champions,1.353424658,6131.135507
14002,134,2,529.73,06-07-2011 14:59,28-07-2011 15:55,877,156,264.865,0,0,3,2,2,Needs_Attention,0.42739726,226.4051507
14003,733,1,209.41,07-12-2009 08:53,07-12-2009 08:53,149,733,209.41,0,0,1,1,1,lost,2.008219178,420.5411781
14004,43,11,6258.45,30-09-2010 09:39,27-10-2011 14:40,3425,436,568.95,0,0,4,5,5,Champions,1.194520548,7475.847123
14005,10,5,2874.72,08-05-2011 10:33,30-11-2011 12:41,2478,216,574.944,0,0,5,4,4,Champions,0.591780822,1701.204164
14006,116,7,2196.67,25-02-2010 09:45,16-08-2011 09:39,2181,653,313.81,0,0,3,4,4,Loyal_customers,1.789041096,3929.932904
14007,513,1,79.48,15-07-2010 09:06,15-07-2010 09:06,16,513,79.48,0,0,1,1,1,lost,1.405479452,111.7075068
14008,432,1,509.04,03-10-2010 13:09,03-10-2010 13:09,326,432,509.04,1,0.5,1,1,2,lost,1.183561644,602.4802192
14009,198,3,1099.91,03-09-2010 12:08,25-05-2011 15:47,951,463,366.6366667,1,0.25,2,3,3,At_Risk,1.268493151,1395.228301
14010,565,2,445.15,23-05-2010 12:46,23-05-2010 13:00,177,566,222.575,1,0.333333333,1,2,2,lost,1.550684932,690.2873973
14011,480,2,457.82,11-04-2010 13:40,16-08-2010 15:31,644,607,228.91,1,0.333333333,1,2,2,lost,1.663013699,761.3609315
14012,278,1,328.8,07-03-2011 12:26,07-03-2011 12:26,160,278,328.8,0,0,2,1,2,lost,0.761643836,250.4284932
14013,110,5,1084.57,26-03-2010 10:02,21-08-2011 15:01,775,624,216.914,1,0.166666667,3,4,3,Loyal_customers,1.709589041,1854.168986
14014,77,3,1948.21,12-05-2010 09:04,23-09-2011 13:18,2004,577,649.4033333,0,0,3,3,4,Loyal_customers,1.580821918,3079.773068
14015,53,1,917.34,18-10-2011 10:02,18-10-2011 10:02,378,53,917.34,0,0,4,1,3,New_customers,0.145205479,133.2027945
14016,162,11,11403.41,08-01-2010 14:12,01-07-2011 11:29,5722,700,1036.673636,2,0.153846154,3,5,5,Loyal_customers,1.917808219,21869.55342
14017,571,1,229.75,17-05-2010 14:52,17-05-2010 14:52,73,571,229.75,0,0,1,1,1,lost,1.564383562,359.4171233
14018,645,1,367.15,04-03-2010 14:23,04-03-2010 14:23,224,645,367.15,0,0,1,1,2,lost,1.767123288,648.7993151
14019,47,3,1421.61,24-07-2011 15:39,24-10-2011 10:13,1037,138,473.87,1,0.25,4,3,4,Loyal_customers,0.378082192,537.4854247
14020,17,4,1249.01,28-06-2010 15:29,23-11-2011 09:22,648,529,312.2525,1,0.2,5,3,4,Loyal_customers,1.449315068,1810.209014
14021,155,7,1716.58,26-04-2010 11:22,07-07-2011 15:46,878,593,245.2257143,0,0,3,4,4,Loyal_customers,1.624657534,2788.85463
14022,225,2,792.15,10-08-2010 09:38,28-04-2011 14:39,681,487,396.075,0,0,2,2,3,Needs_Attention,1.334246575,1056.923425
14023,7,2,584.07,03-04-2011 15:50,02-12-2011 13:58,345,250,292.035,0,0,5,2,2,New_customers,0.684931507,400.0479452
14024,122,3,645.74,14-11-2010 10:51,10-08-2011 11:30,238,391,215.2466667,0,0,3,3,3,Loyal_customers,1.071232877,691.7379178
14025,465,8,4057.9,05-05-2010 09:56,01-09-2010 10:11,1914,584,507.2375,2,0.2,1,4,5,At_Risk,1.6,6492.64
14026,471,2,713.11,24-03-2010 14:10,26-08-2010 10:31,427,625,356.555,0,0,1,2,3,Needs_Attention,1.712328767,1221.078767
14027,61,1,104.82,10-10-2011 09:01,10-10-2011 09:01,62,61,104.82,0,0,3,1,1,Needs_Attention,0.167123288,17.51786301
14028,550,3,10396.5,07-06-2010 12:02,07-06-2010 13:33,7170,551,3465.5,2,0.4,1,3,5,At_Risk,1.509589041,15694.44247
14029,63,2,467.66,18-07-2011 16:57,07-10-2011 14:46,198,144,233.83,0,0,3,2,2,Needs_Attention,0.394520548,184.5014795
14030,18,20,8262.29,10-12-2009 17:27,21-11-2011 16:48,4350,729,413.1145,2,0.090909091,5,5,5,Champions,1.997260274,16501.94359
14031,7,44,40999.17,03-12-2009 15:35,02-12-2011 17:13,14507,736,931.7993182,11,0.2,5,5,5,Champions,2.016438356,82672.29896
14032,2,16,4850.27,14-12-2009 12:02,07-12-2011 15:23,3916,726,303.141875,9,0.36,5,5,5,Champions,1.989041096,9647.386356
14033,555,1,109.44,02-06-2010 15:10,02-06-2010 15:10,576,555,109.44,0,0,1,1,1,lost,1.520547945,166.4087671
14034,22,3,651.82,05-07-2011 13:06,17-11-2011 14:02,423,157,217.2733333,1,0.25,4,3,3,Loyal_customers,0.430136986,280.3718904
14035,29,9,2856.72,06-04-2010 12:39,11-11-2011 10:03,1419,613,317.4133333,2,0.181818182,4,5,4,Champions,1.679452055,4797.724274
14036,285,1,626.65,28-02-2011 09:26,28-02-2011 09:26,268,285,626.65,0,0,2,1,3,Needs_Attention,0.780821918,489.3020548
14037,176,6,836.95,07-12-2009 11:39,16-06-2011 13:57,590,733,139.4916667,1,0.142857143,3,4,3,Loyal_customers,2.008219178,1680.779041
14038,78,5,3069.88,04-02-2010 08:56,22-09-2011 13:37,1708,674,613.976,3,0.375,3,4,5,Loyal_customers,1.846575342,5668.764712
14039,33,2,267.28,13-05-2010 10:15,06-11-2011 13:48,192,576,133.64,0,0,4,2,1,New_customers,1.578082192,421.7898082
14040,41,35,12645.57,01-12-2009 12:14,30-10-2011 12:42,5044,739,361.302,7,0.166666667,4,5,5,Champions,2.024657534,25602.94858
14041,266,1,141.41,18-03-2011 13:25,18-03-2011 13:25,94,266,141.41,0,0,2,1,1,lost,0.728767123,103.0549589
14042,725,1,431.98,14-12-2009 15:07,14-12-2009 15:07,180,725,431.98,0,0,1,1,2,lost,1.98630137,858.0424658
14043,491,2,304.25,10-12-2009 15:56,05-08-2010 18:18,153,729,152.125,1,0.333333333,1,2,2,lost,1.997260274,607.6664384
14044,27,10,3123.1,24-01-2010 15:14,13-11-2011 12:05,2126,684,312.31,1,0.090909091,4,5,5,Champions,1.873972603,5852.603836
14045,109,16,11313.03,08-01-2010 10:08,22-08-2011 15:27,4587,701,707.064375,3,0.157894737,3,5,5,Loyal_customers,1.920547945,21727.21652
14046,284,1,154.99,28-02-2011 14:48,28-02-2011 14:48,460,284,154.99,0,0,2,1,1,lost,0.778082192,120.5949589
14047,9,14,4255.03,01-02-2010 10:05,01-12-2011 11:43,1649,677,303.9307143,5,0.263157895,5,5,5,Champions,1.854794521,7892.206329
14048,305,3,748.69,22-11-2010 14:08,07-02-2011 14:53,467,382,249.5633333,1,0.25,2,3,3,At_Risk,1.046575342,783.5604932
14049,17,13,13239.03,01-04-2010 14:52,23-11-2011 12:20,8609,617,1018.386923,5,0.277777778,5,5,5,Champions,1.690410959,22379.4014
14050,32,2,746.36,25-08-2011 13:46,08-11-2011 10:00,689,106,373.18,0,0,4,2,3,New_customers,0.290410959,216.7511233
14051,1,37,22434,03-12-2009 11:53,09-12-2011 10:20,5947,737,606.3243243,5,0.119047619,5,5,5,Champions,2.019178082,45298.2411
14052,20,2,480.81,14-11-2010 11:37,20-11-2011 12:30,187,391,240.405,0,0,4,2,2,New_customers,1.071232877,515.0594795
14053,124,4,572.3,10-08-2010 11:02,07-08-2011 14:27,490,487,143.075,0,0,3,3,2,Needs_Attention,1.334246575,763.5893151
14054,65,1,92.46,05-10-2011 15:49,05-10-2011 15:49,62,65,92.46,0,0,3,1,1,Needs_Attention,0.178082192,16.46547945
14055,106,3,1520.96,16-12-2009 15:11,25-08-2011 15:04,720,723,506.9866667,0,0,3,3,4,Loyal_customers,1.980821918,3012.750904
14056,1,23,8214.65,28-02-2011 15:19,08-12-2011 13:36,4273,284,357.1586957,6,0.206896552,5,5,5,Champions,0.778082192,6391.672877
14057,24,22,8408.84,03-12-2009 13:17,16-11-2011 10:32,6485,736,382.22,1,0.043478261,4,5,5,Champions,2.016438356,16955.90751
14058,463,2,469.19,27-06-2010 11:29,03-09-2010 09:31,211,531,234.595,0,0,1,2,2,lost,1.454794521,682.5750411
14059,267,1,183.6,18-03-2011 10:06,18-03-2011 10:06,128,267,183.6,0,0,2,1,1,lost,0.731506849,134.3046575
14060,5,30,9519.08,11-03-2010 09:47,05-12-2011 12:29,8119,639,317.3026667,2,0.0625,5,5,5,Champions,1.750684932,16664.90992
14061,507,3,917.43,01-12-2009 18:03,20-07-2010 17:22,133,738,305.81,0,0,1,3,3,At_Risk,2.021917808,1854.968055
14062,10,24,25604.2,10-12-2009 14:28,30-11-2011 10:04,12799,729,1066.841667,3,0.111111111,5,5,5,Champions,1.997260274,51138.25151
14063,438,9,22710.2,08-12-2009 13:46,27-09-2010 16:18,3850,731,2523.355556,4,0.307692308,1,5,5,At_Risk,2.002739726,45482.61973
14064,29,15,3332.42,21-01-2010 13:22,10-11-2011 13:14,3977,687,222.1613333,6,0.285714286,4,5,5,Champions,1.882191781,6272.253534
14065,389,3,891.02,04-10-2010 12:03,15-11-2010 16:13,582,432,297.0066667,1,0.25,2,3,3,At_Risk,1.183561644,1054.577096
14066,267,1,152.55,18-03-2011 12:21,18-03-2011 12:21,45,267,152.55,0,0,2,1,1,lost,0.731506849,111.5913699
14067,64,2,374.7,04-09-2011 12:00,07-10-2011 10:21,361,97,187.35,0,0,3,2,2,Needs_Attention,0.265753425,99.57780822
14068,320,4,1528.37,31-01-2010 10:10,23-01-2011 16:02,513,678,382.0925,1,0.2,2,3,4,At_Risk,1.857534247,2838.999616
14069,515,2,230.06,27-05-2010 12:30,13-07-2010 12:12,59,562,115.03,0,0,1,2,1,lost,1.539726027,354.2293699
14070,685,1,326.55,24-01-2010 12:27,24-01-2010 12:27,86,685,326.55,0,0,1,1,2,lost,1.876712329,612.840411
14071,4,8,1438.82,20-03-2011 11:33,06-12-2011 12:27,995,265,179.8525,1,0.111111111,5,4,4,Champions,0.726027397,1044.62274
14072,667,1,390.85,11-02-2010 12:31,11-02-2010 12:31,65,667,390.85,0,0,1,1,2,lost,1.82739726,714.2382192
14073,32,1,151.04,07-11-2011 15:49,07-11-2011 15:49,130,32,151.04,1,0.5,4,1,1,New_customers,0.087671233,13.24186301
14074,623,1,219.4,26-03-2010 13:55,26-03-2010 13:55,228,623,219.4,0,0,1,1,1,lost,1.706849315,374.4827397
14075,5,6,1734.87,16-06-2010 14:47,05-12-2011 08:38,1494,541,289.145,0,0,5,4,4,Champions,1.482191781,2571.410055
14076,129,1,122.47,02-08-2011 15:19,02-08-2011 15:19,81,129,122.47,0,0,3,1,1,Needs_Attention,0.353424658,43.28391781
14077,41,6,615.08,09-11-2010 16:01,30-10-2011 12:35,376,395,102.5133333,0,0,4,4,2,Needs_Attention,1.082191781,665.6345205
14078,102,9,1692.63,28-03-2010 15:05,30-08-2011 12:16,618,621,188.07,0,0,3,5,4,Loyal_customers,1.701369863,2879.789671
14079,125,2,618.73,26-01-2010 17:19,07-08-2011 12:10,302,682,309.365,0,0,3,2,3,Needs_Attention,1.868493151,1156.092767
14080,33,5,1115.68,02-12-2009 15:01,07-11-2011 11:09,268,737,223.136,1,0.166666667,4,4,3,Loyal_customers,2.019178082,2252.756603
14081,302,10,5370.1,10-12-2009 18:27,10-02-2011 16:17,3712,729,537.01,6,0.375,2,5,5,At_Risk,1.997260274,10725.4874
14082,365,2,413.36,12-11-2010 11:47,10-12-2010 11:02,246,393,206.68,0,0,2,2,2,lost,1.076712329,445.0698082
14083,4,11,1407.26,18-12-2009 11:34,05-12-2011 13:14,966,722,127.9327273,0,0,5,5,4,Champions,1.978082192,2783.675945
14084,512,1,150.5,15-07-2010 14:36,15-07-2010 14:36,306,512,150.5,0,0,1,1,1,lost,1.402739726,211.1123288
14085,2,33,10104.97,08-12-2009 13:41,07-12-2011 13:46,6564,731,306.2112121,1,0.029411765,5,5,5,Champions,2.002739726,20237.62485
14086,463,1,39.95,03-09-2010 10:52,03-09-2010 10:52,1,463,39.95,0,0,1,1,1,lost,1.268493151,50.67630137
14087,3,3,846.22,04-12-2009 15:27,07-12-2011 12:41,727,735,282.0733333,2,0.4,5,3,3,Loyal_customers,2.01369863,1704.032055
14088,10,16,64036.8,14-10-2010 19:46,29-11-2011 16:16,15276,421,4002.3,4,0.2,5,5,5,Champions,1.153424658,73861.62411
14089,57,1,161,14-10-2011 10:38,14-10-2011 10:38,134,57,161,0,0,4,1,1,New_customers,0.156164384,25.14246575
14090,325,1,76.32,19-01-2011 10:51,19-01-2011 10:51,72,325,76.32,0,0,2,1,1,lost,0.890410959,67.95616438
14091,654,2,9530.08,10-01-2010 13:41,23-02-2010 15:17,3316,698,4765.04,0,0,1,2,5,Needs_Attention,1.912328767,18224.64614
14092,8,24,7229.45,16-12-2009 16:24,02-12-2011 12:13,3606,723,301.2270833,3,0.111111111,5,5,5,Champions,1.980821918,14320.25301
14093,12,1,442.85,27-11-2011 16:27,27-11-2011 16:27,406,12,442.85,0,0,5,1,2,New_customers,0.032876712,14.55945205
14094,440,1,335.22,26-09-2010 11:58,26-09-2010 11:58,177,440,335.22,1,0.5,1,1,2,lost,1.205479452,404.1008219
14095,723,1,2.95,17-12-2009 12:49,17-12-2009 12:49,1,723,2.95,0,0,1,1,1,lost,1.980821918,5.843424658
14096,4,17,65164.79,30-08-2011 10:49,05-12-2011 17:17,16352,102,3833.222941,17,0.5,5,5,5,Champions,0.279452055,18210.43447
14097,481,2,422.86,04-03-2010 10:46,15-08-2010 14:20,352,646,211.43,0,0,1,2,2,lost,1.769863014,748.404274
14098,37,1,147.35,03-11-2011 10:13,03-11-2011 10:13,104,37,147.35,0,0,4,1,1,New_customers,0.101369863,14.93684932
14099,16,20,5765.71,10-12-2009 11:55,23-11-2011 13:53,3670,730,288.2855,2,0.090909091,5,5,5,Champions,2,11531.42
14100,138,1,194.9,25-07-2011 11:01,25-07-2011 11:01,64,138,194.9,0,0,3,1,1,Needs_Attention,0.378082192,73.68821918
14101,74,13,9961.93,28-03-2010 13:36,27-09-2011 12:28,10542,621,766.3023077,1,0.071428571,3,5,5,Loyal_customers,1.701369863,16948.92748
14102,5,5,1360.28,26-10-2011 12:46,04-12-2011 15:38,961,45,272.056,3,0.375,5,4,4,Champions,0.123287671,167.7057534
14104,155,5,771.58,28-05-2010 16:11,08-07-2011 12:50,509,560,154.316,0,0,3,4,3,Loyal_customers,1.534246575,1183.793973
14105,239,5,5988.83,18-12-2009 16:57,14-04-2011 17:58,3534,721,1197.766,4,0.444444444,2,4,5,At_Risk,1.975342466,11829.99022
14106,737,1,214.8,02-12-2009 14:09,02-12-2009 14:09,24,737,214.8,0,0,1,1,1,lost,2.019178082,433.7194521
14107,52,11,4877.3,09-12-2009 14:20,19-10-2011 12:12,3489,730,443.3909091,2,0.153846154,4,5,5,Champions,2,9754.6
14108,31,4,1044.96,01-12-2009 18:07,09-11-2011 10:41,660,738,261.24,1,0.2,4,3,3,Loyal_customers,2.021917808,2112.823233
14109,73,1,144.2,28-09-2011 10:18,28-09-2011 10:18,88,73,144.2,1,0.5,3,1,1,Needs_Attention,0.2,28.84
14110,4,33,12987.95,01-12-2009 09:50,06-12-2011 12:26,5825,739,393.5742424,2,0.057142857,5,5,5,Champions,2.024657534,26296.15082
14111,14,4,692.85,12-04-2011 11:36,25-11-2011 13:44,458,242,173.2125,1,0.2,5,3,3,Loyal_customers,0.663013699,459.3690411
14112,23,13,5834.59,23-02-2010 14:16,17-11-2011 12:30,3539,654,448.8146154,14,0.518518519,4,5,5,Champions,1.791780822,10454.30647
14113,4,16,7092.61,08-12-2009 07:42,06-12-2011 12:18,3439,732,443.288125,15,0.483870968,5,5,5,Champions,2.005479452,14224.08362
14114,274,7,1364.09,12-04-2010 11:07,11-03-2011 09:42,650,607,194.87,0,0,2,4,4,At_Risk,1.663013699,2268.500356
14115,502,2,622.67,11-02-2010 11:44,26-07-2010 12:36,509,667,311.335,0,0,1,2,3,Needs_Attention,1.82739726,1137.865452
14116,20,5,1382.74,10-08-2011 12:44,20-11-2011 10:29,707,122,276.548,0,0,4,4,4,Champions,0.334246575,462.1761096
14117,144,1,90,19-07-2011 09:49,19-07-2011 09:49,72,144,90,0,0,3,1,1,Needs_Attention,0.394520548,35.50684932
14118,429,1,458.45,07-10-2010 11:59,07-10-2010 11:59,97,429,458.45,0,0,1,1,2,lost,1.175342466,538.8357534
14119,376,2,183.37,21-12-2009 14:52,29-11-2010 10:33,177,718,91.685,1,0.333333333,2,2,1,lost,1.967123288,360.7113973
14121,4,4,2780.15,11-10-2011 10:39,06-12-2011 12:19,2082,60,695.0375,2,0.333333333,5,3,4,Loyal_customers,0.164383562,457.0109589
14122,406,3,362.42,02-12-2009 14:22,29-10-2010 15:11,114,737,120.8066667,2,0.4,2,3,2,At_Risk,2.019178082,731.7905205
14123,733,1,436.18,06-12-2009 15:35,06-12-2009 15:35,234,733,436.18,0,0,1,1,2,lost,2.008219178,875.9450411
14124,84,1,419.58,16-09-2011 13:32,16-09-2011 13:32,1618,84,419.58,0,0,3,1,2,Needs_Attention,0.230136986,96.56087671
14125,11,3,2740.43,22-09-2011 15:40,29-11-2011 12:47,1640,78,913.4766667,0,0,5,3,4,Loyal_customers,0.21369863,585.626137
14126,8,4,1172.46,21-09-2010 14:51,02-12-2011 11:45,887,444,293.115,1,0.2,5,3,3,Loyal_customers,1.216438356,1426.225315
14127,123,6,1900.08,10-10-2010 11:53,09-08-2011 10:49,828,426,316.68,0,0,3,4,4,Loyal_customers,1.167123288,2217.627616
14128,61,3,924.21,06-06-2010 14:05,10-10-2011 12:00,814,551,308.07,1,0.25,3,3,3,Loyal_customers,1.509589041,1395.177288
14129,2,9,2591.34,09-05-2010 14:54,08-12-2011 11:02,1414,579,287.9266667,0,0,5,5,4,Champions,1.58630137,4110.646192
14130,319,4,1882.67,11-12-2009 16:33,24-01-2011 16:05,1239,728,470.6675,0,0,2,3,4,At_Risk,1.994520548,3755.024
14131,649,1,187.87,01-03-2010 11:59,01-03-2010 11:59,118,649,187.87,0,0,1,1,1,lost,1.778082192,334.0483014
14132,2,11,3586.03,09-06-2011 12:04,07-12-2011 13:35,3368,184,326.0027273,1,0.083333333,5,5,5,Champions,0.504109589,1807.75211
14133,130,4,911.14,06-12-2009 12:10,02-08-2011 11:34,398,734,227.785,2,0.333333333,3,3,3,Loyal_customers,2.010958904,1832.265096
14134,383,15,11123.35,10-12-2009 09:25,22-11-2010 12:26,5814,730,741.5566667,0,0,2,5,5,At_Risk,2,22246.7
14135,2,24,9643.92,02-12-2009 08:58,08-12-2011 11:38,9355,738,401.83,1,0.04,5,5,5,Champions,2.021917808,19499.21359
14136,401,5,1570.81,08-12-2009 09:19,04-11-2010 11:53,1148,732,314.162,2,0.285714286,2,4,4,At_Risk,2.005479452,3150.227178
14137,696,1,332.7,13-01-2010 12:30,13-01-2010 12:30,462,696,332.7,1,0.5,1,1,2,lost,1.906849315,634.4087671
14138,2,2,982.38,07-10-2011 09:38,08-12-2011 12:44,610,64,491.19,0,0,5,2,3,New_customers,0.175342466,172.2529315
14139,46,4,1086.8,15-06-2010 09:17,24-10-2011 13:34,1049,543,271.7,0,0,4,3,3,Loyal_customers,1.487671233,1616.801096
14140,4,2,935.05,08-11-2011 11:20,06-12-2011 09:05,811,32,467.525,1,0.333333333,5,2,3,New_customers,0.087671233,81.9769863
14141,3,4,915.13,26-08-2011 14:40,07-12-2011 09:53,355,105,228.7825,2,0.333333333,5,3,3,Loyal_customers,0.287671233,263.2565753
14142,373,2,983.15,03-03-2010 15:13,01-12-2010 16:33,831,646,491.575,2,0.5,2,2,3,Needs_Attention,1.769863014,1740.040822
14143,134,1,115.8,29-07-2011 09:48,29-07-2011 09:48,30,134,115.8,0,0,3,1,1,Needs_Attention,0.367123288,42.51287671
14144,486,1,30.6,10-08-2010 15:17,10-08-2010 15:17,12,486,30.6,0,0,1,1,1,lost,1.331506849,40.74410959
14145,47,7,7600.05,08-04-2010 09:47,24-10-2011 12:10,1655,611,1085.721429,1,0.125,4,4,5,Champions,1.673972603,12722.27548
14146,9,12,9450.3,13-01-2010 16:04,01-12-2011 10:18,5780,695,787.525,1,0.076923077,5,5,5,Champions,1.904109589,17994.40685
14147,78,9,2590.2,09-03-2010 13:43,22-09-2011 18:10,995,640,287.8,3,0.25,3,5,4,Loyal_customers,1.753424658,4541.720548
14148,234,2,466.29,21-10-2010 14:08,20-04-2011 12:02,223,414,233.145,0,0,2,2,2,lost,1.134246575,528.8878356
14149,221,1,446.62,03-05-2011 09:44,03-05-2011 09:44,218,221,446.62,2,0.666666667,2,1,2,lost,0.605479452,270.4192329
14150,36,2,658.64,15-12-2010 10:04,04-11-2011 10:05,496,360,329.32,0,0,4,2,3,New_customers,0.98630137,649.6175342
14151,673,2,679.45,23-12-2009 10:54,04-02-2010 15:35,405,717,339.725,1,0.333333333,1,2,3,Needs_Attention,1.964383562,1334.700411
14152,75,7,1997.34,18-02-2010 13:57,25-09-2011 12:54,1844,659,285.3342857,2,0.222222222,3,4,4,Loyal_customers,1.805479452,3606.156329
14153,483,1,233.4,13-08-2010 14:35,13-08-2010 14:35,312,483,233.4,0,0,1,1,1,lost,1.323287671,308.8553425
14154,239,8,6460.7,13-01-2010 12:47,14-04-2011 16:26,3222,696,807.5875,2,0.2,2,4,5,At_Risk,1.906849315,12319.58137
14155,266,1,118.75,18-03-2011 14:13,18-03-2011 14:13,25,266,118.75,0,0,2,1,1,lost,0.728767123,86.54109589
14156,10,156,313946.37,01-12-2009 12:30,30-11-2011 10:54,165992,739,2012.476731,46,0.227722772,5,5,5,Champions,2.024657534,635633.8834
14157,20,5,1002.78,03-03-2010 16:49,20-11-2011 11:32,540,646,200.556,1,0.166666667,4,4,3,Loyal_customers,1.769863014,1774.783233
14158,40,1,507.66,30-10-2011 15:08,30-10-2011 15:08,781,40,507.66,0,0,4,1,2,New_customers,0.109589041,55.6339726
14159,20,20,7938.01,03-12-2009 12:31,20-11-2011 12:36,6593,737,396.9005,5,0.2,4,5,5,Champions,2.019178082,16028.25581
14160,610,7,8421.47,10-01-2010 12:06,08-04-2010 14:30,4661,699,1203.067143,0,0,1,4,5,At_Risk,1.915068493,16127.69186
14161,216,7,3318.88,13-12-2009 11:46,08-05-2011 11:41,1623,727,474.1257143,0,0,2,4,5,At_Risk,1.991780822,6610.481534
14162,174,2,289.36,20-02-2011 12:32,19-06-2011 11:36,142,293,144.68,0,0,3,2,1,Needs_Attention,0.802739726,232.2807671
14163,87,5,2594.62,03-09-2010 17:15,13-09-2011 15:18,950,462,518.924,0,0,3,4,4,Loyal_customers,1.265753425,3284.149151
14164,71,2,1631.77,20-09-2011 12:18,30-09-2011 12:24,1033,81,815.885,0,0,3,2,4,Needs_Attention,0.221917808,362.1188219
14165,276,1,122.54,09-03-2011 12:39,09-03-2011 12:39,54,276,122.54,0,0,2,1,1,lost,0.756164384,92.66038356
14166,505,2,256.85,23-03-2010 15:10,22-07-2010 19:42,84,626,128.425,0,0,1,2,1,lost,1.715068493,440.5153425
14167,39,8,1296.49,27-01-2010 16:07,31-10-2011 14:29,350,681,162.06125,0,0,4,4,4,Champions,1.865753425,2418.930658
14168,421,2,370.45,24-05-2010 12:28,15-10-2010 10:49,147,565,185.225,1,0.333333333,1,2,2,lost,1.547945205,573.4363014
14169,431,2,624.43,21-09-2010 13:39,05-10-2010 08:45,208,444,312.215,0,0,1,2,3,Needs_Attention,1.216438356,759.5806027
14170,375,3,597.33,09-11-2010 14:06,29-11-2010 13:10,290,395,199.11,0,0,2,3,2,At_Risk,1.082191781,646.4256164
14171,98,2,498.79,09-12-2009 13:50,02-09-2011 16:43,211,730,249.395,0,0,3,2,2,Needs_Attention,2,997.58
14172,605,3,402.72,07-03-2010 10:58,13-04-2010 13:26,88,643,134.24,1,0.25,1,3,2,At_Risk,1.761643836,709.4492055
14173,11,6,586,09-12-2009 12:46,29-11-2011 11:54,194,731,97.66666667,1,0.142857143,5,4,2,Needs_Attention,2.002739726,1173.605479
14174,33,1,134.46,06-11-2011 13:17,06-11-2011 13:17,94,33,134.46,0,0,4,1,1,New_customers,0.090410959,12.15665753
14175,60,8,7678.88,22-03-2010 10:43,11-10-2011 11:55,3009,628,959.86,9,0.529411765,3,4,5,Loyal_customers,1.720547945,13211.88121
14176,297,5,916.01,23-11-2010 13:21,15-02-2011 13:12,326,381,183.202,1,0.166666667,2,4,3,At_Risk,1.043835616,956.163863
14177,86,13,2229.34,26-02-2010 11:59,14-09-2011 15:11,1048,652,171.4876923,1,0.071428571,3,5,4,Loyal_customers,1.78630137,3982.273096
14178,9,7,1620.93,10-06-2011 12:51,01-12-2011 12:01,1505,182,231.5614286,0,0,5,4,4,Champions,0.498630137,808.2445479
14179,41,2,719.78,18-10-2011 14:00,30-10-2011 12:07,330,52,359.89,0,0,4,2,3,New_customers,0.142465753,102.544
14180,11,33,6319.25,09-06-2010 14:56,29-11-2011 10:56,878,548,191.4924242,9,0.214285714,5,5,5,Champions,1.501369863,9487.531507
14181,411,2,310.55,26-05-2010 12:32,25-10-2010 08:27,122,563,155.275,0,0,1,2,2,lost,1.542465753,479.0127397
14182,444,4,678.77,22-04-2010 15:36,22-09-2010 11:45,174,596,169.6925,1,0.2,1,3,3,At_Risk,1.632876712,1108.347726
14183,411,2,286.29,15-08-2010 15:36,24-10-2010 14:45,61,481,143.145,0,0,1,2,1,lost,1.317808219,377.2753151
14184,67,1,452.89,04-10-2011 12:43,04-10-2011 12:43,127,67,452.89,0,0,3,1,2,Needs_Attention,0.183561644,83.13323288
14185,331,1,197.65,12-01-2011 13:52,12-01-2011 13:52,6,331,197.65,0,0,2,1,1,lost,0.906849315,179.2387671
14186,427,5,1550.63,05-03-2010 11:17,08-10-2010 13:30,1550,645,310.126,0,0,1,4,4,At_Risk,1.767123288,2740.154384
14187,474,1,123.5,23-08-2010 12:06,23-08-2010 12:06,50,474,123.5,0,0,1,1,1,lost,1.298630137,160.3808219
14188,31,6,2054.36,02-02-2011 13:46,09-11-2011 12:45,1162,310,342.3933333,4,0.4,4,4,4,Champions,0.849315068,1744.798904
14189,2,16,5814.39,16-11-2010 09:28,07-12-2011 15:55,4646,389,363.399375,9,0.36,5,5,5,Champions,1.065753425,6196.706055
14190,666,1,79.9,11-02-2010 14:27,11-02-2010 14:27,2,666,79.9,0,0,1,1,1,lost,1.824657534,145.790137
14191,2,15,4817.66,11-12-2009 10:48,08-12-2011 09:23,3724,729,321.1773333,2,0.117647059,5,5,5,Champions,1.997260274,9622.120932
14192,388,1,293.74,16-11-2010 17:44,16-11-2010 17:44,218,388,293.74,0,0,2,1,2,lost,1.063013699,312.2496438
14193,68,3,1210.19,08-11-2010 12:31,03-10-2011 09:34,653,397,403.3966667,0,0,3,3,3,Loyal_customers,1.087671233,1316.288849
14194,5,36,18670.59,06-01-2010 12:16,05-12-2011 10:38,10037,703,518.6275,18,0.333333333,5,5,5,Champions,1.926027397,35960.06786
14195,202,6,2615.6,15-03-2010 17:12,22-05-2011 10:29,2144,634,435.9333333,4,0.4,2,4,4,At_Risk,1.736986301,4543.26137
14196,107,1,335.52,25-08-2011 10:25,25-08-2011 10:25,142,107,335.52,0,0,3,1,2,Needs_Attention,0.293150685,98.35791781
14197,411,1,390.05,25-10-2010 10:01,25-10-2010 10:01,143,411,390.05,0,0,1,1,2,lost,1.126027397,439.2069863
14198,18,9,1569.73,05-01-2010 10:07,21-11-2011 16:35,623,704,174.4144444,4,0.307692308,5,5,4,Champions,1.928767123,3027.643616
14199,218,4,1091.7,27-06-2010 12:13,05-05-2011 13:44,254,531,272.925,2,0.333333333,2,3,3,At_Risk,1.454794521,1588.199178
14200,617,1,379.2,01-04-2010 13:01,01-04-2010 13:01,140,617,379.2,0,0,1,1,2,lost,1.690410959,641.0038356
14201,60,10,1193.54,30-04-2010 13:00,10-10-2011 13:27,806,588,119.354,2,0.166666667,3,5,3,Loyal_customers,1.610958904,1922.74389
14202,381,3,847.76,25-03-2010 10:36,23-11-2010 17:13,166,625,282.5866667,0,0,2,3,3,At_Risk,1.712328767,1451.643836
14203,397,1,339.34,07-11-2010 13:35,07-11-2010 13:35,80,397,339.34,0,0,2,1,2,lost,1.087671233,369.0903562
14204,2,4,1062.96,02-12-2009 13:26,07-12-2011 13:38,492,737,265.74,0,0,5,3,3,Loyal_customers,2.019178082,2146.305534
14205,17,9,2414.2,07-03-2010 12:20,23-11-2011 10:55,1342,643,268.2444444,3,0.25,5,5,4,Champions,1.761643836,4252.960548
14206,239,3,1185.01,02-11-2010 11:37,14-04-2011 16:38,930,403,395.0033333,2,0.4,2,3,3,At_Risk,1.104109589,1308.380904
14207,688,1,157.8,21-01-2010 09:33,21-01-2010 09:33,36,688,157.8,0,0,1,1,1,lost,1.884931507,297.4421918
14208,95,2,567.05,06-06-2010 13:11,06-09-2011 12:48,529,551,283.525,0,0,3,2,2,Needs_Attention,1.509589041,856.0124658
14209,11,15,4993.27,22-01-2010 10:28,29-11-2011 10:18,1739,687,332.8846667,4,0.210526316,5,5,5,Champions,1.882191781,9398.291753
14210,106,16,5861.52,06-01-2010 10:17,26-08-2011 12:36,2604,703,366.345,5,0.238095238,3,5,5,Loyal_customers,1.926027397,11289.44811
14211,53,18,4402.29,09-12-2009 12:48,17-10-2011 13:23,2575,731,244.5716667,8,0.307692308,4,5,5,Champions,2.002739726,8816.641068
14212,90,2,2190.14,20-09-2010 11:48,11-09-2011 12:45,2046,446,1095.07,0,0,3,2,4,Needs_Attention,1.221917808,2676.171068
14213,405,1,1192.2,31-10-2010 10:37,31-10-2010 10:37,244,405,1192.2,1,0.5,2,1,3,Needs_Attention,1.109589041,1322.852055
14214,31,5,1004.38,07-03-2011 12:26,09-11-2011 10:31,751,278,200.876,2,0.285714286,4,4,3,Loyal_customers,0.761643836,764.9798356
14215,12,9,3416.33,08-12-2009 09:35,28-11-2011 12:19,2285,732,379.5922222,1,0.1,5,5,5,Champions,2.005479452,6851.379616
14216,3,5,2150.04,21-10-2010 15:07,06-12-2011 14:56,712,414,430.008,1,0.166666667,5,4,4,Champions,1.134246575,2438.675507
14217,2,23,3416.89,30-06-2010 12:54,08-12-2011 11:53,1256,527,148.5604348,10,0.303030303,5,5,5,Champions,1.443835616,4933.427479
14218,43,1,169.48,28-10-2011 10:00,28-10-2011 10:00,160,43,169.48,0,0,4,1,1,New_customers,0.117808219,19.96613699
14219,4,3,633.83,03-08-2010 14:42,05-12-2011 16:23,363,493,211.2766667,0,0,5,3,3,Loyal_customers,1.350684932,856.1046301
14220,247,4,1515,19-05-2010 13:26,06-04-2011 13:23,468,569,378.75,0,0,2,3,4,At_Risk,1.55890411,2361.739726
14221,42,17,6517.49,06-04-2010 14:10,28-10-2011 13:42,3808,612,383.3817647,2,0.105263158,4,5,5,Champions,1.676712329,10927.95584
14222,177,1,683.17,15-06-2011 16:42,15-06-2011 16:42,607,177,683.17,0,0,3,1,3,Needs_Attention,0.484931507,331.2906575
14223,92,3,991.13,20-03-2011 16:02,08-09-2011 13:38,585,264,330.3766667,1,0.25,3,3,3,Loyal_customers,0.723287671,716.8721096
14224,110,9,1897.9,13-06-2010 13:46,21-08-2011 13:24,863,544,210.8777778,0,0,3,5,4,Loyal_customers,1.490410959,2828.650959
14225,435,4,2037.02,12-01-2010 15:02,01-10-2010 10:32,1168,696,509.255,1,0.2,1,3,4,At_Risk,1.906849315,3884.290192
14226,29,6,3002.53,24-09-2010 14:32,11-11-2011 11:34,1726,441,500.4216667,3,0.333333333,4,4,5,Champions,1.208219178,3627.714329
14227,26,15,6368.71,08-02-2010 09:38,13-11-2011 15:48,4048,670,424.5806667,7,0.318181818,4,5,5,Champions,1.835616438,11690.50877
14228,438,3,745.5,11-06-2010 12:29,28-09-2010 09:45,260,547,248.5,0,0,1,3,3,At_Risk,1.498630137,1117.228767
14229,52,7,2594.04,25-08-2010 11:47,19-10-2011 10:04,934,472,370.5771429,4,0.363636364,4,4,4,Champions,1.293150685,3354.484603
14230,436,3,979.8,09-06-2010 13:56,30-09-2010 09:07,246,548,326.6,0,0,1,3,3,At_Risk,1.501369863,1471.042192
14231,184,4,1235.62,15-09-2010 09:52,09-06-2011 11:05,610,451,308.905,2,0.333333333,3,3,3,Loyal_customers,1.235616438,1526.752384
14232,43,5,2048.07,20-03-2011 12:44,28-10-2011 11:09,1941,265,409.614,3,0.375,4,4,4,Champions,0.726027397,1486.954932
14233,49,7,2904.27,05-03-2010 16:35,21-10-2011 15:54,1261,644,414.8957143,3,0.3,4,4,4,Champions,1.764383562,5124.246247
14234,22,4,775.46,13-10-2011 13:58,17-11-2011 17:53,963,57,193.865,0,0,4,3,3,Loyal_customers,0.156164384,121.0992329
14235,75,9,4717.99,30-03-2010 13:36,25-09-2011 14:37,3014,619,524.2211111,1,0.1,3,5,5,Loyal_customers,1.695890411,8001.194
14236,81,5,1744.64,22-07-2010 14:27,20-09-2011 09:13,812,505,348.928,2,0.285714286,3,4,4,Loyal_customers,1.383561644,2413.816986
14237,373,2,632.14,28-04-2010 10:04,01-12-2010 13:20,276,591,316.07,1,0.333333333,2,2,3,Needs_Attention,1.619178082,1023.547233
14238,326,3,434.23,05-12-2009 10:58,17-01-2011 14:40,189,735,144.7433333,0,0,2,3,2,At_Risk,2.01369863,874.4083562
14239,43,21,4263.17,05-12-2009 12:36,27-10-2011 14:40,1729,735,203.0080952,3,0.125,4,5,5,Champions,2.01369863,8584.739589
14240,30,3,1247.49,12-10-2010 12:48,09-11-2011 13:45,655,424,415.83,0,0,4,3,3,Loyal_customers,1.161643836,1449.139068
14241,184,2,333.7,12-01-2010 15:11,09-06-2011 11:46,242,696,166.85,0,0,3,2,2,Needs_Attention,1.906849315,636.3156164
14242,235,2,280.55,18-01-2011 08:53,19-04-2011 11:46,123,326,140.275,0,0,2,2,1,lost,0.893150685,250.5734247
14243,9,17,7431.05,20-08-2010 13:41,01-12-2011 11:12,3687,476,437.1205882,6,0.260869565,5,5,5,Champions,1.304109589,9690.903562
14244,661,1,366.42,17-02-2010 11:40,17-02-2010 11:40,814,661,366.42,1,0.5,1,1,2,lost,1.810958904,663.5715616
14245,220,2,1693.45,21-03-2011 10:41,04-05-2011 08:40,976,264,846.725,3,0.6,2,2,4,Needs_Attention,0.723287671,1224.851507
14246,111,3,1474.06,08-04-2011 08:25,21-08-2011 11:50,804,246,491.3533333,0,0,3,3,4,Loyal_customers,0.673972603,993.4760548
14247,278,5,772.66,06-06-2010 15:07,06-03-2011 15:21,382,551,154.532,1,0.166666667,2,4,3,At_Risk,1.509589041,1166.399068
14248,318,3,1032.95,12-07-2010 14:27,25-01-2011 14:45,692,515,344.3166667,0,0,2,3,3,At_Risk,1.410958904,1457.45
14249,411,12,5625.461,29-01-2010 14:21,25-10-2010 12:34,2487,679,468.7884167,0,0,1,5,5,At_Risk,1.860273973,10464.89868
14250,7,3,1904.05,11-09-2011 13:44,02-12-2011 14:30,1200,89,634.6833333,0,0,5,3,4,Loyal_customers,0.243835616,464.2752055
14251,2,5,2879.7,13-10-2011 12:46,08-12-2011 08:32,1674,58,575.94,0,0,5,4,4,Champions,0.15890411,457.5961644
14252,381,1,350.99,23-11-2010 13:36,23-11-2010 13:36,111,381,350.99,0,0,2,1,2,lost,1.043835616,366.375863
14253,493,2,363.4,26-03-2010 15:08,03-08-2010 14:55,88,623,181.7,0,0,1,2,2,lost,1.706849315,620.2690411
14254,433,1,601.03,03-10-2010 11:52,03-10-2010 11:52,263,433,601.03,0,0,1,1,2,lost,1.18630137,713.0027123
14255,546,1,1000.63,11-06-2010 15:54,11-06-2010 15:54,1,546,1000.63,3,0.75,1,1,3,Needs_Attention,1.495890411,1496.832822
14256,260,5,2473.99,14-01-2010 10:35,24-03-2011 13:17,1171,695,494.798,4,0.444444444,2,4,4,At_Risk,1.904109589,4710.748082
14257,64,9,5954.45,01-03-2010 15:36,06-10-2011 16:54,3332,648,661.6055556,1,0.1,3,5,5,Loyal_customers,1.775342466,10571.18795
14258,9,25,32051.34,04-12-2009 08:36,30-11-2011 15:27,17488,736,1282.0536,7,0.21875,5,5,5,Champions,2.016438356,64629.55134
14259,142,1,120,21-07-2011 10:44,21-07-2011 10:44,68,142,120,0,0,3,1,1,Needs_Attention,0.389041096,46.68493151
14260,471,3,824.28,09-06-2010 11:23,25-08-2010 14:55,544,549,274.76,0,0,1,3,3,At_Risk,1.504109589,1239.807452
14261,51,2,1163.45,22-09-2011 10:47,20-10-2011 10:04,406,79,581.725,0,0,4,2,3,New_customers,0.216438356,251.8152055
14262,8,8,2618.23,13-04-2011 12:23,01-12-2011 14:17,1645,241,327.27875,0,0,5,4,4,Champions,0.660273973,1728.749123
14263,423,1,322.93,12-10-2010 14:09,12-10-2010 14:09,171,423,322.93,0,0,1,1,2,lost,1.15890411,374.2449041
14264,155,6,1517.36,07-04-2010 13:21,08-07-2011 10:20,553,611,252.8933333,2,0.25,3,4,4,Loyal_customers,1.673972603,2540.019068
14265,109,4,1373.35,06-04-2010 14:39,22-08-2011 13:32,715,612,343.3375,0,0,3,3,4,Loyal_customers,1.676712329,2302.712877
14266,428,1,40.56,07-10-2010 13:32,07-10-2010 13:32,24,428,40.56,0,0,1,1,1,lost,1.17260274,47.56076712
14267,163,3,1516.24,24-03-2011 11:38,30-06-2011 10:09,530,261,505.4133333,6,0.666666667,3,3,4,Loyal_customers,0.715068493,1084.215452
14268,471,1,354.85,26-08-2010 10:45,26-08-2010 10:45,147,471,354.85,0,0,1,1,2,lost,1.290410959,457.9023288
14269,439,1,295.73,26-09-2010 12:53,26-09-2010 12:53,123,439,295.73,1,0.5,1,1,2,lost,1.202739726,355.6862192
14270,332,1,492.65,12-01-2011 09:33,12-01-2011 09:33,197,332,492.65,0,0,2,1,2,lost,0.909589041,448.1090411
14271,226,2,219.13,26-10-2010 17:01,28-04-2011 12:47,149,409,109.565,0,0,2,2,1,lost,1.120547945,245.5456712
14272,74,4,920.81,06-05-2010 14:01,27-09-2011 10:08,1097,582,230.2025,0,0,3,3,3,Loyal_customers,1.594520548,1468.250466
14273,51,4,559.97,11-04-2011 13:24,19-10-2011 13:20,264,242,139.9925,0,0,4,3,2,Needs_Attention,0.663013699,371.2677808
14274,686,1,256.6,22-01-2010 12:51,22-01-2010 12:51,178,686,256.6,0,0,1,1,1,lost,1.879452055,482.2673973
14275,396,6,1189.38,11-04-2010 12:32,09-11-2010 09:06,538,608,198.23,0,0,2,4,3,At_Risk,1.665753425,1981.213808
14276,99,7,2102.68,17-02-2010 13:10,02-09-2011 09:45,1406,660,300.3828571,6,0.461538462,3,4,4,Loyal_customers,1.808219178,3802.106301
14277,15,9,17225.81,13-12-2009 15:43,24-11-2011 15:01,89814,726,1913.978889,5,0.357142857,5,5,5,Champions,1.989041096,34262.844
14278,410,1,205.83,26-10-2010 12:07,26-10-2010 12:07,131,410,205.83,0,0,2,1,1,lost,1.123287671,231.2063014
14279,521,2,191.86,27-01-2010 16:34,07-07-2010 08:42,46,681,95.93,0,0,1,2,1,lost,1.865753425,357.9634521
14280,197,1,134.04,27-05-2011 10:37,27-05-2011 10:37,52,197,134.04,0,0,2,1,1,lost,0.539726027,72.34487671
14281,408,1,245.15,27-10-2010 14:45,27-10-2010 14:45,45,408,245.15,0,0,2,1,1,lost,1.117808219,274.0306849
14282,3,25,7849.66,15-02-2010 11:22,06-12-2011 17:04,5478,663,313.9864,1,0.038461538,5,5,5,Champions,1.816438356,14258.42351
14283,463,4,628.44,19-05-2010 12:22,02-09-2010 14:46,550,570,157.11,0,0,1,3,3,At_Risk,1.561643836,981.3994521
14284,31,3,1299.65,24-02-2010 12:06,09-11-2011 08:11,510,654,433.2166667,1,0.25,4,3,4,Loyal_customers,1.791780822,2328.687945
14285,21,8,3284.42,08-12-2009 14:13,18-11-2011 14:50,954,731,410.5525,1,0.111111111,4,4,5,Champions,2.002739726,6577.838411
14286,24,7,8479.76,04-12-2009 08:40,16-11-2011 10:34,8795,736,1211.394286,5,0.416666667,4,4,5,Champions,2.016438356,17098.91332
14287,8,3,176.63,25-05-2011 11:41,01-12-2011 13:25,261,199,58.87666667,1,0.25,5,3,1,Needs_Attention,0.545205479,96.29964384
14288,213,1,426.6,10-05-2011 13:22,10-05-2011 13:22,188,213,426.6,1,0.5,2,1,2,lost,0.583561644,248.9473973
14289,9,6,911.26,23-02-2011 12:33,01-12-2011 11:44,292,290,151.8766667,0,0,5,4,3,Loyal_customers,0.794520548,724.0147945
14290,11,8,4516.56,08-12-2009 11:44,28-11-2011 14:02,1600,732,564.57,6,0.428571429,5,4,5,Champions,2.005479452,9057.868274
14291,2,23,7904.1,09-12-2009 10:46,08-12-2011 10:26,6146,731,343.6565217,2,0.08,5,5,5,Champions,2.002739726,15829.85507
14292,8,16,9226.25,19-03-2010 11:10,02-12-2011 11:50,3429,631,576.640625,11,0.407407407,5,5,5,Champions,1.728767123,15950.03767
14293,3,9,3267.93,10-12-2009 10:57,06-12-2011 15:17,1730,730,363.1033333,1,0.1,5,5,5,Champions,2,6535.86
14294,407,1,375.34,28-10-2010 16:25,28-10-2010 16:25,190,407,375.34,0,0,2,1,2,lost,1.115068493,418.5298082
14295,40,5,2362.91,08-12-2009 09:49,30-10-2011 15:50,1029,732,472.582,3,0.375,4,4,4,Champions,2.005479452,4738.767452
14296,421,2,456.4,14-05-2010 14:34,14-10-2010 14:14,314,574,228.2,1,0.333333333,1,2,2,lost,1.57260274,717.7358904
14297,18,4,1305.33,10-03-2011 08:31,22-11-2011 09:06,865,275,326.3325,2,0.333333333,5,3,4,Loyal_customers,0.753424658,983.4678082
14298,8,82,91194.49,11-12-2009 13:49,01-12-2011 13:12,100272,728,1112.127927,2,0.023809524,5,5,5,Champions,1.994520548,181889.2842
14299,8,27,14499.49,02-12-2009 10:58,01-12-2011 16:05,8228,738,537.0181481,14,0.341463415,5,5,5,Champions,2.021917808,29316.77704
14300,19,1,43.2,21-11-2011 08:57,21-11-2011 08:57,32,19,43.2,0,0,5,1,1,New_customers,0.052054795,2.248767123
14301,117,4,1992.18,11-02-2010 13:07,14-08-2011 15:33,1686,666,498.045,3,0.428571429,3,3,4,Loyal_customers,1.824657534,3635.046247
14302,431,3,742.9,02-12-2009 08:16,05-10-2010 08:10,298,738,247.6333333,0,0,1,3,3,At_Risk,2.021917808,1502.08274
14303,407,2,277.94,01-10-2010 10:31,28-10-2010 15:37,218,435,138.97,0,0,2,2,1,lost,1.191780822,331.2435616
14304,223,3,1725.01,18-05-2010 10:50,01-05-2011 11:50,775,571,575.0033333,2,0.4,2,3,4,At_Risk,1.564383562,2698.577288
14305,71,3,1858.96,27-07-2011 14:14,29-09-2011 15:29,1089,135,619.6533333,2,0.4,3,3,4,Loyal_customers,0.369863014,687.5605479
14306,51,6,3151.4,31-01-2010 13:42,19-10-2011 13:23,2065,677,525.2333333,1,0.142857143,4,4,5,Champions,1.854794521,5845.199452
14307,89,10,5071.03,07-12-2009 13:06,12-09-2011 09:38,3374,732,507.103,1,0.090909091,3,5,5,Loyal_customers,2.005479452,10169.84647
14308,549,2,1147.02,08-06-2010 16:39,08-06-2010 16:48,2,549,573.51,3,0.6,1,2,3,Needs_Attention,1.504109589,1725.243781
14309,8,11,3780.81,07-06-2010 10:24,01-12-2011 13:33,2583,551,343.71,1,0.083333333,5,5,5,Champions,1.509589041,5707.469342
14310,433,1,492.1,03-10-2010 12:34,03-10-2010 12:34,230,433,492.1,0,0,1,1,2,lost,1.18630137,583.7789041
14311,243,2,516.45,21-05-2010 10:28,11-04-2011 10:14,235,568,258.225,1,0.333333333,2,2,2,lost,1.556164384,803.6810959
14312,47,11,3090.29,23-07-2010 15:05,24-10-2011 09:46,1904,504,280.9354545,0,0,4,5,5,Champions,1.380821918,4267.140164
14314,107,2,229.8,05-10-2010 08:00,25-08-2011 10:39,332,431,114.9,1,0.333333333,3,2,1,Needs_Attention,1.180821918,271.3528767
14315,45,8,3197.82,15-03-2010 12:49,26-10-2011 12:06,1344,635,399.7275,2,0.2,4,4,5,Champions,1.739726027,5563.330685
14316,422,5,1370.34,19-03-2010 15:18,13-10-2010 16:31,4494,630,274.068,1,0.166666667,1,4,4,At_Risk,1.726027397,2365.244384
14317,65,1,508.58,06-10-2011 10:44,06-10-2011 10:44,255,65,508.58,0,0,3,1,2,Needs_Attention,0.178082192,90.5690411
14318,460,1,158.02,05-09-2010 15:32,05-09-2010 15:32,152,460,158.02,0,0,1,1,1,lost,1.260273973,199.1484932
14319,424,1,494.85,11-10-2010 13:38,11-10-2010 13:38,329,424,494.85,1,0.5,1,1,2,lost,1.161643836,574.8394521
14320,207,5,1346.75,21-01-2010 11:44,17-05-2011 09:24,713,688,269.35,2,0.285714286,2,4,4,At_Risk,1.884931507,2538.531507
14321,11,7,2218.06,23-08-2010 12:56,29-11-2011 09:47,3275,473,316.8657143,1,0.125,5,4,4,Champions,1.295890411,2874.362685
14322,429,4,474.1,18-02-2010 08:49,06-10-2010 15:17,158,660,118.525,2,0.333333333,1,3,2,At_Risk,1.808219178,857.2767123
14323,115,2,605.06,15-04-2011 11:44,17-08-2011 11:37,350,239,302.53,2,0.5,3,2,2,Needs_Attention,0.654794521,396.1899726
14324,410,2,701.61,15-01-2010 13:31,26-10-2010 11:44,402,693,350.805,0,0,2,2,3,Needs_Attention,1.898630137,1332.09789
14325,570,1,245.48,19-05-2010 09:20,19-05-2010 09:20,320,570,245.48,0,0,1,1,1,lost,1.561643836,383.3523288
14326,242,3,940.98,25-06-2010 12:10,11-04-2011 15:04,572,533,313.66,1,0.25,2,3,3,At_Risk,1.460273973,1374.088603
14327,163,6,1894.93,08-01-2010 14:04,29-06-2011 13:58,1296,700,315.8216667,0,0,3,4,4,Loyal_customers,1.917808219,3634.112329
14328,438,1,445.05,27-09-2010 16:01,27-09-2010 16:01,1,438,445.05,2,0.666666667,1,1,2,lost,1.2,534.06
14329,17,15,9927.22,16-12-2009 15:31,22-11-2011 15:50,5921,723,661.8146667,13,0.464285714,5,5,5,Champions,1.980821918,19664.05496
14330,624,1,200.63,26-03-2010 09:10,26-03-2010 09:10,103,624,200.63,0,0,1,1,1,lost,1.709589041,342.9948493
14331,124,2,462.66,27-07-2011 15:14,07-08-2011 13:17,252,135,231.33,0,0,3,2,2,Needs_Attention,0.369863014,171.1208219
14332,23,5,1943.51,19-10-2010 13:01,17-11-2011 11:54,893,416,388.702,0,0,4,4,4,Champions,1.139726027,2215.068932
14333,68,1,415.2,03-10-2011 10:38,03-10-2011 10:38,58,68,415.2,1,0.5,3,1,2,Needs_Attention,0.18630137,77.35232877
14334,17,12,4318.48,20-05-2010 10:04,23-11-2011 10:01,2986,569,359.8733333,2,0.142857143,5,5,5,Champions,1.55890411,6732.096219
14335,16,2,468.26,04-09-2011 13:07,23-11-2011 13:41,379,96,234.13,0,0,5,2,2,New_customers,0.263013699,123.1587945
14336,17,4,1614.91,08-03-2011 16:48,23-11-2011 11:40,1759,276,403.7275,0,0,5,3,4,Loyal_customers,0.756164384,1221.137425
14338,161,3,928.1,21-06-2010 10:32,01-07-2011 14:08,622,537,309.3666667,2,0.4,3,3,3,Loyal_customers,1.471232877,1365.451233
14339,243,2,620.27,07-10-2010 08:50,11-04-2011 11:06,456,429,310.135,3,0.6,2,2,3,Needs_Attention,1.175342466,729.0296712
14340,219,1,134.7,05-05-2011 09:44,05-05-2011 09:44,58,219,134.7,0,0,2,1,1,lost,0.6,80.82
14341,45,18,4467.32,01-12-2009 12:20,25-10-2011 15:48,2819,739,248.1844444,2,0.1,4,5,5,Champions,2.024657534,9044.793096
14342,21,6,918.44,24-08-2010 13:03,18-11-2011 13:21,521,472,153.0733333,3,0.333333333,4,4,3,Loyal_customers,1.293150685,1187.681315
14343,421,4,1088.91,18-01-2010 16:47,14-10-2010 13:05,631,690,272.2275,0,0,1,3,3,At_Risk,1.890410959,2058.487397
14344,127,20,3333.7,23-03-2010 15:47,04-08-2011 13:51,1669,626,166.685,0,0,3,5,5,Loyal_customers,1.715068493,5717.523836
14345,39,1,108.98,01-11-2011 09:51,01-11-2011 09:51,50,39,108.98,0,0,4,1,1,New_customers,0.106849315,11.64443836
14346,121,5,2315.75,30-07-2010 10:44,11-08-2011 09:47,1878,498,463.15,0,0,3,4,4,Loyal_customers,1.364383562,3159.571233
14347,737,1,82.6,03-12-2009 10:49,03-12-2009 10:49,48,737,82.6,0,0,1,1,1,lost,2.019178082,166.7841096
14348,260,1,409.57,24-03-2011 16:23,24-03-2011 16:23,183,260,409.57,0,0,2,1,2,lost,0.712328767,291.7484932
14349,10,1,133.5,29-11-2011 15:39,29-11-2011 15:39,86,10,133.5,0,0,5,1,1,New_customers,0.02739726,3.657534247
14350,274,3,972.03,05-10-2010 15:52,10-03-2011 14:14,543,430,324.01,1,0.25,2,3,3,At_Risk,1.178082192,1145.131233
14351,165,1,51,28-06-2011 11:56,28-06-2011 11:56,12,165,51,0,0,3,1,1,Needs_Attention,0.452054795,23.05479452
14352,157,4,1078.96,11-03-2011 14:58,05-07-2011 15:41,538,273,269.74,0,0,3,3,3,Loyal_customers,0.747945205,807.0029589
14353,215,3,376.5,04-10-2010 12:38,08-05-2011 16:06,344,432,125.5,0,0,2,3,2,At_Risk,1.183561644,445.6109589
14354,6,2,163.62,09-11-2011 15:36,04-12-2011 11:32,210,30,81.81,0,0,5,2,1,New_customers,0.082191781,13.44821918
14355,366,3,1014.45,22-03-2010 15:08,09-12-2010 12:16,709,627,338.15,0,0,2,3,3,At_Risk,1.717808219,1742.630548
14356,80,2,701.23,19-09-2011 14:43,21-09-2011 09:18,277,81,350.615,2,0.5,3,2,3,Needs_Attention,0.221917808,155.6154247
14357,43,1,225.77,27-10-2011 16:23,27-10-2011 16:23,148,43,225.77,0,0,4,1,1,New_customers,0.117808219,26.59756164
14358,389,2,400.06,07-10-2010 17:26,15-11-2010 15:51,338,428,200.03,1,0.333333333,2,2,2,lost,1.17260274,469.1114521
14359,19,3,912.18,13-09-2011 09:03,20-11-2011 13:17,371,88,304.06,3,0.5,5,3,3,Loyal_customers,0.24109589,219.9228493
14360,32,4,2128.23,06-09-2011 11:58,08-11-2011 09:12,1151,95,532.0575,0,0,4,3,4,Loyal_customers,0.260273973,553.9228767
14361,579,1,214.71,10-05-2010 12:29,10-05-2010 12:29,251,579,214.71,0,0,1,1,1,lost,1.58630137,340.5947671
14362,22,1,161.2,17-11-2011 15:08,17-11-2011 15:08,100,22,161.2,0,0,4,1,1,New_customers,0.060273973,9.716164384
14363,402,2,227.47,14-09-2010 14:39,02-11-2010 17:01,105,451,113.735,0,0,2,2,1,lost,1.235616438,281.0656712
14364,109,8,3717.35,12-05-2011 12:56,23-08-2011 11:01,1967,211,464.66875,0,0,3,4,5,Loyal_customers,0.578082192,2148.933836
14365,395,2,634.68,27-01-2010 09:44,10-11-2010 09:52,557,682,317.34,0,0,2,2,3,Needs_Attention,1.868493151,1185.895233
14366,525,1,136,02-07-2010 17:23,02-07-2010 17:23,16,525,136,0,0,1,1,1,lost,1.438356164,195.6164384
14367,8,16,9261.52,08-03-2011 14:12,01-12-2011 13:19,4438,276,578.845,3,0.157894737,5,5,5,Champions,0.756164384,7003.231562
14368,320,1,155,24-01-2011 09:52,24-01-2011 09:52,36,320,155,0,0,2,1,1,lost,0.876712329,135.890411
14369,642,2,469.13,16-02-2010 10:28,07-03-2010 15:47,255,662,234.565,0,0,1,2,2,lost,1.81369863,850.8604384
14370,451,6,1175.78,01-02-2010 08:35,15-09-2010 10:53,266,677,195.9633333,3,0.333333333,1,4,3,At_Risk,1.854794521,2180.830301
14371,295,1,100.5,17-02-2011 16:35,17-02-2011 16:35,34,295,100.5,0,0,2,1,1,lost,0.808219178,81.2260274
14372,443,2,860.08,19-04-2010 15:57,22-09-2010 16:17,378,599,430.04,1,0.333333333,1,2,3,Needs_Attention,1.64109589,1411.473753
14373,358,1,76.55,16-12-2010 15:40,16-12-2010 15:40,17,358,76.55,0,0,2,1,1,lost,0.980821918,75.08191781
14374,541,1,108,16-06-2010 14:25,16-06-2010 14:25,20,541,108,0,0,1,1,1,lost,1.482191781,160.0767123
14375,185,3,1132.99,16-06-2010 14:34,07-06-2011 13:44,659,541,377.6633333,0,0,3,3,3,Loyal_customers,1.482191781,1679.308466
14376,683,1,215.46,25-01-2010 15:36,25-01-2010 15:36,50,683,215.46,0,0,1,1,1,lost,1.871232877,403.1758356
14377,191,2,617.05,22-03-2011 13:38,01-06-2011 13:32,219,262,308.525,0,0,2,2,2,lost,0.717808219,442.9235616
14378,622,1,131.25,28-03-2010 12:22,28-03-2010 12:22,57,622,131.25,0,0,1,1,1,lost,1.704109589,223.6643836
14379,44,4,1268.91,16-08-2010 15:31,26-10-2011 16:43,713,480,317.2275,0,0,4,3,4,Loyal_customers,1.315068493,1668.703562
14380,682,1,48.96,26-01-2010 17:11,26-01-2010 17:11,1,682,48.96,1,0.5,1,1,1,lost,1.868493151,91.48142466
14381,52,2,631.34,14-09-2010 16:15,18-10-2011 17:10,453,451,315.67,0,0,4,2,3,New_customers,1.235616438,780.0940822
14382,26,2,1246.8,14-11-2010 16:32,13-11-2011 16:18,1701,390,623.4,1,0.333333333,4,2,3,New_customers,1.068493151,1332.19726
14383,38,3,1247.69,29-06-2011 10:18,01-11-2011 15:53,817,164,415.8966667,0,0,4,3,3,Loyal_customers,0.449315068,560.6059178
14384,501,1,58.5,27-07-2010 09:53,27-07-2010 09:53,30,501,58.5,0,0,1,1,1,lost,1.37260274,80.29726027
14385,9,3,202.11,16-11-2011 11:55,30-11-2011 15:36,159,24,67.37,0,0,5,3,1,Needs_Attention,0.065753425,13.28942466
14386,297,1,142.4,16-02-2011 09:45,16-02-2011 09:45,54,297,142.4,0,0,2,1,1,lost,0.81369863,115.8706849
14387,33,3,1770.56,22-08-2011 14:13,07-11-2011 12:29,819,109,590.1866667,0,0,4,3,4,Loyal_customers,0.298630137,528.7425753
14388,10,16,6701,20-01-2010 11:54,29-11-2011 13:32,4360,689,418.8125,4,0.2,5,5,5,Champions,1.887671233,12649.28493
14389,65,5,1898.01,28-04-2010 14:57,05-10-2011 15:17,1388,590,379.602,6,0.545454545,3,4,4,Loyal_customers,1.616438356,3068.016164
14390,10,13,6399.83,10-10-2010 14:30,29-11-2011 13:49,2910,425,492.2946154,5,0.277777778,5,5,5,Champions,1.164383562,7451.856849
14391,577,1,135.6,12-05-2010 09:42,12-05-2010 09:42,168,577,135.6,0,0,1,1,1,lost,1.580821918,214.3594521
14392,432,1,266.4,03-10-2010 12:56,03-10-2010 12:56,114,432,266.4,0,0,1,1,1,lost,1.183561644,315.3008219
14393,218,1,67.95,05-05-2011 18:16,05-05-2011 18:16,13,218,67.95,0,0,2,1,1,lost,0.597260274,40.58383562
14394,565,1,93.8,24-05-2010 10:43,24-05-2010 10:43,58,565,93.8,0,0,1,1,1,lost,1.547945205,145.1972603
14395,2,20,8208.01,18-04-2010 13:12,07-12-2011 14:34,4072,600,410.4005,4,0.166666667,5,5,5,Champions,1.643835616,13492.61918
14396,65,7,2121.93,02-12-2009 14:21,05-10-2011 16:09,1022,737,303.1328571,0,0,3,4,4,Loyal_customers,2.019178082,4284.554548
14397,3,19,2612.96,10-05-2011 12:25,07-12-2011 09:22,1890,214,137.5242105,4,0.173913043,5,5,4,Champions,0.58630137,1531.982027
14398,401,2,707.79,30-06-2010 11:57,03-11-2010 13:46,267,528,353.895,0,0,2,2,3,Needs_Attention,1.446575342,1023.871562
14399,394,8,2113.16,03-02-2010 13:09,10-11-2010 13:23,968,674,264.145,1,0.111111111,2,4,4,At_Risk,1.846575342,3902.109151
14400,149,3,1732.47,18-03-2010 12:11,13-07-2011 15:50,1706,632,577.49,2,0.4,3,3,4,Loyal_customers,1.731506849,2999.783671
14401,4,22,6795.9,14-12-2009 13:22,05-12-2011 13:30,6401,725,308.9045455,3,0.12,5,5,5,Champions,1.98630137,13498.70548
14402,652,1,285.6,25-02-2010 13:20,25-02-2010 13:20,240,652,285.6,0,0,1,1,1,lost,1.78630137,510.1676712
14403,130,6,1880.51,10-03-2010 14:00,01-08-2011 12:57,737,639,313.4183333,3,0.333333333,3,4,4,Loyal_customers,1.750684932,3292.180521
14404,34,13,2899.11,20-12-2009 14:40,06-11-2011 12:30,1656,719,223.0084615,2,0.133333333,4,5,4,Champions,1.969863014,5710.849562
14405,387,1,195,18-11-2010 11:40,18-11-2010 11:40,100,387,195,0,0,2,1,1,lost,1.060273973,206.7534247
14406,119,1,156.75,12-08-2011 16:54,12-08-2011 16:54,77,119,156.75,0,0,3,1,1,Needs_Attention,0.326027397,51.10479452
14407,107,6,2157.73,08-03-2011 11:59,24-08-2011 14:02,1415,277,359.6216667,3,0.333333333,3,4,4,Loyal_customers,0.75890411,1637.510164
14408,11,11,4109.77,07-12-2009 12:18,29-11-2011 11:41,2444,733,373.6154545,0,0,5,5,5,Champions,2.008219178,8253.318932
14409,71,9,3756.09,21-05-2010 16:45,29-09-2011 18:18,2401,567,417.3433333,1,0.1,3,5,5,Loyal_customers,1.553424658,5834.802822
14410,92,11,2651.14,28-09-2010 15:46,08-09-2011 15:08,1377,437,241.0127273,6,0.352941176,3,5,4,Loyal_customers,1.197260274,3174.104603
14411,311,1,1063,02-02-2011 10:56,02-02-2011 10:56,196,311,1063,0,0,2,1,3,Needs_Attention,0.852054795,905.7342466
14412,43,3,1426.19,11-10-2010 12:33,28-10-2011 10:45,1428,425,475.3966667,1,0.25,4,3,4,Loyal_customers,1.164383562,1660.632192
14413,362,4,770.37,19-01-2010 14:27,12-12-2010 13:37,280,689,192.5925,0,0,2,3,3,At_Risk,1.887671233,1454.205288
14414,92,8,2399.33,30-11-2010 10:12,09-09-2011 12:09,2877,375,299.91625,1,0.111111111,3,4,4,Loyal_customers,1.02739726,2465.065068
14415,1,23,12091.6,16-12-2009 14:08,08-12-2011 14:38,6304,723,525.7217391,9,0.28125,5,5,5,Champions,1.980821918,23951.3063
14416,22,2,490.22,28-10-2011 15:10,17-11-2011 15:22,326,42,245.11,0,0,4,2,2,New_customers,0.115068493,56.40887671
14417,388,1,604.2,17-11-2010 10:55,17-11-2010 10:55,567,388,604.2,0,0,2,1,2,lost,1.063013699,642.2728767
14418,4,3,1937.25,23-08-2011 17:18,06-12-2011 11:39,1711,108,645.75,0,0,5,3,4,Loyal_customers,0.295890411,573.2136986
14419,11,7,1260.91,22-11-2010 11:09,29-11-2011 11:22,556,383,180.13,0,0,5,4,4,Champions,1.049315068,1323.091863
14420,99,4,1639.17,17-01-2010 12:41,01-09-2011 18:07,1120,692,409.7925,3,0.428571429,3,3,4,Loyal_customers,1.895890411,3107.686685
14421,57,6,2469.37,17-01-2010 11:30,13-10-2011 13:24,1342,692,411.5616667,1,0.142857143,4,4,4,Champions,1.895890411,4681.654904
14422,1,19,10271.52,17-12-2009 12:12,09-12-2011 11:26,6067,723,540.6063158,2,0.095238095,5,5,5,Champions,1.980821918,20346.05195
14423,218,3,916.61,14-01-2010 11:49,05-05-2011 15:12,419,695,305.5366667,1,0.25,2,3,3,At_Risk,1.904109589,1745.32589
14424,18,1,322.08,22-11-2011 11:48,22-11-2011 11:48,48,18,322.08,0,0,5,1,2,New_customers,0.049315068,15.88339726
14425,435,3,661.39,02-12-2009 11:31,01-10-2010 10:24,325,738,220.4633333,2,0.4,1,3,3,At_Risk,2.021917808,1337.276219
14426,24,17,11727.94,04-03-2010 14:36,16-11-2011 12:25,7023,645,689.8788235,10,0.37037037,4,5,5,Champions,1.767123288,20724.71589
14427,50,4,1263.52,18-03-2010 09:49,20-10-2011 14:23,538,632,315.88,0,0,4,3,4,Loyal_customers,1.731506849,2187.793534
14428,7,5,1244.83,18-01-2011 16:39,02-12-2011 13:17,436,325,248.966,2,0.285714286,5,4,3,Loyal_customers,0.890410959,1108.410274
14429,404,1,516.28,01-11-2010 10:08,01-11-2010 10:08,286,404,516.28,0,0,2,1,2,lost,1.106849315,571.4441644
14430,512,3,1220.9,11-04-2010 15:59,16-07-2010 11:35,446,607,406.9666667,2,0.4,1,3,3,At_Risk,1.663013699,2030.373425
14431,303,4,2614.2,21-01-2010 10:49,10-02-2011 10:40,1202,688,653.55,1,0.2,2,3,4,At_Risk,1.884931507,4927.587945
14432,10,6,2255.51,11-09-2011 14:09,30-11-2011 08:04,2070,89,375.9183333,0,0,5,4,4,Champions,0.243835616,549.9736712
14433,466,1,289.6,31-08-2010 12:35,31-08-2010 12:35,134,466,289.6,0,0,1,1,1,lost,1.276712329,369.7358904
14434,22,6,1372.8,28-09-2011 15:31,18-11-2011 08:56,368,72,228.8,0,0,4,4,4,Champions,0.197260274,270.7989041
14435,502,1,90.42,26-07-2010 12:33,26-07-2010 12:33,282,502,90.42,0,0,1,1,1,lost,1.375342466,124.3584658
14436,99,2,271.7,04-06-2010 11:32,02-09-2011 10:13,297,554,135.85,0,0,3,2,1,Needs_Attention,1.517808219,412.3884932
14437,366,5,958.84,05-05-2010 12:20,09-12-2010 09:27,486,584,191.768,2,0.285714286,2,4,3,At_Risk,1.6,1534.144
14438,306,1,131.9,06-02-2011 14:56,06-02-2011 14:56,82,306,131.9,0,0,2,1,1,lost,0.838356164,110.5791781
14439,320,5,9443.04,21-01-2010 14:01,24-01-2011 11:39,2244,687,1888.608,0,0,2,4,5,At_Risk,1.882191781,17773.61227
14440,8,13,6638.73,02-12-2009 12:13,01-12-2011 15:42,1755,738,510.6715385,2,0.133333333,5,5,5,Champions,2.021917808,13422.96641
14441,1,11,4611.69,18-01-2010 10:40,09-12-2011 09:07,1260,691,419.2445455,8,0.421052632,5,5,5,Champions,1.893150685,8730.624082
14442,205,7,5367.02,18-01-2010 12:59,19-05-2011 11:36,1431,690,766.7171429,5,0.416666667,2,4,5,At_Risk,1.890410959,10145.87342
14443,54,5,2386.47,25-11-2010 14:18,17-10-2011 10:10,1520,379,477.294,3,0.375,4,4,4,Champions,1.038356164,2478.005836
14444,456,1,132.04,09-09-2010 18:56,09-09-2010 18:56,180,456,132.04,0,0,1,1,1,lost,1.249315068,164.9595616
14445,456,1,221.65,10-09-2010 11:09,10-09-2010 11:09,83,456,221.65,0,0,1,1,1,lost,1.249315068,276.9106849
14446,1,5,1241.31,18-11-2010 12:08,09-12-2011 11:34,1116,387,248.262,0,0,5,4,3,Loyal_customers,1.060273973,1316.128685
14447,19,6,1711.73,04-11-2010 13:32,21-11-2011 08:28,913,400,285.2883333,0,0,5,4,4,Champions,1.095890411,1875.868493
14448,9,2,375.35,10-12-2010 17:26,30-11-2011 13:50,104,364,187.675,0,0,5,2,2,New_customers,0.997260274,374.3216438
14449,19,8,2482.8,29-09-2010 13:15,21-11-2011 12:06,1778,436,310.35,0,0,5,4,4,Champions,1.194520548,2965.755616
14450,181,7,1128.44,08-04-2010 12:09,12-06-2011 10:46,522,611,161.2057143,0,0,3,4,3,Loyal_customers,1.673972603,1888.977644
14451,60,12,3308.77,17-01-2010 10:35,10-10-2011 13:38,1757,692,275.7308333,6,0.333333333,3,5,5,Loyal_customers,1.895890411,6273.065315
14452,11,4,665.59,06-07-2010 13:13,29-11-2011 12:06,289,521,166.3975,0,0,5,3,3,Loyal_customers,1.42739726,950.0613425
14453,190,1,119.93,02-06-2011 14:15,02-06-2011 14:15,49,190,119.93,0,0,2,1,1,lost,0.520547945,62.42931507
14454,376,5,977.3,06-12-2009 12:56,28-11-2010 13:26,400,733,195.46,1,0.166666667,2,4,3,At_Risk,2.008219178,1962.632603
14455,432,4,628.21,01-08-2010 13:26,03-10-2010 15:48,719,495,157.0525,1,0.2,1,3,3,At_Risk,1.356164384,851.9560274
14456,5,9,3062.4,20-07-2011 13:06,04-12-2011 13:59,2908,142,340.2666667,5,0.357142857,5,5,5,Champions,0.389041096,1191.399452
14457,311,1,113.64,02-02-2011 09:39,02-02-2011 09:39,88,311,113.64,0,0,2,1,1,lost,0.852054795,96.82750685
14458,381,1,237.42,24-11-2010 12:43,24-11-2010 12:43,328,381,237.42,0,0,2,1,1,lost,1.043835616,247.8274521
14459,155,2,5375.741,26-02-2010 13:26,07-07-2011 13:35,2303,651,2687.8705,1,0.333333333,3,2,5,Needs_Attention,1.783561644,9587.965455
14460,110,9,1093.5,15-12-2009 19:06,21-08-2011 14:19,1879,724,121.5,3,0.25,3,5,3,Loyal_customers,1.983561644,2169.024658
14461,148,13,6713.5,18-01-2010 12:48,14-07-2011 17:11,3027,691,516.4230769,1,0.071428571,3,5,5,Loyal_customers,1.893150685,12709.66712
14462,66,12,2270.01,03-10-2010 14:13,04-10-2011 15:55,1072,432,189.1675,4,0.25,3,5,4,Loyal_customers,1.183561644,2686.696767
14463,98,4,786.57,28-07-2010 11:35,02-09-2011 15:20,210,500,196.6425,0,0,3,3,3,Loyal_customers,1.369863014,1077.493151
14464,568,2,111,22-03-2010 15:20,20-05-2010 18:00,62,627,55.5,0,0,1,2,1,lost,1.717808219,190.6767123
14465,247,11,3946.03,07-01-2010 15:03,07-04-2011 12:38,2546,701,358.73,0,0,2,5,5,At_Risk,1.920547945,7578.539808
14466,29,13,4646.9,13-12-2009 15:44,10-11-2011 14:07,2644,726,357.4538462,0,0,4,5,5,Champions,1.989041096,9242.875068
14467,18,12,2220.99,02-12-2009 12:44,22-11-2011 12:48,1196,738,185.0825,0,0,5,5,4,Champions,2.021917808,4490.659233
14468,734,1,204.24,06-12-2009 12:21,06-12-2009 12:21,164,734,204.24,0,0,1,1,1,lost,2.010958904,410.7182466
14469,416,4,2112.21,29-01-2010 11:12,19-10-2010 14:30,980,680,528.0525,0,0,1,3,4,At_Risk,1.863013699,3935.076164
14470,12,3,712.04,05-10-2010 12:39,28-11-2011 10:31,282,431,237.3466667,0,0,5,3,3,Loyal_customers,1.180821918,840.7924384
14471,591,2,400.95,07-12-2009 12:26,27-04-2010 17:12,187,733,200.475,0,0,1,2,2,lost,2.008219178,805.1954795
14472,104,9,2228.22,19-01-2010 13:09,28-08-2011 11:01,1305,689,247.58,0,0,3,5,4,Loyal_customers,1.887671233,4206.146795
14473,74,2,234.34,02-03-2011 13:56,26-09-2011 15:10,88,282,117.17,0,0,3,2,1,Needs_Attention,0.77260274,181.051726
14474,46,2,1278.08,09-05-2010 12:12,24-10-2011 13:26,453,580,639.04,1,0.333333333,4,2,4,New_customers,1.589041096,2030.921644
14475,72,4,1151.15,27-10-2010 09:20,29-09-2011 10:46,541,409,287.7875,3,0.428571429,3,3,3,Loyal_customers,1.120547945,1289.918767
14476,257,1,215.7,27-03-2011 15:39,27-03-2011 15:39,132,257,215.7,0,0,2,1,1,lost,0.704109589,151.8764384
14477,20,7,1969.6,04-01-2010 15:41,20-11-2011 11:11,1120,704,281.3714286,3,0.3,4,4,4,Champions,1.928767123,3798.899726
14478,382,4,1276.66,01-12-2009 13:20,22-11-2010 15:29,1226,738,319.165,0,0,2,3,4,At_Risk,2.021917808,2581.301589
14479,254,4,1299.11,06-12-2009 13:48,31-03-2011 09:07,620,733,324.7775,0,0,2,3,4,At_Risk,2.008219178,2608.897616
14480,11,4,1299.52,21-12-2009 16:32,28-11-2011 16:35,670,718,324.88,1,0.2,5,3,4,Loyal_customers,1.967123288,2556.316055
14481,165,5,2311.49,31-01-2010 12:43,28-06-2011 10:38,1584,678,462.298,1,0.166666667,3,4,4,Loyal_customers,1.857534247,4293.671836
14482,18,12,4357.91,26-08-2010 14:13,21-11-2011 13:14,2891,470,363.1591667,2,0.142857143,5,5,5,Champions,1.287671233,5611.555342
14483,282,2,257.1,03-12-2009 10:16,03-03-2011 10:26,193,737,128.55,1,0.333333333,2,2,1,lost,2.019178082,519.1306849
14484,50,4,1070.98,17-12-2009 10:57,20-10-2011 14:11,744,723,267.745,0,0,4,3,3,Loyal_customers,1.980821918,2121.420658
14485,39,1,165.75,01-11-2011 12:25,01-11-2011 12:25,71,39,165.75,0,0,4,1,1,New_customers,0.106849315,17.71027397
14486,512,2,175.5,04-06-2010 10:30,16-07-2010 09:42,90,554,87.75,0,0,1,2,1,lost,1.517808219,266.3753425
14487,27,7,1453.61,25-11-2010 13:36,13-11-2011 12:17,837,379,207.6585714,1,0.125,4,4,4,Champions,1.038356164,1509.364904
14488,68,1,1064.28,03-10-2011 09:30,03-10-2011 09:30,799,68,1064.28,1,0.5,3,1,3,Needs_Attention,0.18630137,198.2768219
14489,207,4,1574.93,06-04-2010 09:52,16-05-2011 14:51,1011,613,393.7325,0,0,2,3,4,At_Risk,1.679452055,2645.019425
14490,406,2,1273.47,07-10-2010 11:36,29-10-2010 15:04,933,429,636.735,0,0,2,2,4,Needs_Attention,1.175342466,1496.76337
14491,175,2,468.13,02-12-2010 12:10,17-06-2011 15:22,179,373,234.065,0,0,3,2,2,Needs_Attention,1.021917808,478.3903836
14492,430,7,1921.91,30-03-2010 14:23,05-10-2010 13:21,751,619,274.5585714,3,0.3,1,4,4,At_Risk,1.695890411,3259.34874
14493,7,10,5130.15,08-03-2010 08:33,02-12-2011 16:14,3183,642,513.015,4,0.285714286,5,5,5,Champions,1.75890411,9023.441918
14494,26,3,401.46,08-12-2009 13:25,14-11-2011 09:21,210,731,133.82,0,0,4,3,2,Needs_Attention,2.002739726,804.0198904
14495,51,3,174.8,18-02-2010 08:49,20-10-2011 12:28,68,660,58.26666667,1,0.25,4,3,1,Needs_Attention,1.808219178,316.0767123
14496,312,7,2668.23,16-03-2010 13:15,01-02-2011 09:01,991,633,381.1757143,3,0.3,2,4,4,At_Risk,1.734246575,4627.36874
14497,309,2,697.06,04-02-2010 09:59,03-02-2011 17:01,332,674,348.53,1,0.333333333,2,2,3,Needs_Attention,1.846575342,1287.173808
14498,43,10,3911.27,07-06-2010 16:05,28-10-2011 12:09,2122,550,391.127,0,0,4,5,5,Champions,1.506849315,5893.694521
14499,26,7,2138.97,27-08-2010 11:57,13-11-2011 13:01,1250,470,305.5671429,3,0.3,4,4,4,Champions,1.287671233,2754.290137
14500,88,3,356.85,03-06-2011 10:08,12-09-2011 16:45,117,190,118.95,0,0,3,3,2,Needs_Attention,0.520547945,185.7575342
14501,184,2,251.21,24-01-2011 10:43,09-06-2011 12:02,161,320,125.605,1,0.333333333,3,2,1,Needs_Attention,0.876712329,220.2389041
14502,20,11,2470.67,30-01-2011 15:52,20-11-2011 11:50,1498,313,224.6063636,3,0.214285714,4,5,4,Champions,0.857534247,2118.684137
14503,3,6,3543.26,14-06-2011 10:00,06-12-2011 13:30,2004,179,590.5433333,0,0,5,4,5,Champions,0.490410959,1737.653534
14504,47,4,673.26,06-03-2011 14:38,23-10-2011 16:00,308,278,168.315,0,0,4,3,3,Loyal_customers,0.761643836,512.7843288
14505,17,19,12001.84,09-12-2009 14:48,22-11-2011 15:45,5383,730,631.6757895,8,0.296296296,5,5,5,Champions,2,24003.68
14506,17,7,3290.67,19-04-2010 08:27,22-11-2011 13:02,1078,600,470.0957143,0,0,5,4,5,Champions,1.643835616,5409.320548
14507,24,11,3284.43,10-12-2009 17:04,16-11-2011 12:21,1536,729,298.5845455,3,0.214285714,4,5,5,Champions,1.997260274,6559.861562
14508,22,5,874.94,17-06-2010 13:02,17-11-2011 19:48,359,540,174.988,1,0.166666667,4,4,3,Loyal_customers,1.479452055,1294.431781
14509,534,1,110.95,23-06-2010 13:21,23-06-2010 13:21,38,534,110.95,0,0,1,1,1,lost,1.463013699,162.3213699
14510,376,3,1007.28,29-09-2010 13:35,29-11-2010 12:46,821,436,335.76,1,0.25,2,3,3,At_Risk,1.194520548,1203.216658
14511,11,5,1314.81,29-07-2011 12:13,28-11-2011 17:05,784,134,262.962,1,0.166666667,5,4,4,Champions,0.367123288,482.6973699
14512,188,7,1223.47,07-12-2009 13:49,05-06-2011 12:39,742,732,174.7814286,0,0,3,4,3,Loyal_customers,2.005479452,2453.643945
14513,101,6,788.01,20-05-2010 17:57,31-08-2011 11:25,593,568,131.335,1,0.142857143,3,4,3,Loyal_customers,1.556164384,1226.273096
14514,61,9,4598.98,13-12-2009 13:21,09-10-2011 16:05,2496,726,510.9977778,1,0.1,3,5,5,Loyal_customers,1.989041096,9147.560219
14515,18,12,3749.26,07-06-2010 12:37,22-11-2011 11:37,1917,551,312.4383333,3,0.2,5,5,5,Champions,1.509589041,5659.841808
14516,516,1,163.92,11-07-2010 14:07,11-07-2010 14:07,68,516,163.92,0,0,1,1,1,lost,1.41369863,231.7334795
14517,33,2,330.45,21-07-2011 11:42,06-11-2011 14:20,91,142,165.225,0,0,4,2,2,New_customers,0.389041096,128.5586301
14518,64,1,174.37,06-10-2011 14:43,06-10-2011 14:43,278,64,174.37,0,0,3,1,1,Needs_Attention,0.175342466,30.57446575
14519,684,2,206.09,11-12-2009 10:40,25-01-2010 11:18,82,729,103.045,0,0,1,2,1,lost,1.997260274,411.6153699
14520,2,2,270.6,22-02-2011 09:15,08-12-2011 09:46,146,291,135.3,0,0,5,2,1,New_customers,0.797260274,215.7386301
14521,491,1,199.45,05-08-2010 16:35,05-08-2010 16:35,211,491,199.45,1,0.5,1,1,1,lost,1.345205479,268.3012329
14522,24,8,1758.62,24-01-2010 13:55,15-11-2011 13:24,968,684,219.8275,0,0,4,4,4,Champions,1.873972603,3295.605699
14523,108,1,241.09,23-08-2011 13:13,23-08-2011 13:13,251,108,241.09,0,0,3,1,1,Needs_Attention,0.295890411,71.33621918
14524,32,13,2933.71,19-10-2010 11:44,08-11-2011 12:29,1176,417,225.67,0,0,4,5,4,Champions,1.142465753,3351.663205
14525,20,17,8240.64,13-12-2009 14:01,20-11-2011 11:37,5235,726,484.7435294,4,0.19047619,4,5,5,Champions,1.989041096,16390.97162
14526,389,1,262.4,15-11-2010 13:32,15-11-2010 13:32,179,389,262.4,0,0,2,1,1,lost,1.065753425,279.6536986
14527,3,122,27792.3,02-12-2009 12:06,07-12-2011 12:19,6762,738,227.8057377,68,0.357894737,5,5,5,Champions,2.021917808,56193.7463
14528,37,1,364.22,02-11-2011 17:09,02-11-2011 17:09,278,37,364.22,0,0,4,1,2,New_customers,0.101369863,36.92093151
14529,60,3,620.04,21-08-2011 14:10,10-10-2011 15:27,348,110,206.68,0,0,3,3,3,Loyal_customers,0.301369863,186.8613699
14530,26,16,6197.4,21-01-2010 11:25,14-11-2011 10:38,3014,688,387.3375,3,0.157894737,4,5,5,Champions,1.884931507,11681.67452
14531,480,1,376.34,17-08-2010 10:16,17-08-2010 10:16,260,480,376.34,0,0,1,1,2,lost,1.315068493,494.9128767
14532,236,11,3859.18,10-01-2010 11:47,17-04-2011 13:05,1115,699,350.8345455,1,0.083333333,2,5,5,At_Risk,1.915068493,7390.594027
14533,25,11,3466.37,08-04-2010 12:13,15-11-2011 12:05,6038,611,315.1245455,4,0.266666667,4,5,5,Champions,1.673972603,5802.608411
14534,3,26,6271.11,15-03-2010 14:16,07-12-2011 12:19,2856,634,241.1965385,12,0.315789474,5,5,5,Champions,1.736986301,10892.83216
14535,60,9,6030.73,24-02-2010 15:03,10-10-2011 15:39,3240,653,670.0811111,2,0.181818182,3,5,5,Loyal_customers,1.789041096,10789.22381
14536,260,1,171.8,25-03-2011 12:21,25-03-2011 12:21,40,260,171.8,0,0,2,1,1,lost,0.712328767,122.3780822
14537,58,2,641.4,26-03-2010 13:44,13-10-2011 10:54,228,623,320.7,1,0.333333333,4,2,3,New_customers,1.706849315,1094.773151
14538,65,5,1370.84,25-01-2010 15:42,06-10-2011 10:31,284,683,274.168,0,0,3,4,4,Loyal_customers,1.871232877,2565.160877
14539,16,2,537.48,26-10-2011 12:03,24-11-2011 09:50,428,45,268.74,0,0,5,2,2,New_customers,0.123287671,66.26465753
14540,10,11,3795.34,07-12-2009 13:00,30-11-2011 10:15,1619,732,345.0309091,1,0.083333333,5,5,5,Champions,2.005479452,7611.476384
14541,59,14,2499.68,07-01-2010 11:59,12-10-2011 10:08,1129,702,178.5485714,0,0,4,5,4,Champions,1.923287671,4807.603726
14542,186,1,103.25,07-06-2011 08:19,07-06-2011 08:19,19,186,103.25,0,0,3,1,1,Needs_Attention,0.509589041,52.61506849
14543,29,39,14906.77,01-12-2009 13:47,11-11-2011 12:45,2697,738,382.2248718,11,0.22,4,5,5,Champions,2.021917808,30140.26373
14544,24,3,2982.43,26-08-2010 16:00,15-11-2011 15:06,2438,470,994.1433333,0,0,4,3,5,Loyal_customers,1.287671233,3840.389315
14545,674,1,349.25,03-02-2010 15:23,03-02-2010 15:23,236,674,349.25,0,0,1,1,2,lost,1.846575342,644.9164384
14546,5,11,5197.9,06-12-2009 13:10,04-12-2011 13:00,2696,733,472.5363636,9,0.45,5,5,5,Champions,2.008219178,10438.52247
14547,4,8,4007.54,16-10-2011 14:35,06-12-2011 11:06,2668,54,500.9425,1,0.111111111,5,4,5,Champions,0.147945205,592.8963288
14548,151,9,2627.49,06-12-2009 14:00,12-07-2011 12:19,1021,733,291.9433333,0,0,3,5,4,Loyal_customers,2.008219178,5276.575808
14549,311,4,916.55,02-12-2009 14:06,01-02-2011 13:47,395,737,229.1375,0,0,2,3,3,At_Risk,2.019178082,1850.677671
14550,11,4,1353.31,13-08-2010 12:05,29-11-2011 12:12,776,484,338.3275,0,0,5,3,4,Loyal_customers,1.326027397,1794.526137
14551,18,7,880.04,27-01-2010 12:06,21-11-2011 13:36,487,682,125.72,2,0.222222222,5,4,3,Loyal_customers,1.868493151,1644.348712
14552,152,3,511.28,26-04-2010 13:44,11-07-2011 12:49,261,592,170.4266667,0,0,3,3,2,Needs_Attention,1.621917808,829.254137
14553,19,9,1841.54,18-07-2010 12:07,20-11-2011 13:20,1140,510,204.6155556,1,0.1,5,5,4,Champions,1.397260274,2573.110685
14554,10,4,2381.04,18-10-2011 13:04,29-11-2011 16:44,1478,52,595.26,0,0,5,3,4,Loyal_customers,0.142465753,339.2166575
14555,57,6,2315.63,18-12-2009 11:39,13-10-2011 16:24,850,722,385.9383333,1,0.142857143,4,4,4,Champions,1.978082192,4580.506466
14556,596,3,835.34,20-01-2010 11:49,22-04-2010 14:57,331,689,278.4466667,0,0,1,3,3,At_Risk,1.887671233,1576.847288
14557,85,1,788.38,15-09-2011 15:48,15-09-2011 15:48,510,85,788.38,1,0.5,3,1,3,Needs_Attention,0.232876712,183.5953425
14558,654,3,655.5,08-12-2009 10:41,23-02-2010 12:51,162,732,218.5,2,0.4,1,3,3,At_Risk,2.005479452,1314.591781
14559,390,1,75.6,14-11-2010 16:05,14-11-2010 16:05,72,390,75.6,0,0,2,1,1,lost,1.068493151,80.77808219
14560,7,44,6114.03,02-12-2009 10:15,02-12-2011 15:22,4580,738,138.9552273,2,0.043478261,5,5,5,Champions,2.021917808,12362.06614
14561,76,3,1080.76,08-06-2011 13:26,25-09-2011 12:39,1014,184,360.2533333,0,0,3,3,3,Loyal_customers,0.504109589,544.8214795
14562,4,26,6729.4,07-02-2010 14:10,06-12-2011 11:05,2604,670,258.8230769,4,0.133333333,5,5,5,Champions,1.835616438,12352.59726
14563,510,2,679.44,26-04-2010 12:51,18-07-2010 12:01,335,592,339.72,0,0,1,2,3,Needs_Attention,1.621917808,1101.995836
14564,435,2,2605.62,04-12-2009 09:27,01-10-2010 09:02,1295,736,1302.81,3,0.6,1,2,4,Needs_Attention,2.016438356,5254.07211
14565,96,5,3859.22,23-08-2010 09:48,05-09-2011 09:07,1940,474,771.844,2,0.285714286,3,4,5,Loyal_customers,1.298630137,5011.699397
14566,111,4,4092,24-06-2010 10:34,21-08-2011 11:05,2400,534,1023,0,0,3,3,5,Loyal_customers,1.463013699,5986.652055
14567,57,2,1530.36,01-08-2011 13:48,14-10-2011 10:21,412,130,765.18,1,0.333333333,4,2,4,New_customers,0.356164384,545.059726
14568,435,1,919.7,30-09-2010 17:15,30-09-2010 17:15,645,435,919.7,1,0.5,1,1,3,Needs_Attention,1.191780822,1096.080822
14569,1,4,598.98,15-04-2010 11:49,08-12-2011 14:58,258,604,149.745,0,0,5,3,2,Needs_Attention,1.654794521,991.1888219
14570,281,3,613.75,22-09-2010 13:07,04-03-2011 10:58,431,443,204.5833333,0,0,2,3,2,At_Risk,1.21369863,744.9075342
14571,425,1,161.65,10-10-2010 15:06,10-10-2010 15:06,57,425,161.65,0,0,1,1,1,lost,1.164383562,188.2226027
14572,3,11,5615.18,28-03-2010 13:47,06-12-2011 14:40,2933,621,510.4709091,4,0.266666667,5,5,5,Champions,1.701369863,9553.498027
14573,180,13,2621.42,08-01-2010 16:34,13-06-2011 11:15,835,700,201.6476923,4,0.235294118,3,5,4,Loyal_customers,1.917808219,5027.380822
14574,733,1,143.7,07-12-2009 12:42,07-12-2009 12:42,63,733,143.7,0,0,1,1,1,lost,2.008219178,288.5810959
14575,488,1,460.71,08-08-2010 14:51,08-08-2010 14:51,176,488,460.71,0,0,1,1,2,lost,1.336986301,615.9629589
14576,372,1,70.8,02-12-2010 17:51,02-12-2010 17:51,24,372,70.8,0,0,2,1,1,lost,1.019178082,72.15780822
14577,13,7,1374.25,11-12-2009 12:09,27-11-2011 12:47,573,729,196.3214286,0,0,5,4,4,Champions,1.997260274,2744.734932
14578,3,1,168.63,06-12-2011 17:18,06-12-2011 17:18,240,3,168.63,0,0,5,1,1,New_customers,0.008219178,1.386
14579,432,1,105.56,03-10-2010 14:36,03-10-2010 14:36,56,432,105.56,0,0,1,1,1,lost,1.183561644,124.9367671
14580,518,1,14.85,09-07-2010 15:20,09-07-2010 15:20,3,518,14.85,0,0,1,1,1,lost,1.419178082,21.07479452
14581,17,2,433.8,13-06-2010 15:48,23-11-2011 12:39,309,544,216.9,0,0,5,2,2,New_customers,1.490410959,646.540274
14582,41,1,114.11,30-10-2011 11:56,30-10-2011 11:56,73,41,114.11,0,0,4,1,1,New_customers,0.112328767,12.81783562
14583,6,8,1781.03,28-03-2010 15:16,04-12-2011 12:32,1155,621,222.62875,0,0,5,4,4,Champions,1.701369863,3030.190767
14584,169,8,1747.91,17-02-2010 14:01,23-06-2011 18:33,963,660,218.48875,1,0.111111111,3,4,4,Loyal_customers,1.808219178,3160.604384
14585,50,5,1143.27,19-10-2010 12:17,20-10-2011 14:33,630,417,228.654,0,0,4,4,3,Loyal_customers,1.142465753,1306.146822
14586,277,1,237.36,08-03-2011 10:04,08-03-2011 10:04,444,277,237.36,2,0.666666667,2,1,1,lost,0.75890411,180.1334795
14587,19,9,1601.14,12-01-2011 13:16,21-11-2011 11:34,761,331,177.9044444,1,0.1,5,5,4,Champions,0.906849315,1451.992712
14588,578,1,135.39,10-05-2010 15:08,10-05-2010 15:08,62,578,135.39,0,0,1,1,1,lost,1.583561644,214.398411
14589,372,1,79.5,03-12-2010 11:42,03-12-2010 11:42,10,372,79.5,0,0,2,1,1,lost,1.019178082,81.02465753
14590,425,20,3006.62,07-12-2009 14:10,11-10-2010 12:06,904,732,150.331,8,0.285714286,1,5,5,At_Risk,2.005479452,6029.71463
14591,15,4,1447.14,10-05-2011 14:09,24-11-2011 13:57,1297,213,361.785,0,0,5,3,4,Loyal_customers,0.583561644,844.4953973
14592,35,3,570.46,06-10-2011 18:08,04-11-2011 16:35,415,64,190.1533333,0,0,4,3,2,Needs_Attention,0.175342466,100.025863
14593,22,12,3712.01,09-12-2009 12:57,18-11-2011 12:48,1875,730,309.3341667,6,0.333333333,4,5,5,Champions,2,7424.02
14594,7,2,634.83,01-12-2010 13:54,02-12-2011 13:28,331,373,317.415,0,0,5,2,3,New_customers,1.021917808,648.7440822
14595,20,8,2164.45,20-01-2010 13:59,20-11-2011 12:12,1228,688,270.55625,0,0,4,4,4,Champions,1.884931507,4079.84
14596,627,1,229.47,23-03-2010 12:13,23-03-2010 12:13,79,627,229.47,0,0,1,1,1,lost,1.717808219,394.1854521
14597,11,6,2201.54,28-09-2010 13:17,28-11-2011 13:13,1447,437,366.9233333,0,0,5,4,4,Champions,1.197260274,2635.816384
14598,44,2,384.04,19-05-2010 13:07,26-10-2011 13:19,354,569,192.02,1,0.333333333,4,2,2,New_customers,1.55890411,598.6815342
14599,390,2,474.54,18-07-2010 15:54,14-11-2010 14:49,295,509,237.27,0,0,2,2,2,lost,1.394520548,661.7557808
14600,306,2,865.17,11-11-2010 15:56,07-02-2011 09:48,487,393,432.585,0,0,2,2,3,Needs_Attention,1.076712329,931.5392055
14601,11,1,213.96,29-11-2011 09:48,29-11-2011 09:48,168,11,213.96,0,0,5,1,1,New_customers,0.030136986,6.448109589
14602,656,1,205.36,21-02-2010 15:47,21-02-2010 15:47,80,656,205.36,0,0,1,1,1,lost,1.797260274,369.0853699
14603,275,1,660,10-03-2011 10:27,10-03-2011 10:27,400,275,660,0,0,2,1,3,Needs_Attention,0.753424658,497.260274
14604,633,1,143.86,16-03-2010 13:00,16-03-2010 13:00,88,633,143.86,0,0,1,1,1,lost,1.734246575,249.4887123
14605,374,4,937.16,08-12-2009 13:59,30-11-2010 14:07,424,731,234.29,0,0,2,3,3,At_Risk,2.002739726,1876.887562
14606,1,192,30861.06,03-12-2009 12:40,08-12-2011 19:28,15635,737,160.7346875,67,0.258687259,5,5,5,Champions,2.019178082,62313.97595
14607,16,22,24137.63,15-12-2009 11:25,24-11-2011 10:35,15585,725,1097.165,5,0.185185185,5,5,5,Champions,1.98630137,47944.60753
14608,4,11,3352.94,06-12-2009 12:34,05-12-2011 16:52,927,734,304.8127273,1,0.083333333,5,5,5,Champions,2.010958904,6742.624548
14609,72,10,1486.2,09-02-2010 09:48,28-09-2011 12:54,12720,669,148.62,1,0.090909091,3,5,4,Loyal_customers,1.832876712,2724.02137
14610,396,2,24.35,13-07-2010 16:06,09-11-2010 10:58,15,514,12.175,0,0,2,2,1,lost,1.408219178,34.29013699
14611,444,2,604.33,20-04-2010 10:19,22-09-2010 09:19,582,599,302.165,1,0.333333333,1,2,2,lost,1.64109589,991.7634795
14612,415,1,877.7,20-10-2010 16:01,20-10-2010 16:01,134,415,877.7,0,0,1,1,3,Needs_Attention,1.136986301,997.9328767
14613,680,1,76.32,28-01-2010 13:02,28-01-2010 13:02,72,680,76.32,0,0,1,1,1,lost,1.863013699,142.1852055
14614,386,1,295.13,18-11-2010 13:04,18-11-2010 13:04,189,386,295.13,0,0,2,1,2,lost,1.057534247,312.1100822
14615,394,5,951.76,09-06-2010 13:59,10-11-2010 13:36,495,548,190.352,1,0.166666667,2,4,3,At_Risk,1.501369863,1428.943781
14616,243,5,527.78,09-06-2010 09:42,11-04-2011 09:54,170,549,105.556,0,0,2,4,2,At_Risk,1.504109589,793.8389589
14617,403,2,190.47,20-10-2010 10:40,02-11-2010 11:41,81,416,95.235,0,0,2,2,1,lost,1.139726027,217.0836164
14618,9,7,1342.32,11-06-2010 10:11,30-11-2011 13:45,704,547,191.76,2,0.222222222,5,4,4,Champions,1.498630137,2011.641205
14619,246,2,1291.24,16-06-2010 14:41,08-04-2011 07:37,594,541,645.62,1,0.333333333,2,2,4,Needs_Attention,1.482191781,1913.865315
14620,206,2,412.78,01-03-2011 08:30,18-05-2011 11:58,214,284,206.39,1,0.333333333,2,2,2,lost,0.778082192,321.1767671
14621,1,9,3000.57,25-01-2010 09:08,08-12-2011 16:22,1706,684,333.3966667,7,0.4375,5,5,5,Champions,1.873972603,5622.985973
14622,185,1,320.58,08-06-2011 12:42,08-06-2011 12:42,146,185,320.58,0,0,3,1,2,Needs_Attention,0.506849315,162.4857534
14623,32,10,2059.58,16-04-2010 17:12,07-11-2011 13:56,1059,602,205.958,2,0.166666667,4,5,4,Champions,1.649315068,3396.896329
14624,57,6,814.07,14-04-2010 10:44,13-10-2011 13:44,645,605,135.6783333,0,0,4,4,3,Loyal_customers,1.657534247,1349.348904
14625,196,11,4497.88,16-12-2009 13:23,27-05-2011 15:32,2155,723,408.8981818,7,0.388888889,2,5,5,At_Risk,1.980821918,8909.499288
14626,24,11,5410.92,10-12-2009 14:57,16-11-2011 10:37,3135,729,491.9018182,4,0.266666667,4,5,5,Champions,1.997260274,10807.01556
14627,379,1,462.75,25-11-2010 16:32,25-11-2010 16:32,284,379,462.75,2,0.666666667,2,1,2,lost,1.038356164,480.4993151
14628,91,5,1998,25-01-2010 14:40,09-09-2011 14:58,1147,683,399.6,0,0,3,4,4,Loyal_customers,1.871232877,3738.723288
14629,4,2,959.01,23-10-2011 16:13,05-12-2011 16:55,380,47,479.505,1,0.333333333,5,2,3,New_customers,0.128767123,123.4889589
14630,484,1,338.65,12-08-2010 16:38,12-08-2010 16:38,111,484,338.65,0,0,1,1,2,lost,1.326027397,449.0591781
14631,51,6,2025.69,09-08-2010 14:45,20-10-2011 11:17,1407,487,337.615,1,0.142857143,4,4,4,Champions,1.334246575,2702.769945
14632,263,1,114.56,22-03-2011 08:49,22-03-2011 08:49,96,263,114.56,0,0,2,1,1,lost,0.720547945,82.5459726
14633,266,1,344.9,18-03-2011 17:07,18-03-2011 17:07,96,266,344.9,0,0,2,1,2,lost,0.728767123,251.3517808
14634,438,4,2124.46,16-06-2010 09:48,28-09-2010 10:40,1906,542,531.115,3,0.428571429,1,3,4,At_Risk,1.484931507,3154.677589
14635,454,1,215.22,12-09-2010 10:47,12-09-2010 10:47,118,454,215.22,0,0,1,1,1,lost,1.243835616,267.6983014
14636,36,2,609.85,16-03-2011 09:52,03-11-2011 16:12,241,269,304.925,0,0,4,2,2,New_customers,0.736986301,449.4510959
14637,677,1,106.68,31-01-2010 15:52,31-01-2010 15:52,100,677,106.68,0,0,1,1,1,lost,1.854794521,197.8694795
14638,51,1,443.6,20-10-2011 10:10,20-10-2011 10:10,166,51,443.6,0,0,4,1,2,New_customers,0.139726027,61.98246575
14639,52,9,4978.96,16-02-2010 12:35,18-10-2011 15:06,2410,662,553.2177778,2,0.181818182,4,5,5,Champions,1.81369863,9030.332932
14640,24,10,3667.06,22-01-2010 15:44,15-11-2011 13:07,1651,686,366.706,6,0.375,4,5,5,Champions,1.879452055,6892.063452
14641,22,1,110.46,18-11-2011 10:42,18-11-2011 10:42,90,22,110.46,0,0,4,1,1,New_customers,0.060273973,6.657863014
14642,59,1,96.12,12-10-2011 11:08,12-10-2011 11:08,76,59,96.12,0,0,4,1,1,New_customers,0.161643836,15.53720548
14643,170,5,1679.89,11-12-2009 11:52,22-06-2011 14:41,1377,729,335.978,1,0.166666667,3,4,4,Loyal_customers,1.997260274,3355.177562
14644,68,7,2247.72,03-12-2009 16:24,03-10-2011 08:30,770,736,321.1028571,5,0.416666667,3,4,4,Loyal_customers,2.016438356,4532.388822
14645,157,3,876.89,15-03-2010 11:33,06-07-2011 09:15,587,635,292.2966667,1,0.25,3,3,3,Loyal_customers,1.739726027,1525.548356
14646,2,151,528602.52,02-12-2009 16:52,08-12-2011 12:12,367193,737,3500.67894,12,0.073619632,5,5,5,Champions,2.019178082,1067342.623
14647,201,2,519.97,04-07-2010 13:27,22-05-2011 13:40,180,523,259.985,0,0,2,2,2,lost,1.432876712,745.0529041
14648,416,15,4546.86,10-12-2009 13:59,19-10-2010 13:12,3326,729,303.124,4,0.210526316,1,5,5,At_Risk,1.997260274,9081.262849
14649,5,9,3775.31,20-01-2010 13:10,05-12-2011 12:30,2464,688,419.4788889,2,0.181818182,5,5,5,Champions,1.884931507,7116.200767
14650,589,1,62.5,29-04-2010 20:27,29-04-2010 20:27,22,589,62.5,0,0,1,1,1,lost,1.61369863,100.8561644
14651,67,9,2034.12,18-03-2010 11:39,03-10-2011 15:52,886,632,226.0133333,0,0,3,5,4,Loyal_customers,1.731506849,3522.092712
14652,77,1,114.18,23-09-2011 14:21,23-09-2011 14:21,53,77,114.18,0,0,3,1,1,Needs_Attention,0.210958904,24.08728767
14653,1,12,3614.54,02-12-2009 11:51,08-12-2011 13:45,1976,738,301.2116667,0,0,5,5,5,Champions,2.021917808,7308.302795
14654,738,1,246.86,01-12-2009 12:57,01-12-2009 12:57,273,738,246.86,0,0,1,1,1,lost,2.021917808,499.1306301
14655,8,7,3878.51,22-04-2010 14:29,01-12-2011 16:28,2341,596,554.0728571,5,0.416666667,5,4,5,Champions,1.632876712,6333.128658
14656,169,5,814.65,15-04-2010 12:10,23-06-2011 13:51,318,604,162.93,0,0,3,4,3,Loyal_customers,1.654794521,1348.078356
14657,18,6,1460.87,30-09-2010 19:57,22-11-2011 12:47,885,435,243.4783333,1,0.142857143,5,4,4,Champions,1.191780822,1741.036849
14658,5,2,247.15,14-08-2011 15:42,04-12-2011 15:35,47,117,123.575,0,0,5,2,1,New_customers,0.320547945,79.22342466
14659,9,9,2529.93,28-01-2011 12:43,01-12-2011 12:17,1195,316,281.1033333,3,0.25,5,5,4,Champions,0.865753425,2190.295562
14660,87,2,285.74,31-08-2011 10:40,14-09-2011 11:34,228,101,142.87,0,0,3,2,1,Needs_Attention,0.276712329,79.06778082
14661,27,1,107.95,13-11-2011 11:51,13-11-2011 11:51,35,27,107.95,0,0,4,1,1,New_customers,0.073972603,7.985342466
14662,29,7,1416.33,03-12-2009 16:47,11-11-2011 12:13,935,736,202.3328571,0,0,4,4,4,Champions,2.016438356,2855.942137
14663,430,2,490.6,05-10-2010 13:12,05-10-2010 13:21,397,430,245.3,0,0,1,2,2,lost,1.178082192,577.9671233
14664,20,2,637.89,06-11-2011 14:56,20-11-2011 10:59,466,33,318.945,0,0,4,2,3,New_customers,0.090410959,57.67224658
14665,61,7,2749.65,26-04-2010 11:17,10-10-2011 09:14,1144,593,392.8071429,2,0.222222222,3,4,4,Loyal_customers,1.624657534,4467.239589
14666,24,1,195.25,15-11-2011 12:57,15-11-2011 12:57,161,24,195.25,0,0,4,1,1,New_customers,0.065753425,12.83835616
14667,11,54,21927.14,02-12-2009 12:38,29-11-2011 11:30,13010,738,406.0581481,7,0.114754098,5,5,5,Champions,2.021917808,44334.87485
14668,445,1,111.63,20-09-2010 15:03,20-09-2010 15:03,49,445,111.63,0,0,1,1,1,lost,1.219178082,136.0968493
14669,242,7,3243.93,02-12-2009 13:06,12-04-2011 11:43,2054,737,463.4185714,0,0,2,4,5,At_Risk,2.019178082,6550.072356
14670,280,3,602,07-12-2009 13:59,04-03-2011 14:13,434,732,200.6666667,0,0,2,3,2,At_Risk,2.005479452,1207.29863
14671,549,2,1127.45,20-05-2010 18:21,08-06-2010 13:39,571,568,563.725,0,0,1,2,3,Needs_Attention,1.556164384,1754.497534
14672,235,4,1113.14,28-01-2010 11:33,19-04-2011 10:19,646,681,278.285,0,0,2,3,3,At_Risk,1.865753425,2076.844767
14673,3,7,3410.81,26-10-2010 10:14,06-12-2011 14:31,2035,410,487.2585714,0,0,5,4,5,Champions,1.123287671,3831.320822
14674,509,1,173.66,18-07-2010 14:25,18-07-2010 14:25,103,509,173.66,0,0,1,1,1,lost,1.394520548,242.1724384
14675,16,2,1066.9,16-11-2010 12:22,23-11-2011 12:58,726,389,533.45,0,0,5,2,3,New_customers,1.065753425,1137.052329
14676,31,12,8356.79,10-03-2010 09:30,08-11-2011 13:29,8792,640,696.3991667,4,0.25,4,5,5,Champions,1.753424658,14653.00164
14677,593,1,184.91,26-04-2010 09:48,26-04-2010 09:48,139,593,184.91,0,0,1,1,1,lost,1.624657534,300.4154247
14678,579,1,403.39,09-05-2010 14:32,09-05-2010 14:32,179,579,403.39,1,0.5,1,1,2,lost,1.58630137,639.8981096
14679,382,3,1289.44,08-12-2009 17:13,23-11-2010 11:51,794,731,429.8133333,2,0.4,2,3,4,At_Risk,2.002739726,2582.412712
14680,25,58,57412.77,04-12-2009 12:36,14-11-2011 16:59,27364,736,989.8753448,29,0.333333333,4,5,5,Champions,2.016438356,115769.3116
14681,71,6,875.15,24-02-2010 08:54,29-09-2011 15:52,172,654,145.8583333,0,0,3,4,3,Loyal_customers,1.791780822,1568.076986
14682,188,6,1514.81,05-02-2010 14:47,05-06-2011 12:12,949,672,252.4683333,0,0,3,4,4,Loyal_customers,1.84109589,2788.910466
14683,588,1,146.56,30-04-2010 17:18,30-04-2010 17:18,386,588,146.56,0,0,1,1,1,lost,1.610958904,236.102137
14684,26,6,1468.55,14-11-2010 14:07,14-11-2011 11:33,1039,390,244.7583333,0,0,4,4,4,Champions,1.068493151,1569.135616
14685,576,8,4619.79,13-12-2009 11:32,12-05-2010 13:08,2012,727,577.47375,5,0.384615385,1,4,5,At_Risk,1.991780822,9201.609123
14686,414,5,885.83,18-02-2010 18:29,21-10-2010 18:31,475,659,177.166,1,0.166666667,1,4,3,At_Risk,1.805479452,1599.347863
14687,107,3,1402.06,06-06-2010 10:36,25-08-2011 11:59,850,552,467.3533333,0,0,3,3,4,Loyal_customers,1.512328767,2120.375671
14688,8,28,7713.57,09-09-2010 12:35,02-12-2011 12:26,5580,457,275.4846429,6,0.176470588,5,5,5,Champions,1.252054795,9657.812301
14689,209,1,112.8,15-05-2011 11:22,15-05-2011 11:22,76,209,112.8,0,0,2,1,1,lost,0.57260274,64.58958904
14690,44,4,794.33,25-10-2010 12:20,26-10-2011 15:39,344,411,198.5825,1,0.2,4,3,3,Loyal_customers,1.126027397,894.4373425
14691,31,5,2114.33,11-05-2011 09:55,09-11-2011 12:30,707,213,422.866,0,0,4,4,4,Champions,0.583561644,1233.84189
14692,137,12,1745.09,01-04-2010 14:04,25-07-2011 15:08,905,617,145.4241667,1,0.076923077,3,5,4,Loyal_customers,1.690410959,2949.91926
14693,265,7,1165.36,02-07-2010 08:28,20-03-2011 12:50,388,526,166.48,1,0.125,2,4,3,At_Risk,1.44109589,1679.395507
14694,617,1,244.31,01-04-2010 19:46,01-04-2010 19:46,193,617,244.31,0,0,1,1,1,lost,1.690410959,412.9843014
14695,519,3,1620.07,07-12-2009 11:05,08-07-2010 14:18,678,733,540.0233333,1,0.25,1,3,4,At_Risk,2.008219178,3253.455644
14696,4,8,2767.9,14-10-2010 11:43,05-12-2011 13:43,2151,422,345.9875,2,0.2,5,4,4,Champions,1.156164384,3200.147397
14697,218,2,188.61,05-05-2011 15:29,05-05-2011 15:39,181,218,94.305,0,0,2,2,1,lost,0.597260274,112.6492603
14698,2,5,1250.76,19-10-2011 12:54,08-12-2011 12:26,615,51,250.152,0,0,5,4,4,Champions,0.139726027,174.763726
14699,214,4,702.6,02-07-2010 12:04,09-05-2011 14:54,484,526,175.65,0,0,2,3,3,At_Risk,1.44109589,1012.513973
14700,32,5,3116.26,11-08-2010 12:19,07-11-2011 14:40,1634,486,623.252,0,0,4,4,5,Champions,1.331506849,4149.321534
14701,11,15,4562.09,24-01-2010 12:15,29-11-2011 12:38,1782,685,304.1393333,3,0.166666667,5,5,5,Champions,1.876712329,8561.730548
14702,1,29,6754.22,10-12-2009 20:22,08-12-2011 19:29,3073,729,232.9041379,3,0.09375,5,5,5,Champions,1.997260274,13489.93529
14703,15,1,318.17,25-11-2011 09:23,25-11-2011 09:23,183,15,318.17,0,0,5,1,2,New_customers,0.04109589,13.07547945
14704,11,11,1813.57,25-03-2010 17:21,28-11-2011 12:51,1209,624,164.87,0,0,5,5,4,Champions,1.709589041,3100.459397
14705,199,1,179,25-05-2011 12:39,25-05-2011 12:39,100,199,179,0,0,2,1,1,lost,0.545205479,97.59178082
14706,619,1,390.69,31-03-2010 11:09,31-03-2010 11:09,263,619,390.69,0,0,1,1,2,lost,1.695890411,662.5674247
14707,436,2,139.2,12-05-2010 11:07,30-09-2010 11:37,96,577,69.6,0,0,1,2,1,lost,1.580821918,220.050411
14708,3,5,2212.28,10-09-2010 10:26,07-12-2011 08:21,1509,456,442.456,1,0.166666667,5,4,4,Champions,1.249315068,2763.83474
14709,15,25,8886.33,05-12-2009 15:26,24-11-2011 15:41,4141,734,355.4532,2,0.074074074,5,5,5,Champions,2.010958904,17870.04444
14710,14,13,1922.59,03-12-2009 17:12,25-11-2011 14:53,1151,736,147.8915385,0,0,5,5,4,Champions,2.016438356,3876.784219
14711,10,11,2868.8,22-03-2011 13:32,29-11-2011 14:58,978,262,260.8,1,0.083333333,5,5,4,Champions,0.717808219,2059.248219
14712,29,4,1328.07,17-10-2010 14:49,10-11-2011 12:59,411,418,332.0175,0,0,4,3,4,Loyal_customers,1.145205479,1520.913041
14713,9,21,5418.87,03-12-2009 19:22,30-11-2011 16:26,3456,736,258.0414286,4,0.16,5,5,5,Champions,2.016438356,10926.81732
14714,24,4,906.24,21-01-2010 11:51,15-11-2011 13:07,642,688,226.56,3,0.428571429,4,3,3,Loyal_customers,1.884931507,1708.200329
14715,25,8,1840.45,19-01-2010 12:18,15-11-2011 12:10,1034,690,230.05625,0,0,4,4,4,Champions,1.890410959,3479.206849
14716,43,3,565.45,21-09-2010 12:07,27-10-2011 17:29,752,445,188.4833333,0,0,4,3,2,Needs_Attention,1.219178082,689.3842466
14717,733,1,81.3,06-12-2009 13:05,06-12-2009 13:05,32,733,81.3,1,0.5,1,1,1,lost,2.008219178,163.2682192
14718,410,1,226.42,25-10-2010 13:07,25-10-2010 13:07,202,410,226.42,0,0,2,1,1,lost,1.123287671,254.3347945
14719,2,5,1602.13,04-04-2011 14:17,08-12-2011 12:43,1032,249,320.426,1,0.166666667,5,4,4,Champions,0.682191781,1092.959918
14720,6,3,663.81,05-08-2011 12:06,04-12-2011 12:02,219,127,221.27,0,0,5,3,3,Loyal_customers,0.347945205,230.9695068
14721,379,1,115.77,25-11-2010 13:08,25-11-2010 13:08,59,379,115.77,0,0,2,1,1,lost,1.038356164,120.2104932
14722,147,3,513.37,10-08-2010 13:28,15-07-2011 14:58,222,486,171.1233333,0,0,3,3,2,Needs_Attention,1.331506849,683.5556712
14723,10,11,2093.06,04-12-2009 11:22,29-11-2011 15:23,1308,736,190.2781818,0,0,5,5,4,Champions,2.016438356,4220.526466
14724,590,1,345.25,28-04-2010 13:26,28-04-2010 13:26,187,590,345.25,0,0,1,1,2,lost,1.616438356,558.0753425
14725,25,4,1315.24,23-06-2010 11:34,15-11-2011 12:42,1340,535,328.81,1,0.2,4,3,4,Loyal_customers,1.465753425,1927.817534
14726,655,1,124.75,23-02-2010 12:35,23-02-2010 12:35,91,655,124.75,0,0,1,1,1,lost,1.794520548,223.8664384
14727,274,3,467.93,11-06-2010 13:23,10-03-2011 14:45,468,546,155.9766667,1,0.25,2,3,2,At_Risk,1.495890411,699.972
14728,413,1,190.58,22-10-2010 15:57,22-10-2010 15:57,68,413,190.58,0,0,1,1,1,lost,1.131506849,215.6425753
14729,374,3,907.38,24-03-2010 13:30,01-12-2010 12:43,574,625,302.46,0,0,2,3,3,At_Risk,1.712328767,1553.732877
14730,1,8,2005.06,08-03-2011 12:49,08-12-2011 14:39,1132,277,250.6325,0,0,5,4,4,Champions,0.75890411,1521.648274
14731,47,3,380.02,11-05-2011 13:06,23-10-2011 15:54,256,212,126.6733333,0,0,4,3,2,Needs_Attention,0.580821918,220.7239452
14732,8,19,5517.07,09-12-2009 10:48,01-12-2011 14:34,2273,731,290.3721053,5,0.208333333,5,5,5,Champions,2.002739726,11049.25526
14733,16,15,16184.97,02-11-2010 15:42,23-11-2011 15:39,6491,402,1078.998,3,0.166666667,5,5,5,Champions,1.101369863,17825.63819
14734,426,4,1056.42,06-06-2010 15:15,10-10-2010 12:04,378,551,264.105,1,0.2,1,3,3,At_Risk,1.509589041,1594.760055
14735,4,56,12240.16,04-12-2009 11:32,06-12-2011 12:09,4513,736,218.5742857,3,0.050847458,5,5,5,Champions,2.016438356,24681.52811
14736,485,2,401.08,11-08-2010 15:13,11-08-2010 15:21,164,485,200.54,0,0,1,2,2,lost,1.328767123,532.9419178
14737,4,4,3554.17,04-11-2010 11:29,06-12-2011 10:16,1071,401,888.5425,0,0,5,3,5,Loyal_customers,1.098630137,3904.718274
14738,43,9,1821.9,07-12-2009 10:21,28-10-2011 08:56,757,733,202.4333333,3,0.25,4,5,4,Champions,2.008219178,3658.774521
14739,4,25,12287.5,02-12-2009 13:23,05-12-2011 16:54,10172,737,491.5,3,0.107142857,5,5,5,Champions,2.019178082,24810.65068
14740,197,11,4161.06,25-02-2010 11:40,26-05-2011 18:17,2081,653,378.2781818,2,0.153846154,2,5,5,At_Risk,1.789041096,7444.307342
14741,12,7,1897.59,18-10-2010 09:33,28-11-2011 08:48,1120,418,271.0842857,0,0,5,4,4,Champions,1.145205479,2173.130466
14742,435,1,579.85,30-09-2010 14:07,30-09-2010 14:07,374,435,579.85,0,0,1,1,2,lost,1.191780822,691.0541096
14743,593,1,50.48,26-04-2010 10:26,26-04-2010 10:26,40,593,50.48,0,0,1,1,1,lost,1.624657534,82.01271233
14744,16,14,3885.08,18-05-2010 14:06,23-11-2011 12:51,2547,570,277.5057143,3,0.176470588,5,5,5,Champions,1.561643836,6067.111233
14745,113,12,2571.81,12-03-2010 10:33,19-08-2011 10:05,1977,638,214.3175,5,0.294117647,3,5,4,Loyal_customers,1.747945205,4495.382959
14746,406,4,593.5,12-10-2010 11:06,29-10-2010 14:44,398,424,148.375,0,0,2,3,2,At_Risk,1.161643836,689.4356164
14747,249,1,328.2,04-04-2011 14:09,04-04-2011 14:09,84,249,328.2,1,0.5,2,1,2,lost,0.682191781,223.8953425
14748,29,10,3152.32,04-03-2010 17:08,10-11-2011 18:33,2752,645,315.232,6,0.375,4,5,5,Champions,1.767123288,5570.538082
14749,480,1,310.15,17-08-2010 12:36,17-08-2010 12:36,403,480,310.15,0,0,1,1,2,lost,1.315068493,407.8684932
14750,736,1,112.03,03-12-2009 17:57,03-12-2009 17:57,65,736,112.03,0,0,1,1,1,lost,2.016438356,225.901589
14751,684,2,126.45,13-12-2009 14:08,24-01-2010 13:37,65,726,63.225,0,0,1,2,1,lost,1.989041096,251.5142466
14752,44,1,389.64,27-10-2011 11:55,27-10-2011 11:55,260,44,389.64,0,0,4,1,2,New_customers,0.120547945,46.97030137
14753,87,2,869.51,05-09-2010 11:04,13-09-2011 14:50,412,461,434.755,0,0,3,2,3,Needs_Attention,1.263013699,1098.203041
14754,45,6,1550.48,18-01-2010 11:04,26-10-2011 12:01,1011,691,258.4133333,1,0.142857143,4,4,4,Champions,1.893150685,2935.292274
14755,10,25,9972.55,03-12-2009 16:51,30-11-2011 11:24,4401,736,398.902,5,0.166666667,5,5,5,Champions,2.016438356,20109.03233
14756,15,3,2653.76,11-10-2010 11:50,24-11-2011 18:13,1423,425,884.5866667,1,0.25,5,3,4,Loyal_customers,1.164383562,3089.994521
14757,75,1,420.5,25-09-2011 14:36,25-09-2011 14:36,160,75,420.5,0,0,3,1,2,Needs_Attention,0.205479452,86.40410959
14758,145,7,2864.97,08-04-2010 08:27,18-07-2011 08:21,840,611,409.2814286,0,0,3,4,4,Loyal_customers,1.673972603,4795.881288
14759,5,3,1625.97,21-04-2011 10:55,05-12-2011 12:03,569,233,541.99,0,0,5,3,4,Loyal_customers,0.638356164,1037.947973
14760,297,1,89.2,15-02-2011 16:27,15-02-2011 16:27,40,297,89.2,1,0.5,2,1,1,lost,0.81369863,72.58191781
14761,59,3,447.92,21-09-2010 14:22,12-10-2011 12:10,206,444,149.3066667,0,0,4,3,2,Needs_Attention,1.216438356,544.8670685
14762,264,2,417.57,23-03-2010 15:36,21-03-2011 08:20,428,626,208.785,0,0,2,2,2,lost,1.715068493,716.1611507
14764,47,1,278.3,24-10-2011 11:54,24-10-2011 11:54,190,47,278.3,1,0.5,4,1,1,New_customers,0.128767123,35.83589041
14765,29,3,254.11,16-06-2011 19:49,10-11-2011 19:53,135,176,84.70333333,0,0,4,3,1,Needs_Attention,0.482191781,122.5297534
14766,8,11,6556.13,06-06-2010 11:11,01-12-2011 16:05,4063,552,596.0118182,3,0.214285714,5,5,5,Champions,1.512328767,9915.024
14767,474,1,382.81,22-08-2010 14:54,22-08-2010 14:54,117,474,382.81,0,0,1,1,2,lost,1.298630137,497.1286027
14768,17,2,192.6,04-08-2011 13:25,22-11-2011 12:54,52,127,96.3,1,0.333333333,5,2,1,New_customers,0.347945205,67.01424658
14769,3,17,15771.88,16-12-2009 09:17,07-12-2011 10:24,11255,724,927.7576471,4,0.19047619,5,5,5,Champions,1.983561644,31284.49622
14770,232,8,3637.64,25-02-2010 18:58,21-04-2011 14:21,1598,652,454.705,1,0.111111111,2,4,5,At_Risk,1.78630137,6497.921315
14771,621,2,594.62,03-12-2009 09:44,28-03-2010 12:52,622,737,297.31,1,0.333333333,1,2,2,lost,2.019178082,1200.643671
14772,112,1,139.26,19-08-2011 15:04,19-08-2011 15:04,82,112,139.26,0,0,3,1,1,Needs_Attention,0.306849315,42.73183562
14773,593,1,140.55,26-04-2010 10:29,26-04-2010 10:29,53,593,140.55,1,0.5,1,1,1,lost,1.624657534,228.3456164
14774,529,1,241.45,29-06-2010 12:26,29-06-2010 12:26,99,529,241.45,0,0,1,1,1,lost,1.449315068,349.9371233
14775,58,3,1418.46,02-12-2010 16:38,12-10-2011 15:27,1558,372,472.82,0,0,4,3,4,Loyal_customers,1.019178082,1445.663342
14776,51,15,3708.3,19-09-2010 14:12,19-10-2011 15:34,4658,446,247.22,4,0.210526316,4,5,5,Champions,1.221917808,4531.237808
14777,404,1,307.56,01-11-2010 12:50,01-11-2010 12:50,212,404,307.56,3,0.75,2,1,2,lost,1.106849315,340.4225753
14778,127,2,730.86,04-02-2011 11:43,04-08-2011 15:23,306,309,365.43,0,0,3,2,3,Needs_Attention,0.846575342,618.7280548
14779,281,3,386.15,20-01-2011 12:04,04-03-2011 12:42,84,324,128.7166667,0,0,2,3,2,At_Risk,0.887671233,342.7742466
14780,55,2,447.68,21-09-2011 15:15,16-10-2011 12:46,310,79,223.84,0,0,4,2,2,New_customers,0.216438356,96.89512329
14782,320,1,200.1,24-01-2011 11:12,24-01-2011 11:12,114,320,200.1,0,0,2,1,1,lost,0.876712329,175.430137
14783,659,1,307.3,18-02-2010 16:16,18-02-2010 16:16,262,659,307.3,1,0.5,1,1,2,lost,1.805479452,554.8238356
14784,26,3,449.93,15-11-2010 09:49,13-11-2011 13:30,363,390,149.9766667,0,0,4,3,2,Needs_Attention,1.068493151,480.7471233
14785,10,2,77.4,24-11-2011 13:40,29-11-2011 13:21,84,15,38.7,0,0,5,2,1,New_customers,0.04109589,3.180821918
14786,550,1,90.96,07-06-2010 13:42,07-06-2010 13:42,112,550,90.96,0,0,1,1,1,lost,1.506849315,137.0630137
14787,471,1,110.65,25-08-2010 14:38,25-08-2010 14:38,59,471,110.65,0,0,1,1,1,lost,1.290410959,142.7839726
14788,7,3,1156.32,22-04-2010 18:16,02-12-2011 17:06,719,596,385.44,0,0,5,3,3,Loyal_customers,1.632876712,1888.128
14789,29,1,197.64,11-11-2011 08:59,11-11-2011 08:59,116,29,197.64,0,0,4,1,1,New_customers,0.079452055,15.70290411
14790,17,10,2526.62,11-12-2009 14:37,23-11-2011 09:28,2642,728,252.662,0,0,5,5,4,Champions,1.994520548,5039.395507
14791,607,1,303.63,12-04-2010 10:24,12-04-2010 10:24,127,607,303.63,0,0,1,1,2,lost,1.663013699,504.9408493
14792,64,1,6.2,07-10-2011 09:19,07-10-2011 09:19,2,64,6.2,1,0.5,3,1,1,Needs_Attention,0.175342466,1.087123288
14793,21,2,625.9,22-06-2010 16:54,18-11-2011 14:50,361,535,312.95,1,0.333333333,4,2,3,New_customers,1.465753425,917.4150685
14794,3,10,1953.9,09-08-2010 15:44,07-12-2011 10:11,783,487,195.39,3,0.230769231,5,5,4,Champions,1.334246575,2606.984384
14795,166,1,131.45,26-06-2011 13:04,26-06-2011 13:04,17,166,131.45,0,0,3,1,1,Needs_Attention,0.454794521,59.78273973
14796,1,27,10889.64,14-12-2009 15:06,08-12-2011 15:31,7653,725,403.32,12,0.307692308,5,5,5,Champions,1.98630137,21630.10685
14797,507,1,300.31,20-07-2010 14:07,20-07-2010 14:07,99,507,300.31,0,0,1,1,2,lost,1.389041096,417.1429315
14798,53,8,724.31,01-03-2010 08:38,18-10-2011 10:58,601,649,90.53875,1,0.111111111,4,4,3,Loyal_customers,1.778082192,1287.882712
14799,51,2,338.15,02-12-2009 11:18,19-10-2011 16:16,495,738,169.075,0,0,4,2,2,New_customers,2.021917808,683.7115068
14800,48,17,7774.32,30-09-2010 14:38,23-10-2011 12:46,6967,435,457.3129412,6,0.260869565,4,5,5,Champions,1.191780822,9265.285479
14801,61,1,193.14,09-10-2011 15:24,09-10-2011 15:24,175,61,193.14,0,0,3,1,1,Needs_Attention,0.167123288,32.27819178
14802,438,2,1502.98,27-09-2010 16:32,27-09-2010 16:34,2,438,751.49,4,0.666666667,1,2,4,Needs_Attention,1.2,1803.576
14803,162,3,845.55,20-02-2011 13:21,30-06-2011 13:58,370,292,281.85,0,0,3,3,3,Loyal_customers,0.8,676.44
14804,9,1,353.27,01-12-2011 11:20,01-12-2011 11:20,121,9,353.27,0,0,5,1,2,New_customers,0.024657534,8.710767123
14805,15,7,1104.64,28-03-2010 12:34,24-11-2011 16:20,421,622,157.8057143,0,0,5,4,3,Loyal_customers,1.704109589,1882.427616
14806,75,2,303.43,26-09-2010 15:50,25-09-2011 15:32,423,439,151.715,0,0,3,2,2,Needs_Attention,1.202739726,364.9473151
14807,391,2,519.29,28-02-2010 11:33,14-11-2010 12:47,247,650,259.645,0,0,2,2,2,lost,1.780821918,924.7630137
14808,40,8,2741.17,20-06-2011 12:53,31-10-2011 12:21,2147,172,342.64625,7,0.466666667,4,4,4,Champions,0.471232877,1291.729425
14809,621,2,686.76,28-03-2010 15:42,28-03-2010 15:44,232,621,343.38,0,0,1,2,3,Needs_Attention,1.701369863,1168.432767
14810,41,13,2537.02,06-10-2010 13:12,30-10-2011 11:19,1247,429,195.1553846,0,0,4,5,4,Champions,1.175342466,2981.867342
14811,387,1,170.5,17-11-2010 13:09,17-11-2010 13:09,74,387,170.5,0,0,2,1,1,lost,1.060273973,180.7767123
14812,599,1,185.8,20-04-2010 12:13,20-04-2010 12:13,136,599,185.8,0,0,1,1,1,lost,1.64109589,304.9156164
14813,370,4,1090.87,08-04-2010 11:49,05-12-2010 11:57,474,611,272.7175,0,0,2,3,3,At_Risk,1.673972603,1826.086493
14814,581,1,160.46,07-05-2010 14:10,07-05-2010 14:10,96,581,160.46,0,0,1,1,1,lost,1.591780822,255.4171507
14815,37,2,778.5,03-10-2011 11:36,03-11-2011 11:36,744,68,389.25,0,0,4,2,3,New_customers,0.18630137,145.0356164
14816,197,1,271.85,26-05-2011 13:16,26-05-2011 13:16,5,197,271.85,0,0,2,1,1,lost,0.539726027,146.7245205
14817,200,7,3959.86,22-03-2010 12:10,23-05-2011 13:35,2462,628,565.6942857,2,0.222222222,2,4,5,At_Risk,1.720547945,6813.128986
14818,74,6,1170.41,02-03-2010 12:48,27-09-2011 11:01,546,648,195.0683333,0,0,3,4,3,Loyal_customers,1.775342466,2077.878575
14819,64,4,470.16,21-12-2009 15:54,06-10-2011 13:41,173,718,117.54,0,0,3,3,2,Needs_Attention,1.967123288,924.8626849
14820,21,9,1274.76,31-01-2010 12:49,18-11-2011 15:41,724,678,141.64,0,0,4,5,4,Champions,1.857534247,2367.910356
14821,367,7,1286.45,01-02-2010 13:33,08-12-2010 08:43,485,676,183.7785714,0,0,2,4,4,At_Risk,1.852054795,2382.57589
14822,485,1,157.7,11-08-2010 12:52,11-08-2010 12:52,94,485,157.7,0,0,1,1,1,lost,1.328767123,209.5465753
14823,180,3,321.43,29-05-2011 12:48,12-06-2011 13:12,88,195,107.1433333,0,0,3,3,2,Needs_Attention,0.534246575,171.7228767
14824,10,10,4022.91,12-03-2010 13:07,29-11-2011 14:20,1954,637,402.291,2,0.166666667,5,5,5,Champions,1.745205479,7020.804575
14825,4,24,4925.08,06-04-2010 14:14,06-12-2011 11:38,2848,612,205.2116667,3,0.111111111,5,5,5,Champions,1.676712329,8257.942356
14826,582,2,385.2,13-01-2010 13:08,07-05-2010 09:00,152,695,192.6,0,0,1,2,2,lost,1.904109589,733.4630137
14828,197,13,9839.46,07-12-2009 11:19,27-05-2011 10:16,9718,733,756.8815385,1,0.071428571,2,5,5,At_Risk,2.008219178,19759.79227
14829,29,7,1692.84,29-09-2010 13:14,10-11-2011 16:16,1147,436,241.8342857,2,0.222222222,4,4,4,Champions,1.194520548,2022.132164
14830,53,1,197.13,17-10-2011 14:29,17-10-2011 14:29,169,53,197.13,0,0,4,1,1,New_customers,0.145205479,28.62435616
14831,680,3,1676.57,02-12-2009 09:21,28-01-2010 14:31,885,738,558.8566667,4,0.571428571,1,3,4,At_Risk,2.021917808,3389.88674
14832,630,1,322.69,19-03-2010 15:14,19-03-2010 15:14,1,630,322.69,2,0.666666667,1,1,2,lost,1.726027397,556.9717808
14833,499,1,94.8,29-07-2010 10:06,29-07-2010 10:06,58,499,94.8,0,0,1,1,1,lost,1.367123288,129.6032877
14834,18,7,2206.16,28-10-2010 17:37,22-11-2011 10:30,872,407,315.1657143,2,0.222222222,5,4,4,Champions,1.115068493,2460.019507
14835,529,2,297,01-04-2010 19:34,29-06-2010 10:08,180,617,148.5,1,0.333333333,1,2,2,lost,1.690410959,502.0520548
14836,10,3,102.45,09-11-2011 13:26,29-11-2011 16:45,45,30,34.15,0,0,5,3,1,Needs_Attention,0.082191781,8.420547945
14837,90,9,3460.32,24-01-2010 10:20,11-09-2011 10:58,3030,685,384.48,3,0.25,3,5,5,Loyal_customers,1.876712329,6494.025205
14838,423,2,773.67,03-12-2009 09:52,12-10-2010 15:46,362,737,386.835,0,0,1,2,3,Needs_Attention,2.019178082,1562.177507
14839,418,3,915.28,04-01-2010 16:29,17-10-2010 13:01,927,704,305.0933333,0,0,1,3,3,At_Risk,1.928767123,1765.361973
14840,268,2,362.71,18-06-2010 15:42,17-03-2011 12:00,179,539,181.355,1,0.333333333,2,2,2,lost,1.476712329,535.6183288
14841,53,14,7163,02-12-2009 16:49,17-10-2011 15:03,4164,737,511.6428571,0,0,4,5,5,Champions,2.019178082,14463.3726
14842,44,4,2824.69,04-02-2011 15:32,27-10-2011 12:37,1166,308,706.1725,4,0.5,4,3,4,Loyal_customers,0.843835616,2383.574027
14843,437,1,211.8,29-09-2010 12:39,29-09-2010 12:39,132,437,211.8,0,0,1,1,1,lost,1.197260274,253.579726
14844,64,10,6702.43,12-04-2010 12:50,07-10-2011 10:41,4369,607,670.243,2,0.166666667,3,5,5,Loyal_customers,1.663013699,11146.2329
14845,600,1,150,19-04-2010 10:19,19-04-2010 10:19,600,600,150,0,0,1,1,1,lost,1.643835616,246.5753425
14846,427,1,437.4,08-10-2010 17:07,08-10-2010 17:07,193,427,437.4,1,0.5,1,1,2,lost,1.169863014,511.6980822
14847,149,3,1348.95,24-05-2010 12:29,14-07-2011 10:52,533,565,449.65,1,0.25,3,3,4,Loyal_customers,1.547945205,2088.100685
14848,405,1,310.56,31-10-2010 12:22,31-10-2010 12:22,260,405,310.56,0,0,2,1,2,lost,1.109589041,344.5939726
14849,22,43,15763.45,10-01-2010 11:40,18-11-2011 10:58,12026,699,366.5918605,7,0.14,4,5,5,Champions,1.915068493,30188.08644
14850,312,7,1794.01,20-05-2010 13:28,01-02-2011 11:21,1408,568,256.2871429,2,0.222222222,2,4,4,At_Risk,1.556164384,2791.774466
14851,23,3,829.41,19-03-2010 11:52,16-11-2011 14:20,631,631,276.47,0,0,4,3,3,Loyal_customers,1.728767123,1433.85674
14852,58,18,6147.18,05-03-2010 14:51,12-10-2011 13:20,4371,644,341.51,3,0.142857143,4,5,5,Champions,1.764383562,10845.98334
14853,24,5,1376.87,13-04-2010 09:26,15-11-2011 16:56,345,606,275.374,2,0.285714286,4,4,4,Champions,1.660273973,2285.981425
14854,78,11,4322.86,22-01-2010 09:48,22-09-2011 17:00,2999,687,392.9872727,3,0.214285714,3,5,5,Loyal_customers,1.882191781,8136.451562
14855,119,7,6520.3,08-04-2010 10:30,12-08-2011 14:02,3510,611,931.4714286,0,0,3,4,5,Loyal_customers,1.673972603,10914.80356
14856,36,3,1311.38,14-10-2011 09:35,03-11-2011 14:53,714,57,437.1266667,0,0,4,3,4,Loyal_customers,0.156164384,204.7908493
14857,60,7,3651.851,15-03-2010 11:00,11-10-2011 09:23,2081,635,521.693,3,0.3,3,4,5,Loyal_customers,1.739726027,6353.220233
14858,506,1,180.75,22-07-2010 10:51,22-07-2010 10:51,105,506,180.75,0,0,1,1,1,lost,1.38630137,250.5739726
14859,13,5,1705.64,03-06-2010 10:26,27-11-2011 11:18,888,555,341.128,1,0.166666667,5,4,4,Champions,1.520547945,2593.507397
14860,19,1,170.32,20-11-2011 14:17,20-11-2011 14:17,232,19,170.32,1,0.5,5,1,1,New_customers,0.052054795,8.865972603
14861,52,10,1380.73,08-12-2009 12:12,18-10-2011 12:54,1076,732,138.073,4,0.285714286,4,5,4,Champions,2.005479452,2769.025644
14862,26,2,841.2,14-07-2011 11:20,14-11-2011 10:01,772,149,420.6,0,0,4,2,3,New_customers,0.408219178,343.3939726
14863,29,1,266.76,10-11-2011 15:04,10-11-2011 15:04,132,29,266.76,0,0,4,1,1,New_customers,0.079452055,21.19463014
14865,7,4,129.72,01-12-2009 16:05,02-12-2011 16:25,300,738,32.43,0,0,5,3,1,Needs_Attention,2.021917808,262.2831781
14866,11,19,20850.22,26-08-2010 11:54,29-11-2011 11:45,9233,471,1097.38,1,0.05,5,5,5,Champions,1.290410959,26905.35238
14867,186,16,2952.06,05-12-2009 15:47,07-06-2011 11:39,996,734,184.50375,3,0.157894737,3,5,4,Loyal_customers,2.010958904,5936.471342
14868,3,12,4184.01,15-10-2010 14:52,06-12-2011 14:49,2230,420,348.6675,1,0.076923077,5,5,5,Champions,1.150684932,4814.47726
14869,9,6,2804.24,16-12-2009 11:43,01-12-2011 12:36,2138,724,467.3733333,3,0.333333333,5,4,4,Champions,1.983561644,5562.382904
14870,262,6,1838.95,25-01-2010 09:05,23-03-2011 10:51,483,684,306.4916667,3,0.333333333,2,4,4,At_Risk,1.873972603,3446.141918
14871,3,9,1258.97,01-12-2009 11:57,06-12-2011 13:42,454,739,139.8855556,0,0,5,5,4,Champions,2.024657534,2548.983096
14872,484,3,816.6,16-03-2010 14:41,13-08-2010 12:34,662,633,272.2,1,0.25,1,3,3,At_Risk,1.734246575,1416.185753
14873,210,2,854.13,16-03-2010 10:51,13-05-2011 13:52,311,634,427.065,0,0,2,2,3,Needs_Attention,1.736986301,1483.61211
14874,535,1,116.18,22-06-2010 14:58,22-06-2010 14:58,148,535,116.18,0,0,1,1,1,lost,1.465753425,170.2912329
14875,108,3,2862.4,24-09-2010 10:28,24-08-2011 12:20,1332,442,954.1333333,4,0.571428571,3,3,4,Loyal_customers,1.210958904,3466.248767
14876,521,2,256.7,27-05-2010 13:49,06-07-2010 14:57,162,561,128.35,0,0,1,2,1,lost,1.536986301,394.5443836
14877,418,2,437,07-03-2010 12:25,17-10-2010 13:09,171,643,218.5,0,0,1,2,2,lost,1.761643836,769.8383562
14878,13,25,4105.24,21-02-2010 11:14,27-11-2011 11:15,2432,657,164.2096,3,0.107142857,5,5,5,Champions,1.8,7389.432
14879,685,1,185.06,24-01-2010 11:35,24-01-2010 11:35,104,685,185.06,0,0,1,1,1,lost,1.876712329,347.3043836
14880,77,3,706.19,24-02-2011 12:27,23-09-2011 13:42,373,289,235.3966667,0,0,3,3,3,Loyal_customers,0.791780822,559.1476986
14881,20,1,255.4,20-11-2011 11:06,20-11-2011 11:06,316,20,255.4,0,0,4,1,1,New_customers,0.054794521,13.99452055
14882,27,14,3628.15,30-03-2010 15:02,13-11-2011 12:47,1640,619,259.1535714,1,0.066666667,4,5,5,Champions,1.695890411,6152.944795
14883,19,6,761.59,12-05-2011 09:49,21-11-2011 10:23,790,212,126.9316667,1,0.142857143,5,4,3,Loyal_customers,0.580821918,442.3481644
14884,669,1,120.6,08-02-2010 12:56,08-02-2010 12:56,72,669,120.6,0,0,1,1,1,lost,1.832876712,221.0449315
14885,132,3,1598.12,31-08-2010 10:11,31-07-2011 12:05,1308,466,532.7066667,1,0.25,3,3,4,Loyal_customers,1.276712329,2040.339507
14886,253,1,364.8,01-04-2011 08:56,01-04-2011 08:56,160,253,364.8,0,0,2,1,2,lost,0.693150685,252.8613699
14887,79,1,1862,21-09-2011 15:32,21-09-2011 15:32,1100,79,1862,0,0,3,1,4,Needs_Attention,0.216438356,403.0082192
14888,207,1,369.2,16-05-2011 14:58,16-05-2011 14:58,184,207,369.2,0,0,2,1,2,lost,0.567123288,209.3819178
14889,336,1,135.9,07-01-2011 15:19,07-01-2011 15:19,90,336,135.9,0,0,2,1,1,lost,0.920547945,125.1024658
14890,254,3,817.25,18-02-2010 09:00,31-03-2011 11:57,636,660,272.4166667,0,0,2,3,3,At_Risk,1.808219178,1477.767123
14891,148,4,1106.73,29-09-2010 12:41,14-07-2011 18:08,788,437,276.6825,0,0,3,3,3,Loyal_customers,1.197260274,1325.043863
14892,691,1,202.35,18-01-2010 08:58,18-01-2010 08:58,79,691,202.35,0,0,1,1,1,lost,1.893150685,383.0790411
14893,10,3,1809.61,01-04-2010 09:03,30-11-2011 12:31,1047,618,603.2033333,3,0.5,5,3,4,Loyal_customers,1.693150685,3063.942411
14894,85,3,1492.81,02-12-2009 10:42,15-09-2011 13:51,603,738,497.6033333,2,0.4,3,3,4,Loyal_customers,2.021917808,3018.339123
14895,8,38,25119.54,10-12-2009 14:22,02-12-2011 09:23,10714,729,661.0405263,10,0.208333333,5,5,5,Champions,1.997260274,50170.25934
14896,205,8,2092.42,06-12-2009 12:42,19-05-2011 10:20,1117,734,261.5525,2,0.2,2,4,4,At_Risk,2.010958904,4207.77063
14897,8,8,3140.54,15-12-2009 17:05,02-12-2011 10:32,1162,724,392.5675,1,0.111111111,5,4,5,Champions,1.983561644,6229.454685
14898,23,14,3507.81,03-12-2009 16:40,16-11-2011 14:54,2247,736,250.5578571,4,0.222222222,4,5,5,Champions,2.016438356,7073.28263
14899,395,1,1384.88,09-11-2010 15:20,09-11-2010 15:20,586,395,1384.88,0,0,2,1,4,Needs_Attention,1.082191781,1498.705753
14900,522,1,13.92,05-07-2010 15:09,05-07-2010 15:09,48,522,13.92,0,0,1,1,1,lost,1.430136986,19.90750685
14901,11,12,2289.65,29-07-2010 11:11,28-11-2011 17:09,1053,499,190.8041667,1,0.076923077,5,5,4,Champions,1.367123288,3130.233836
14902,26,3,1035.62,04-06-2010 12:35,14-11-2011 10:34,716,554,345.2066667,2,0.4,4,3,3,Loyal_customers,1.517808219,1571.872548
14903,21,5,2810.63,06-03-2011 11:50,18-11-2011 16:07,1536,279,562.126,5,0.5,4,4,4,Champions,0.764383562,2148.39937
14904,2,4,1640.64,08-10-2010 12:48,07-12-2011 12:55,2549,428,410.16,0,0,5,3,4,Loyal_customers,1.17260274,1923.818959
14905,158,8,1971.39,03-12-2009 14:36,05-07-2011 12:41,1009,736,246.42375,2,0.2,3,4,4,Loyal_customers,2.016438356,3975.186411
14906,445,1,68.44,20-09-2010 16:30,20-09-2010 16:30,1,445,68.44,2,0.666666667,1,1,1,lost,1.219178082,83.44054795
14907,3,16,6165.79,16-04-2010 13:40,06-12-2011 14:14,2817,602,385.361875,7,0.304347826,5,5,5,Champions,1.649315068,10169.33036
14908,74,2,381.9,02-09-2010 16:39,26-09-2011 12:56,182,463,190.95,0,0,3,2,2,Needs_Attention,1.268493151,484.4375342
14909,437,3,1404.68,14-02-2010 15:47,28-09-2010 16:56,888,663,468.2266667,2,0.4,1,3,4,At_Risk,1.816438356,2551.51463
14910,3,4,434.35,16-10-2011 11:06,07-12-2011 10:06,238,55,108.5875,3,0.428571429,5,3,2,Needs_Attention,0.150684932,65.45
14911,1,398,295972.63,01-12-2009 11:41,08-12-2011 15:54,149987,739,743.6498241,112,0.219607843,5,5,5,Champions,2.024657534,599243.2153
14912,17,6,1889.25,26-01-2010 16:29,23-11-2011 09:20,1819,682,314.875,5,0.454545455,5,4,4,Champions,1.868493151,3530.050685
14913,36,8,4073.13,11-08-2010 08:40,04-11-2011 08:29,3955,486,509.14125,0,0,4,4,5,Champions,1.331506849,5423.400493
14915,91,11,1811.25,03-12-2009 10:17,09-09-2011 13:34,707,737,164.6590909,2,0.153846154,3,5,4,Loyal_customers,2.019178082,3657.236301
14916,71,8,3042.95,01-04-2010 10:57,30-09-2011 09:20,2415,618,380.36875,3,0.272727273,3,4,5,Loyal_customers,1.693150685,5152.172877
14917,597,2,1123.75,22-04-2010 09:44,22-04-2010 11:28,891,597,561.875,0,0,1,2,3,Needs_Attention,1.635616438,1838.023973
14918,116,9,5955.81,08-04-2010 11:18,16-08-2011 11:50,2551,611,661.7566667,0,0,3,5,5,Loyal_customers,1.673972603,9969.862767
14919,539,1,359.35,18-06-2010 13:06,18-06-2010 13:06,129,539,359.35,0,0,1,1,2,lost,1.476712329,530.6565753
14920,213,3,1607.17,23-05-2010 15:25,11-05-2011 10:32,886,565,535.7233333,0,0,2,3,4,At_Risk,1.547945205,2487.811096
14921,30,2,1316.07,22-05-2011 12:51,09-11-2011 13:17,953,201,658.035,0,0,4,2,4,New_customers,0.550684932,724.7399178
14922,394,2,843.74,20-07-2010 09:45,11-11-2010 11:14,376,508,421.87,0,0,2,2,3,Needs_Attention,1.391780822,1174.301151
14923,51,1,749.1,20-10-2011 11:51,20-10-2011 11:51,418,51,749.1,0,0,4,1,3,New_customers,0.139726027,104.6687671
14924,246,3,931.01,10-03-2010 12:51,08-04-2011 09:25,312,639,310.3366667,0,0,2,3,3,At_Risk,1.750684932,1629.905178
14926,382,2,359.4,20-04-2010 09:59,23-11-2010 07:13,204,599,179.7,1,0.333333333,2,2,2,lost,1.64109589,589.809863
14927,397,1,308.2,08-11-2010 12:30,08-11-2010 12:30,196,397,308.2,0,0,2,1,2,lost,1.087671233,335.220274
14928,628,1,223.91,22-03-2010 09:14,22-03-2010 09:14,268,628,223.91,1,0.5,1,1,1,lost,1.720547945,385.2478904
14929,32,2,836.69,14-10-2010 12:22,07-11-2011 17:21,487,422,418.345,0,0,4,2,3,New_customers,1.156164384,967.3511781
14930,109,6,5246.63,12-04-2010 11:22,23-08-2011 10:31,2199,607,874.4383333,3,0.333333333,3,4,5,Loyal_customers,1.663013699,8725.217562
14931,5,5,1257.68,13-04-2011 09:32,05-12-2011 10:19,417,241,251.536,1,0.166666667,5,4,4,Champions,0.660273973,830.4133699
14932,366,2,1029.66,19-11-2010 09:16,09-12-2010 11:48,337,386,514.83,0,0,2,2,3,Needs_Attention,1.057534247,1088.900712
14933,444,4,1770,21-09-2010 17:29,22-09-2010 10:47,600,444,442.5,1,0.2,1,3,4,At_Risk,1.216438356,2153.09589
14934,82,5,3503.5,24-09-2010 12:08,19-09-2011 10:10,2100,442,700.7,4,0.444444444,3,4,5,Loyal_customers,1.210958904,4242.594521
14935,297,2,2849.83,30-03-2010 11:48,15-02-2011 14:44,1931,620,1424.915,0,0,2,2,4,Needs_Attention,1.698630137,4840.807123
14936,34,12,12410.81,05-05-2010 12:26,06-11-2011 10:30,6274,584,1034.234167,2,0.142857143,4,5,5,Champions,1.6,19857.296
14937,57,3,1621.88,01-08-2011 14:16,14-10-2011 12:29,484,130,540.6266667,1,0.25,4,3,4,Loyal_customers,0.356164384,577.6558904
14938,562,2,2322.43,26-05-2010 13:35,26-05-2010 13:38,1369,562,1161.215,2,0.5,1,2,4,Needs_Attention,1.539726027,3575.905918
14940,418,2,531.49,06-12-2009 15:46,18-10-2010 10:47,384,733,265.745,0,0,1,2,2,lost,2.008219178,1067.348411
14941,579,1,182.1,10-05-2010 11:30,10-05-2010 11:30,80,579,182.1,0,0,1,1,1,lost,1.58630137,288.8654795
14942,402,4,746.56,10-12-2009 10:32,03-11-2010 10:51,354,730,186.64,1,0.2,2,3,3,At_Risk,2,1493.12
14943,663,1,107.62,14-02-2010 16:04,14-02-2010 16:04,46,663,107.62,0,0,1,1,1,lost,1.816438356,195.4850959
14944,30,19,9784.67,17-02-2010 08:47,10-11-2011 09:10,4864,661,514.9826316,5,0.208333333,4,5,5,Champions,1.810958904,17719.63526
14945,414,1,179.4,22-10-2010 11:26,22-10-2010 11:26,156,414,179.4,0,0,1,1,1,lost,1.134246575,203.4838356
14946,14,1,100.9,25-11-2011 13:33,25-11-2011 13:33,22,14,100.9,0,0,5,1,1,New_customers,0.038356164,3.870136986
14947,72,6,1049.79,25-03-2010 11:29,28-09-2011 15:48,416,625,174.965,0,0,3,4,3,Loyal_customers,1.712328767,1797.585616
14948,23,6,1101.97,04-05-2011 14:52,16-11-2011 17:16,673,219,183.6616667,1,0.142857143,4,4,3,Loyal_customers,0.6,661.182
14949,469,4,515,18-12-2009 15:28,27-08-2010 15:38,250,721,128.75,2,0.333333333,1,3,2,At_Risk,1.975342466,1017.30137
14950,19,1,371.2,20-11-2011 13:48,20-11-2011 13:48,136,19,371.2,1,0.5,5,1,2,New_customers,0.052054795,19.32273973
14951,79,1,311.69,21-09-2011 15:15,21-09-2011 15:15,311,79,311.69,0,0,3,1,2,Needs_Attention,0.216438356,67.46167123
14952,60,32,17629.35,03-12-2009 15:34,11-10-2011 10:33,6977,736,550.9171875,11,0.255813953,3,5,5,Loyal_customers,2.016438356,35548.49753
14953,25,4,1013.77,30-09-2010 12:16,14-11-2011 14:59,1028,436,253.4425,1,0.2,4,3,3,Loyal_customers,1.194520548,1210.969096
14954,12,2,503.44,05-01-2010 16:38,27-11-2011 14:30,219,703,251.72,0,0,5,2,2,New_customers,1.926027397,969.6392329
14955,733,1,163.77,07-12-2009 11:35,07-12-2009 11:35,74,733,163.77,0,0,1,1,1,lost,2.008219178,328.8860548
14956,421,1,1325,14-10-2010 16:40,14-10-2010 16:40,2500,421,1325,0,0,1,1,4,Needs_Attention,1.153424658,1528.287671
14957,253,2,333.29,05-03-2010 10:50,31-03-2011 17:59,105,645,166.645,0,0,2,2,2,lost,1.767123288,588.9645205
14958,147,6,957.94,03-12-2009 16:02,15-07-2011 14:20,249,736,159.6566667,0,0,3,4,3,Loyal_customers,2.016438356,1931.626959
14959,64,4,695.42,16-02-2011 13:00,06-10-2011 18:23,494,296,173.855,1,0.2,3,3,3,Loyal_customers,0.810958904,563.9570411
14960,8,2,221.27,21-06-2011 13:38,01-12-2011 12:54,221,171,110.635,0,0,5,2,1,New_customers,0.468493151,103.6634795
14961,11,22,16410.15,04-12-2009 11:32,29-11-2011 09:42,8372,736,745.9159091,6,0.214285714,5,5,5,Champions,2.016438356,33090.05589
14962,271,4,366.91,04-05-2010 14:57,14-03-2011 09:42,123,584,91.7275,0,0,2,3,2,At_Risk,1.6,587.056
14963,10,12,3164.48,02-07-2010 12:43,30-11-2011 12:16,2317,526,263.7066667,1,0.076923077,5,5,5,Champions,1.44109589,4560.319123
14964,247,1,206.21,06-04-2011 14:13,06-04-2011 14:13,143,247,206.21,0,0,2,1,1,lost,0.676712329,139.5448493
14965,96,2,599,04-09-2011 13:15,04-09-2011 13:20,365,96,299.5,0,0,3,2,2,Needs_Attention,0.263013699,157.5452055
14966,15,6,1115.84,15-12-2009 13:48,25-11-2011 12:20,1098,724,185.9733333,0,0,5,4,3,Loyal_customers,1.983561644,2213.337425
14967,50,6,1982.61,03-12-2009 14:07,21-10-2011 11:06,652,736,330.435,1,0.142857143,4,4,4,Champions,2.016438356,3997.810849
14968,30,2,504.99,07-09-2010 13:28,09-11-2011 13:58,258,458,252.495,0,0,4,2,2,New_customers,1.254794521,633.6586849
14969,704,1,906.23,05-01-2010 12:43,05-01-2010 12:43,665,704,906.23,0,0,1,1,3,Needs_Attention,1.928767123,1747.90663
14970,68,12,4919.35,14-02-2010 13:37,02-10-2011 13:44,982,663,409.9458333,4,0.25,3,5,5,Loyal_customers,1.816438356,8935.696027
14971,35,3,1116.57,27-10-2011 13:33,04-11-2011 17:07,644,43,372.19,0,0,4,3,3,Loyal_customers,0.117808219,131.5411233
14972,128,2,145.07,23-11-2010 16:17,03-08-2011 14:54,40,381,72.535,0,0,3,2,1,Needs_Attention,1.043835616,151.4292329
14973,107,3,1314.45,28-04-2011 12:22,24-08-2011 15:51,369,226,438.15,0,0,3,3,4,Loyal_customers,0.619178082,813.8786301
14974,37,1,114.39,02-11-2011 13:01,02-11-2011 13:01,44,37,114.39,0,0,4,1,1,New_customers,0.101369863,11.59569863
14975,57,2,472.39,14-10-2010 14:11,13-10-2011 14:08,507,421,236.195,0,0,4,2,2,New_customers,1.153424658,544.866274
14976,57,7,790.86,17-01-2011 11:09,13-10-2011 16:37,234,327,112.98,1,0.125,4,4,3,Loyal_customers,0.895890411,708.5238904
14977,726,1,31.93,14-12-2009 10:37,14-12-2009 10:37,17,726,31.93,0,0,1,1,1,lost,1.989041096,63.51008219
14978,72,10,3142.14,28-04-2010 10:50,28-09-2011 13:07,740,591,314.214,2,0.166666667,3,5,5,Loyal_customers,1.619178082,5087.684219
14979,735,1,439.46,04-12-2009 12:54,04-12-2009 12:54,213,735,439.46,0,0,1,1,2,lost,2.01369863,884.94
14980,737,1,150.68,02-12-2009 14:09,02-12-2009 14:09,79,737,150.68,0,0,1,1,1,lost,2.019178082,304.2497534
14981,246,2,372.92,12-10-2010 11:04,07-04-2011 13:45,241,424,186.46,1,0.333333333,2,2,2,lost,1.161643836,433.2002192
14982,572,1,237.78,16-05-2010 15:52,16-05-2010 15:52,125,572,237.78,0,0,1,1,1,lost,1.567123288,372.6305753
14983,689,1,183.2,19-01-2010 17:32,19-01-2010 17:32,90,689,183.2,0,0,1,1,1,lost,1.887671233,345.8213699
14984,19,6,1271.41,11-01-2010 13:22,20-11-2011 14:28,350,697,211.9016667,0,0,5,4,4,Champions,1.909589041,2427.870603
14985,198,2,296.75,16-12-2010 19:51,25-05-2011 14:29,260,358,148.375,0,0,2,2,2,lost,0.980821918,291.0589041
14986,376,2,566.9,24-01-2010 15:54,28-11-2010 15:25,342,684,283.45,0,0,2,2,2,lost,1.873972603,1062.355068
14987,16,8,1713.85,02-12-2009 14:56,24-11-2011 09:59,671,737,214.23125,1,0.111111111,5,4,4,Champions,2.019178082,3460.568356
14988,212,7,2066.6,16-04-2010 13:34,12-05-2011 12:05,1276,602,295.2285714,0,0,2,4,4,At_Risk,1.649315068,3408.474521
14989,662,1,342.4,16-02-2010 10:40,16-02-2010 10:40,200,662,342.4,0,0,1,1,2,lost,1.81369863,621.010411
14990,612,2,305.42,09-12-2009 13:31,06-04-2010 13:54,130,730,152.71,0,0,1,2,2,lost,2,610.84
14991,430,1,314.67,05-10-2010 13:01,05-10-2010 13:01,191,430,314.67,0,0,1,1,2,lost,1.178082192,370.7071233
14992,442,1,210.5,23-09-2010 17:48,23-09-2010 17:48,145,442,210.5,0,0,1,1,1,lost,1.210958904,254.9068493
14993,564,1,36.13,25-05-2010 12:47,25-05-2010 12:47,21,564,36.13,0,0,1,1,1,lost,1.545205479,55.82827397
14994,382,5,960.63,26-03-2010 14:16,22-11-2010 12:59,577,623,192.126,3,0.375,2,4,3,At_Risk,1.706849315,1639.650658
14995,39,2,233.23,04-03-2011 13:14,01-11-2011 11:39,103,280,116.615,0,0,4,2,1,New_customers,0.767123288,178.9161644
14996,481,2,442.29,15-08-2010 13:41,15-08-2010 13:44,404,481,221.145,0,0,1,2,2,lost,1.317808219,582.8533973
14997,46,4,776.6,22-02-2010 12:11,24-10-2011 13:28,1408,656,194.15,1,0.2,4,3,3,Loyal_customers,1.797260274,1395.752329
14998,170,4,770.73,13-04-2010 16:07,22-06-2011 17:30,367,605,192.6825,0,0,3,3,3,Loyal_customers,1.657534247,1277.51137
14999,593,1,129.48,26-04-2010 10:47,26-04-2010 10:47,88,593,129.48,0,0,1,1,1,lost,1.624657534,210.3606575
15000,48,1,490.52,23-10-2011 11:42,23-10-2011 11:42,218,48,490.52,0,0,4,1,2,New_customers,0.131506849,64.50673973
15001,394,2,230.86,10-11-2010 13:31,10-11-2010 13:51,81,394,115.43,0,0,2,2,1,lost,1.079452055,249.2023014
15002,116,9,4817.28,12-01-2010 11:40,16-08-2011 10:44,2518,697,535.2533333,0,0,3,5,5,Loyal_customers,1.909589041,9199.025096
15003,473,6,1060.7,26-01-2010 13:04,23-08-2010 15:44,547,682,176.7833333,1,0.142857143,1,4,3,At_Risk,1.868493151,1981.910685
15004,147,1,1246.32,15-07-2011 14:05,15-07-2011 14:05,630,147,1246.32,0,0,3,1,3,Needs_Attention,0.402739726,501.9425753
15005,16,56,14106.2,01-12-2009 14:19,24-11-2011 12:25,8856,738,251.8964286,20,0.263157895,5,5,5,Champions,2.021917808,28521.57699
15006,51,2,825.14,12-09-2010 13:03,19-10-2011 15:08,416,453,412.57,0,0,4,2,3,New_customers,1.24109589,1024.077863
15007,159,1,156.91,03-07-2011 16:00,03-07-2011 16:00,69,159,156.91,0,0,3,1,1,Needs_Attention,0.435616438,68.35257534
15008,480,2,360,12-03-2010 11:13,16-08-2010 13:09,1500,638,180,0,0,1,2,2,lost,1.747945205,629.260274
15009,12,3,1261.78,14-11-2011 17:40,27-11-2011 13:35,642,25,420.5933333,0,0,5,3,4,Loyal_customers,0.068493151,86.42328767
15010,36,1,308.94,04-11-2011 12:42,04-11-2011 12:42,184,36,308.94,0,0,4,1,2,New_customers,0.098630137,30.47079452
15011,396,2,416.6,19-10-2010 12:05,09-11-2010 11:10,289,417,208.3,0,0,2,2,2,lost,1.142465753,475.9512329
15012,54,3,860.62,12-05-2010 11:49,17-10-2011 12:22,479,577,286.8733333,0,0,4,3,3,Loyal_customers,1.580821918,1360.486959
15013,488,10,1641.3,31-01-2010 12:15,09-08-2010 12:05,1747,678,164.13,0,0,1,5,4,At_Risk,1.857534247,3048.770959
15014,43,2,260.17,16-06-2011 19:40,27-10-2011 20:07,151,176,130.085,0,0,4,2,1,New_customers,0.482191781,125.4518356
15015,501,13,2365.02,14-12-2009 14:46,26-07-2010 13:50,1593,725,181.9246154,7,0.35,1,5,4,At_Risk,1.98630137,4697.642466
15016,173,5,630.3,14-06-2010 13:06,20-06-2011 12:06,247,543,126.06,1,0.166666667,3,4,3,Loyal_customers,1.487671233,937.6791781
15017,34,1,125.58,06-11-2011 10:33,06-11-2011 10:33,63,34,125.58,0,0,4,1,1,New_customers,0.093150685,11.69786301
15018,39,3,607.46,07-12-2010 10:47,01-11-2011 12:47,210,368,202.4866667,1,0.25,4,3,2,Needs_Attention,1.008219178,612.4528219
15019,267,1,266,18-03-2011 12:35,18-03-2011 12:35,159,267,266,0,0,2,1,1,lost,0.731506849,194.5808219
15020,379,1,203.42,25-11-2010 13:29,25-11-2010 13:29,112,379,203.42,0,0,2,1,1,lost,1.038356164,211.222411
15021,9,12,2783.83,29-07-2010 16:35,01-12-2011 11:53,1217,498,231.9858333,5,0.294117647,5,5,4,Champions,1.364383562,3798.21189
15022,12,5,1186.09,31-01-2010 16:02,28-11-2011 12:35,656,677,237.218,0,0,5,4,3,Loyal_customers,1.854794521,2199.953233
15023,3,20,12170.68,03-02-2010 15:45,06-12-2011 17:23,5052,674,608.534,3,0.130434783,5,5,5,Champions,1.846575342,22474.07759
15024,10,16,4075.51,11-10-2010 16:14,30-11-2011 12:06,2201,424,254.719375,0,0,5,5,5,Champions,1.161643836,4734.291068
15025,33,2,1013.09,20-05-2010 13:28,06-11-2011 15:20,515,568,506.545,0,0,4,2,3,New_customers,1.556164384,1576.534575
15026,80,5,1061.61,17-09-2010 13:52,20-09-2011 13:52,673,448,212.322,0,0,3,4,3,Loyal_customers,1.22739726,1303.017205
15027,31,10,3195.6,25-03-2010 14:39,09-11-2011 10:16,2782,624,319.56,3,0.230769231,4,5,5,Champions,1.709589041,5463.16274
15028,8,6,1157.71,10-11-2010 14:32,01-12-2011 14:06,796,394,192.9516667,0,0,5,4,3,Loyal_customers,1.079452055,1249.692438
15029,620,1,365.1,30-03-2010 12:16,30-03-2010 12:16,234,620,365.1,1,0.5,1,1,2,lost,1.698630137,620.169863
15030,72,8,1979.91,04-03-2010 17:10,29-09-2011 10:50,1225,645,247.48875,1,0.111111111,3,4,4,Loyal_customers,1.767123288,3498.745068
15031,4,14,3156.58,08-12-2009 13:38,05-12-2011 14:19,1615,731,225.47,2,0.125,5,5,5,Champions,2.002739726,6321.808164
15032,256,8,13780.65,10-12-2009 15:27,28-03-2011 15:03,8259,729,1722.58125,2,0.2,2,4,5,At_Risk,1.997260274,27523.54479
15033,5,10,2586.67,14-01-2011 13:28,05-12-2011 12:40,1695,329,258.667,1,0.090909091,5,5,4,Champions,0.901369863,2331.546384
15034,16,14,8313.4,11-05-2010 13:30,24-11-2011 12:11,4788,577,593.8142857,3,0.176470588,5,5,5,Champions,1.580821918,13142.00493
15035,90,1,252.73,11-09-2011 11:08,11-09-2011 11:08,245,90,252.73,0,0,3,1,1,Needs_Attention,0.246575342,62.3169863
15036,72,3,465.55,13-06-2011 12:19,28-09-2011 15:42,327,180,155.1833333,0,0,3,3,2,Needs_Attention,0.493150685,229.5863014
15037,376,2,402.51,28-11-2010 12:14,28-11-2010 13:05,301,377,201.255,0,0,2,2,2,lost,1.032876712,415.7432055
15038,59,9,1309.86,10-10-2010 14:35,12-10-2011 11:33,441,425,145.54,1,0.1,4,5,4,Champions,1.164383562,1525.179452
15039,10,93,40031.43,10-12-2009 11:39,30-11-2011 11:31,18183,730,430.4454839,14,0.130841121,5,5,5,Champions,2,80062.86
15040,542,1,7.49,16-06-2010 11:40,16-06-2010 11:40,1,542,7.49,0,0,1,1,1,lost,1.484931507,11.12213699
15041,170,2,294.02,21-09-2010 13:16,22-06-2011 16:16,197,444,147.01,0,0,3,2,2,Needs_Attention,1.216438356,357.6572055
15042,199,2,315.45,23-04-2010 14:01,24-05-2011 16:25,238,595,157.725,0,0,2,2,2,lost,1.630136986,514.2267123
15043,31,6,2873.8,24-06-2010 15:50,08-11-2011 14:26,1031,533,478.9666667,0,0,4,4,4,Champions,1.460273973,4196.535342
15044,19,35,16204.33,16-12-2009 15:13,20-11-2011 13:20,5279,723,462.9808571,12,0.255319149,5,5,5,Champions,1.980821918,32097.89203
15045,152,2,735.66,27-03-2011 11:44,11-07-2011 11:33,114,258,367.83,1,0.333333333,3,2,3,Needs_Attention,0.706849315,520.0007671
15046,9,25,7812.39,14-01-2010 14:29,30-11-2011 15:50,4701,694,312.4956,3,0.107142857,5,5,5,Champions,1.901369863,14854.2429
15047,270,1,343.62,15-03-2011 10:49,15-03-2011 10:49,222,270,343.62,0,0,2,1,2,lost,0.739726027,254.1846575
15048,65,4,482.75,06-12-2010 12:15,05-10-2011 14:55,227,369,120.6875,1,0.2,3,3,2,Needs_Attention,1.010958904,488.040411
15049,274,1,121.17,11-03-2011 12:13,11-03-2011 12:13,63,274,121.17,0,0,2,1,1,lost,0.750684932,90.96049315
15050,25,5,4193.79,16-08-2010 12:00,14-11-2011 16:17,2628,481,838.758,2,0.285714286,4,4,5,Champions,1.317808219,5526.610932
15051,23,9,3935.16,01-12-2009 13:29,16-11-2011 15:38,3053,738,437.24,1,0.1,4,5,5,Champions,2.021917808,7956.570082
15052,319,1,215.78,24-01-2011 15:52,24-01-2011 15:52,82,319,215.78,0,0,2,1,1,lost,0.873972603,188.5858082
15053,5,3,697.79,03-03-2011 12:06,05-12-2011 12:08,986,282,232.5966667,0,0,5,3,3,Loyal_customers,0.77260274,539.1144658
15054,12,2,302.1,30-10-2011 14:33,27-11-2011 15:02,198,40,151.05,0,0,5,2,2,New_customers,0.109589041,33.10684932
15055,475,3,560.07,16-12-2009 15:48,22-08-2010 11:06,230,723,186.69,0,0,1,3,2,At_Risk,1.980821918,1109.398932
15056,520,1,133.45,07-07-2010 15:58,07-07-2010 15:58,81,520,133.45,0,0,1,1,1,lost,1.424657534,190.1205479
15057,275,5,3255.96,05-12-2009 15:27,09-03-2011 15:17,1394,734,651.192,1,0.166666667,2,4,5,At_Risk,2.010958904,6547.601753
15058,25,16,3410.03,24-02-2010 14:07,14-11-2011 14:57,1660,653,213.126875,1,0.058823529,4,5,5,Champions,1.789041096,6100.683808
15059,41,19,3523.57,06-12-2009 12:17,30-10-2011 11:35,1617,734,185.4510526,8,0.296296296,4,5,5,Champions,2.010958904,7085.754466
15060,8,4,303.09,30-11-2011 14:03,01-12-2011 13:47,263,9,75.7725,0,0,5,3,2,Needs_Attention,0.024657534,7.473452055
15061,4,127,137818.52,01-12-2009 12:18,06-12-2011 12:06,80711,739,1085.185197,11,0.079710145,5,5,5,Champions,2.024657534,279035.3049
15062,71,8,2585.62,08-04-2010 15:41,29-09-2011 16:51,1872,610,323.2025,0,0,3,4,4,Loyal_customers,1.671232877,4321.173151
15063,213,1,370.8,10-05-2011 13:25,10-05-2011 13:25,56,213,370.8,0,0,2,1,2,lost,0.583561644,216.3846575
15064,410,4,1254.41,22-12-2009 16:17,25-10-2010 14:32,810,717,313.6025,0,0,2,3,4,At_Risk,1.964383562,2464.142384
15065,38,5,3326.86,25-10-2010 09:13,02-11-2011 09:45,1446,411,665.372,2,0.285714286,4,4,5,Champions,1.126027397,3746.135507
15066,53,1,893.59,17-10-2011 13:25,17-10-2011 13:25,317,53,893.59,1,0.5,4,1,3,New_customers,0.145205479,129.7541644
15067,78,5,3877.88,11-04-2010 15:54,22-09-2011 13:20,2163,607,775.576,1,0.166666667,3,4,5,Loyal_customers,1.663013699,6448.967562
15068,46,4,1176.85,28-03-2010 13:18,24-10-2011 14:47,835,621,294.2125,0,0,4,3,3,Loyal_customers,1.701369863,2002.257123
15069,179,1,1109.53,13-06-2011 14:16,13-06-2011 14:16,520,179,1109.53,0,0,3,1,3,Needs_Attention,0.490410959,544.1256712
15070,373,3,843.25,15-12-2009 13:49,02-12-2010 11:23,375,724,281.0833333,0,0,2,3,3,At_Risk,1.983561644,1672.638356
15071,94,4,1455.56,18-05-2010 12:45,07-09-2011 11:43,416,571,363.89,0,0,3,3,4,Loyal_customers,1.564383562,2277.054137
15072,479,1,187.52,17-08-2010 15:46,17-08-2010 15:46,164,479,187.52,0,0,1,1,1,lost,1.312328767,246.0878904
15073,10,8,2788.02,27-01-2010 08:48,30-11-2011 10:44,1410,682,348.5025,1,0.111111111,5,4,4,Champions,1.868493151,5209.396274
15074,105,3,1566.33,29-08-2010 11:47,26-08-2011 14:45,1063,468,522.11,0,0,3,3,4,Loyal_customers,1.282191781,2008.335452
15075,78,1,773.03,23-09-2011 12:27,23-09-2011 12:27,447,78,773.03,0,0,3,1,3,Needs_Attention,0.21369863,165.1954521
15076,173,3,1447.74,05-07-2010 14:11,20-06-2011 08:23,866,522,482.58,2,0.4,3,3,4,Loyal_customers,1.430136986,2070.466521
15077,495,2,2428.08,09-12-2009 17:10,02-08-2010 11:13,528,730,1214.04,2,0.5,1,2,4,Needs_Attention,2,4856.16
15078,7,53,17761.88,04-12-2009 12:03,02-12-2011 15:41,8990,736,335.1298113,11,0.171875,5,5,5,Champions,2.016438356,35815.73611
15079,213,11,3767.35,08-12-2009 11:22,11-05-2011 12:45,1504,732,342.4863636,6,0.352941176,2,5,5,At_Risk,2.005479452,7555.343014
15080,428,2,546.25,26-07-2010 10:03,08-10-2010 11:52,287,502,273.125,0,0,1,2,2,lost,1.375342466,751.2808219
15081,22,12,1965.72,22-06-2010 10:25,17-11-2011 17:08,806,536,163.81,1,0.076923077,4,5,4,Champions,1.468493151,2886.646356
15082,669,1,93.35,09-02-2010 10:23,09-02-2010 10:23,43,669,93.35,0,0,1,1,1,lost,1.832876712,171.0990411
15083,257,1,88.2,28-03-2011 12:18,28-03-2011 12:18,38,257,88.2,0,0,2,1,1,lost,0.704109589,62.10246575
15084,380,2,965.2,04-03-2010 10:45,25-11-2010 11:58,600,646,482.6,0,0,2,2,3,Needs_Attention,1.769863014,1708.271781
15085,730,1,347.54,10-12-2009 11:47,10-12-2009 11:47,169,730,347.54,0,0,1,1,2,lost,2,695.08
15086,565,2,218.53,24-03-2010 13:56,24-05-2010 12:27,95,625,109.265,0,0,1,2,1,lost,1.712328767,374.1952055
15087,282,1,306.94,03-03-2011 10:34,03-03-2011 10:34,470,282,306.94,0,0,2,1,2,lost,0.77260274,237.1426849
15088,21,2,1160.07,03-10-2011 14:05,18-11-2011 13:14,460,67,580.035,1,0.333333333,4,2,3,New_customers,0.183561644,212.9443562
15089,10,6,2420.84,03-08-2011 14:14,29-11-2011 16:31,1359,128,403.4733333,0,0,5,4,4,Champions,0.350684932,848.9521096
15090,308,1,381.32,04-02-2011 14:03,04-02-2011 14:03,208,308,381.32,0,0,2,1,2,lost,0.843835616,321.7713973
15091,68,3,1046.61,03-02-2010 11:46,03-10-2011 12:47,582,675,348.87,3,0.5,3,3,3,Loyal_customers,1.849315068,1935.511644
15092,215,3,776.46,03-09-2010 12:33,08-05-2011 14:10,230,463,258.82,1,0.25,2,3,3,At_Risk,1.268493151,984.9341918
15093,18,23,14326.11,08-12-2009 12:46,21-11-2011 13:09,11657,732,622.8743478,11,0.323529412,5,5,5,Champions,2.005479452,28730.71923
15094,463,2,83,05-03-2010 12:56,02-09-2010 16:55,28,644,41.5,0,0,1,2,1,lost,1.764383562,146.4438356
15095,104,10,3141.64,21-01-2010 09:37,28-08-2011 12:01,2233,688,314.164,1,0.090909091,3,5,5,Loyal_customers,1.884931507,5921.776219
15096,43,1,219.39,28-10-2011 10:27,28-10-2011 10:27,120,43,219.39,0,0,4,1,1,New_customers,0.117808219,25.84594521
15097,4,3,908.35,05-05-2010 14:22,05-12-2011 14:03,424,583,302.7833333,2,0.4,5,3,3,Loyal_customers,1.597260274,1450.87137
15098,182,3,39916.5,10-06-2011 15:22,10-06-2011 15:33,121,182,13305.5,2,0.4,3,3,5,Loyal_customers,0.498630137,19903.56986
15099,84,1,410.48,16-09-2011 13:13,16-09-2011 13:13,343,84,410.48,0,0,3,1,2,Needs_Attention,0.230136986,94.46663014
15100,334,7,2894.7,07-01-2010 14:33,10-01-2011 10:35,334,701,413.5285714,7,0.5,2,4,4,At_Risk,1.920547945,5559.410137
15101,9,6,1477.94,28-04-2010 15:00,01-12-2011 10:18,676,590,246.3233333,5,0.454545455,5,4,4,Champions,1.616438356,2388.998904
15102,531,2,554.67,11-06-2010 10:16,27-06-2010 12:16,339,547,277.335,0,0,1,2,2,lost,1.498630137,831.2451781
15103,31,2,703.36,14-09-2011 13:54,08-11-2011 14:53,329,86,351.68,0,0,4,2,3,New_customers,0.235616438,165.7231781
15104,197,2,1027.44,02-03-2011 14:16,27-05-2011 12:29,637,282,513.72,1,0.333333333,2,2,3,Needs_Attention,0.77260274,793.8029589
15105,18,9,3094.91,23-03-2010 12:18,21-11-2011 16:54,1747,627,343.8788889,0,0,5,5,5,Champions,1.717808219,5316.461836
15106,18,5,1422.52,15-03-2011 12:52,22-11-2011 09:16,1181,269,284.504,2,0.285714286,5,4,4,Champions,0.736986301,1048.377753
15107,311,9,940.35,14-09-2010 10:47,01-02-2011 14:46,356,452,104.4833333,3,0.25,2,5,3,At_Risk,1.238356164,1164.488219
15108,142,4,1300.25,26-04-2011 10:54,21-07-2011 10:24,499,228,325.0625,1,0.2,3,3,4,Loyal_customers,0.624657534,812.2109589
15109,246,3,983.1,04-12-2009 12:33,08-04-2011 09:58,258,736,327.7,1,0.25,2,3,3,At_Risk,2.016438356,1982.360548
15110,24,6,1505.85,11-08-2010 15:49,16-11-2011 11:16,337,485,250.975,3,0.333333333,4,4,4,Champions,1.328767123,2000.923973
15111,29,5,2730.87,26-04-2010 13:12,10-11-2011 16:58,1164,592,546.174,0,0,4,4,4,Champions,1.621917808,4429.246685
15112,611,1,209.4,07-04-2010 14:17,07-04-2010 14:17,72,611,209.4,0,0,1,1,1,lost,1.673972603,350.529863
15113,10,3,3609.33,16-10-2011 15:27,30-11-2011 08:23,2386,54,1203.11,1,0.25,5,3,5,Loyal_customers,0.147945205,533.9830685
15114,30,12,3400.12,14-10-2010 16:44,09-11-2011 15:05,3532,421,283.3433333,0,0,4,5,5,Champions,1.153424658,3921.782247
15115,18,2,531.85,07-12-2009 11:20,21-11-2011 14:59,245,733,265.925,1,0.333333333,5,2,2,New_customers,2.008219178,1068.07137
15116,18,4,1352.75,19-05-2011 08:50,22-11-2011 12:25,648,205,338.1875,0,0,5,3,4,Loyal_customers,0.561643836,759.7636986
15117,15,8,2485.97,15-03-2010 13:39,25-11-2011 08:12,3093,634,310.74625,1,0.111111111,5,4,4,Champions,1.736986301,4318.095836
15118,134,1,244.8,28-07-2011 14:54,28-07-2011 14:54,1440,134,244.8,0,0,3,1,1,Needs_Attention,0.367123288,89.87178082
15119,246,1,266.4,08-04-2011 09:08,08-04-2011 09:08,88,246,266.4,0,0,2,1,1,lost,0.673972603,179.5463014
15120,134,1,358.82,29-07-2011 09:48,29-07-2011 09:48,296,134,358.82,1,0.5,3,1,2,Needs_Attention,0.367123288,131.7311781
15121,50,2,457.72,24-02-2011 12:41,20-10-2011 14:51,199,289,228.86,0,0,4,2,2,New_customers,0.791780822,362.4139178
15122,114,11,4497.47,30-03-2010 14:05,17-08-2011 16:48,2045,619,408.8609091,5,0.3125,3,5,5,Loyal_customers,1.695890411,7627.216247
15123,7,5,4656.17,16-03-2010 09:49,02-12-2011 13:12,2524,634,931.234,0,0,5,4,5,Champions,1.736986301,8087.703507
15124,23,4,450.82,26-02-2010 10:49,17-11-2011 10:09,462,652,112.705,0,0,4,3,2,Needs_Attention,1.78630137,805.3003836
15125,25,24,17024.87,31-03-2010 13:29,14-11-2011 13:57,8433,618,709.3695833,12,0.333333333,4,5,5,Champions,1.693150685,28825.6703
15126,537,2,449.49,21-01-2010 17:09,21-06-2010 12:31,273,687,224.745,0,0,1,2,2,lost,1.882191781,846.0263836
15127,66,2,711.5,08-07-2010 10:07,05-10-2011 10:30,464,520,355.75,0,0,3,2,3,Needs_Attention,1.424657534,1013.643836
15128,60,5,1783.68,05-10-2010 16:46,10-10-2011 13:54,1583,430,356.736,4,0.444444444,3,4,4,Loyal_customers,1.178082192,2101.321644
15129,50,23,6860.18,08-04-2010 17:15,20-10-2011 14:40,4002,610,298.2686957,0,0,4,5,5,Champions,1.671232877,11464.95836
15130,170,1,330.11,23-06-2011 10:15,23-06-2011 10:15,197,170,330.11,0,0,3,1,2,Needs_Attention,0.465753425,153.749863
15131,395,1,80.28,10-11-2010 12:07,10-11-2010 12:07,88,395,80.28,0,0,2,1,1,lost,1.082191781,86.87835616
15132,18,5,977.93,22-03-2011 12:02,21-11-2011 17:10,679,263,195.586,0,0,5,4,3,Loyal_customers,0.720547945,704.6454521
15133,128,5,1806.9,07-07-2010 12:31,04-08-2011 10:44,960,521,361.38,0,0,3,4,4,Loyal_customers,1.42739726,2579.16411
15134,15,10,1596.29,13-10-2010 12:44,25-11-2011 08:55,1057,423,159.629,0,0,5,5,4,Champions,1.15890411,1849.947041
15135,239,2,305.68,01-06-2010 13:33,14-04-2011 19:16,84,556,152.84,1,0.333333333,2,2,2,lost,1.523287671,465.6385753
15136,3,4,1286.7,04-09-2011 16:05,07-12-2011 12:26,776,96,321.675,1,0.2,5,3,4,Loyal_customers,0.263013699,338.419726
15137,521,2,823.4,28-01-2010 15:45,07-07-2010 09:41,596,680,411.7,3,0.6,1,2,3,Needs_Attention,1.863013699,1534.005479
15138,394,1,502.52,11-11-2010 09:16,11-11-2010 09:16,300,394,502.52,1,0.5,2,1,2,lost,1.079452055,542.4462466
15139,240,2,178.96,07-01-2011 12:44,14-04-2011 11:39,208,337,89.48,0,0,2,2,1,lost,0.923287671,165.2315616
15140,52,8,3243.69,23-09-2010 13:07,18-10-2011 14:07,2010,442,405.46125,1,0.111111111,4,4,5,Champions,1.210958904,3927.975288
15141,458,7,1388.47,28-03-2010 15:58,08-09-2010 11:33,1197,621,198.3528571,2,0.222222222,1,4,4,At_Risk,1.701369863,2362.301014
15142,46,6,2619.92,27-07-2010 09:05,24-10-2011 12:51,2155,501,436.6533333,1,0.142857143,4,4,4,Champions,1.37260274,3596.10937
15143,226,2,563.63,03-10-2010 13:58,28-04-2011 12:03,320,432,281.815,0,0,2,2,2,lost,1.183561644,667.0908493
15144,8,29,12160.31,13-12-2009 11:35,01-12-2011 15:12,5251,727,419.3210345,4,0.121212121,5,5,5,Champions,1.991780822,24220.67225
15145,4,4,1194.73,05-04-2011 15:20,05-12-2011 17:21,756,248,298.6825,0,0,5,3,3,Loyal_customers,0.679452055,811.7617534
15146,165,2,1327.16,21-02-2011 13:07,28-06-2011 12:09,1473,291,663.58,1,0.333333333,3,2,4,Needs_Attention,0.797260274,1058.091945
15147,240,1,623.5,13-04-2011 15:57,13-04-2011 15:57,366,240,623.5,1,0.5,2,1,3,Needs_Attention,0.657534247,409.9726027
15148,11,1,301.29,29-11-2011 08:21,29-11-2011 08:21,187,11,301.29,0,0,5,1,2,New_customers,0.030136986,9.079972603
15149,134,5,1554.61,28-02-2010 11:13,29-07-2011 10:58,380,650,310.922,0,0,3,4,4,Loyal_customers,1.780821918,2768.483562
15150,17,13,9001.08,14-06-2010 12:01,22-11-2011 12:52,6183,544,692.3907692,1,0.071428571,5,5,5,Champions,1.490410959,13415.30827
15151,423,2,2085.61,18-07-2010 12:19,12-10-2010 16:37,795,510,1042.805,0,0,1,2,4,Needs_Attention,1.397260274,2914.14
15152,10,14,5263.83,07-01-2010 15:15,30-11-2011 12:32,2994,701,375.9878571,4,0.222222222,5,5,5,Champions,1.920547945,10109.43789
15153,31,1,329.25,08-11-2011 17:09,08-11-2011 17:09,198,31,329.25,0,0,4,1,2,New_customers,0.084931507,27.96369863
15154,75,3,1388.41,18-08-2010 17:41,25-09-2011 16:05,349,478,462.8033333,1,0.25,3,3,4,Loyal_customers,1.309589041,1818.246521
15155,383,1,383.97,21-11-2010 12:59,21-11-2010 12:59,192,383,383.97,0,0,2,1,2,lost,1.049315068,402.9055068
15156,1,3,961.49,06-11-2011 12:41,08-12-2011 18:22,597,34,320.4966667,0,0,5,3,3,Loyal_customers,0.093150685,89.56345205
15157,4,5,2654.11,10-12-2009 14:44,06-12-2011 11:28,3466,729,530.822,2,0.285714286,5,4,4,Champions,1.997260274,5300.948466
15158,45,2,606.02,03-11-2010 13:46,25-10-2011 13:53,219,401,303.01,1,0.333333333,4,2,2,New_customers,1.098630137,665.7918356
15159,2,34,22116.73,04-10-2010 09:31,08-12-2011 12:05,13512,432,650.4920588,4,0.105263158,5,5,5,Champions,1.183561644,26176.51332
15160,357,4,589.27,14-10-2010 15:26,17-12-2010 14:15,307,421,147.3175,0,0,2,3,2,At_Risk,1.153424658,679.6785479
15161,388,1,119.92,16-11-2010 16:08,16-11-2010 16:08,144,388,119.92,0,0,2,1,1,lost,1.063013699,127.4766027
15162,731,1,312.9,08-12-2009 13:14,08-12-2009 13:14,74,731,312.9,1,0.5,1,1,2,lost,2.002739726,626.6572603
15163,18,2,304.47,31-05-2011 15:22,21-11-2011 13:10,186,192,152.235,0,0,5,2,2,New_customers,0.526027397,160.1595616
15164,69,9,2068.92,18-01-2010 13:34,02-10-2011 12:05,931,690,229.88,1,0.1,3,5,4,Loyal_customers,1.890410959,3911.109041
15165,373,1,975.5,01-12-2010 14:03,01-12-2010 14:03,320,373,975.5,0,0,2,1,3,Needs_Attention,1.021917808,996.8808219
15166,468,1,167.16,29-08-2010 12:31,29-08-2010 12:31,140,468,167.16,0,0,1,1,1,lost,1.282191781,214.3311781
15167,321,5,1659.67,04-02-2010 14:13,23-01-2011 12:41,872,673,331.934,0,0,2,4,4,At_Risk,1.843835616,3060.158658
15168,26,1,106.56,14-11-2011 11:26,14-11-2011 11:26,52,26,106.56,0,0,4,1,1,New_customers,0.071232877,7.590575342
15169,382,2,569.22,13-12-2009 11:16,22-11-2010 13:04,356,727,284.61,0,0,2,2,2,lost,1.991780822,1133.761479
15170,407,1,81.15,29-10-2010 10:34,29-10-2010 10:34,33,407,81.15,0,0,2,1,1,lost,1.115068493,90.48780822
15171,331,1,1289.5,12-01-2011 15:36,12-01-2011 15:36,290,331,1289.5,1,0.5,2,1,4,Needs_Attention,0.906849315,1169.382192
15172,9,5,1624.05,17-04-2011 11:56,01-12-2011 11:51,1611,237,324.81,0,0,5,4,4,Champions,0.649315068,1054.520137
15173,381,7,1494.6,01-04-2010 12:26,24-11-2010 10:21,840,618,213.5142857,1,0.125,2,4,4,At_Risk,1.693150685,2530.583014
15174,323,2,481.46,25-10-2010 09:40,21-01-2011 09:06,382,411,240.73,0,0,2,2,2,lost,1.126027397,542.1371507
15175,72,1,224.14,29-09-2011 11:31,29-09-2011 11:31,454,72,224.14,0,0,3,1,1,Needs_Attention,0.197260274,44.21391781
15176,668,1,988.04,10-02-2010 10:36,10-02-2010 10:36,448,668,988.04,1,0.5,1,1,3,Needs_Attention,1.830136986,1808.248548
15177,426,1,948.93,10-10-2010 12:48,10-10-2010 12:48,485,426,948.93,0,0,1,1,3,Needs_Attention,1.167123288,1107.518301
15178,260,1,40.5,24-03-2011 15:12,24-03-2011 15:12,30,260,40.5,0,0,2,1,1,lost,0.712328767,28.84931507
15179,18,13,7491.92,03-12-2009 12:27,21-11-2011 12:53,5416,737,576.3015385,4,0.235294118,5,5,5,Champions,2.019178082,15127.52066
15180,367,3,904.43,29-04-2010 15:27,07-12-2010 14:57,690,589,301.4766667,0,0,2,3,3,At_Risk,1.61369863,1459.477452
15181,66,5,1200.2,08-12-2009 19:02,04-10-2011 13:58,688,731,240.04,3,0.375,3,4,3,Loyal_customers,2.002739726,2403.688219
15182,154,11,2998.952,21-02-2010 12:03,08-07-2011 13:37,1186,657,272.632,3,0.214285714,3,5,5,Loyal_customers,1.8,5398.1136
15183,548,3,639.93,04-05-2010 11:31,10-06-2010 10:43,297,585,213.31,1,0.25,1,3,3,At_Risk,1.602739726,1025.641233
15184,29,4,689.95,16-12-2009 12:06,10-11-2011 13:41,486,724,172.4875,0,0,4,3,3,Loyal_customers,1.983561644,1368.558356
15185,70,1,310.62,30-09-2011 14:06,30-09-2011 14:06,666,70,310.62,0,0,3,1,2,Needs_Attention,0.191780822,59.5709589
15186,14,5,1403.2,12-01-2010 10:14,25-11-2011 14:58,716,697,280.64,0,0,5,4,4,Champions,1.909589041,2679.535342
15187,2,16,4777.18,11-05-2011 13:49,08-12-2011 11:56,1887,212,298.57375,2,0.111111111,5,5,5,Champions,0.580821918,2774.690849
15188,725,1,310.43,14-12-2009 13:30,14-12-2009 13:30,233,725,310.43,0,0,1,1,2,lost,1.98630137,616.6075342
15189,1,46,17524.38,18-07-2010 13:37,08-12-2011 13:22,6902,509,380.9647826,12,0.206896552,5,5,5,Champions,1.394520548,24438.108
15190,434,1,834.44,01-10-2010 13:09,01-10-2010 13:09,790,434,834.44,0,0,1,1,3,Needs_Attention,1.189041096,992.1834521
15191,463,3,588.05,20-01-2010 12:35,02-09-2010 15:37,287,689,196.0166667,0,0,1,3,2,At_Risk,1.887671233,1110.045068
15192,120,5,1981.39,29-01-2010 10:13,12-08-2011 11:41,1644,680,396.278,0,0,3,4,4,Loyal_customers,1.863013699,3691.356712
15193,61,1,499.32,10-10-2011 08:23,10-10-2011 08:23,144,61,499.32,0,0,3,1,2,Needs_Attention,0.167123288,83.448
15194,3,28,12427.69,03-12-2009 10:37,06-12-2011 15:10,9169,737,443.8460714,11,0.282051282,5,5,5,Champions,2.019178082,25093.71926
15195,3,1,3861,07-12-2011 12:20,07-12-2011 12:20,1404,3,3861,0,0,5,1,5,New_customers,0.008219178,31.73424658
15196,433,2,316.25,13-12-2009 11:14,03-10-2010 10:50,131,727,158.125,0,0,1,2,2,lost,1.991780822,629.9006849
15197,11,6,1877.51,11-12-2009 12:56,29-11-2011 10:00,1058,728,312.9183333,4,0.4,5,4,4,Champions,1.994520548,3744.732274
15198,92,5,571.35,19-01-2010 10:01,08-09-2011 14:42,327,690,114.27,1,0.166666667,3,4,2,Needs_Attention,1.890410959,1080.086301
15199,59,10,3122.4,13-05-2010 10:14,11-10-2011 15:12,894,576,312.24,0,0,4,5,5,Champions,1.578082192,4927.403836
15200,495,1,549.05,02-08-2010 09:38,02-08-2010 09:38,195,495,549.05,0,0,1,1,2,lost,1.356164384,744.6020548
15201,87,7,1842.95,07-04-2010 14:50,13-09-2011 14:53,1660,611,263.2785714,7,0.5,3,4,4,Loyal_customers,1.673972603,3085.047808
15202,420,3,6001.49,15-10-2010 12:39,15-10-2010 13:05,3,421,2000.496667,5,0.625,1,3,5,At_Risk,1.153424658,6922.266548
15203,26,15,4400.18,08-12-2009 18:06,14-11-2011 08:16,4182,731,293.3453333,0,0,4,5,5,Champions,2.002739726,8812.415288
15204,357,1,316.58,17-12-2010 13:49,17-12-2010 13:49,258,357,316.58,0,0,2,1,2,lost,0.978082192,309.6412603
15205,85,2,653.24,04-08-2011 16:07,15-09-2011 19:36,378,127,326.62,1,0.333333333,3,2,3,Needs_Attention,0.347945205,227.291726
15206,10,4,420.3,09-03-2011 08:59,29-11-2011 13:41,162,276,105.075,0,0,5,3,2,Needs_Attention,0.756164384,317.8158904
15207,416,3,683.92,10-06-2010 17:29,19-10-2010 13:29,428,547,227.9733333,2,0.4,1,3,3,At_Risk,1.498630137,1024.943123
15208,1,6,970.52,12-10-2010 12:17,08-12-2011 17:24,356,424,161.7533333,1,0.142857143,5,4,3,Loyal_customers,1.161643836,1127.398575
15209,730,1,178.98,09-12-2009 17:26,09-12-2009 17:26,94,730,178.98,0,0,1,1,1,lost,2,357.96
15210,225,3,1176.19,13-05-2010 14:42,28-04-2011 16:11,841,575,392.0633333,0,0,2,3,3,At_Risk,1.575342466,1852.902055
15211,60,2,1277.48,09-12-2010 16:08,10-10-2011 13:31,357,365,638.74,0,0,3,2,4,Needs_Attention,1,1277.48
15212,241,2,208.28,28-11-2010 10:45,12-04-2011 13:45,84,377,104.14,1,0.333333333,2,2,1,lost,1.032876712,215.1275616
15213,319,2,328.35,14-01-2011 11:05,25-01-2011 12:21,272,330,164.175,1,0.333333333,2,2,2,lost,0.904109589,296.8643836
15214,2,8,1661.44,11-04-2011 09:46,08-12-2011 12:07,1254,243,207.68,0,0,5,4,4,Champions,0.665753425,1106.10937
15215,47,7,2422.43,06-04-2010 11:21,24-10-2011 11:41,776,613,346.0614286,4,0.363636364,4,4,4,Champions,1.679452055,4068.355041
15216,88,2,486.09,31-03-2010 09:52,13-09-2011 11:41,217,619,243.045,0,0,3,2,2,Needs_Attention,1.695890411,824.3553699
15217,563,1,426.24,25-05-2010 13:51,25-05-2010 13:51,190,563,426.24,0,0,1,1,2,lost,1.542465753,657.4606027
15218,11,22,11516.57,26-01-2010 11:33,29-11-2011 11:48,6553,683,523.4804545,3,0.12,5,5,5,Champions,1.871232877,21550.18441
15219,176,2,685.45,01-03-2010 11:33,16-06-2011 16:57,271,649,342.725,0,0,3,2,3,Needs_Attention,1.778082192,1218.786438
15220,52,6,1778.96,04-03-2011 10:24,19-10-2011 12:39,1393,281,296.4933333,1,0.142857143,4,4,4,Champions,0.769863014,1369.555507
15221,366,4,2465.45,12-03-2010 10:40,08-12-2010 13:08,287,638,616.3625,3,0.428571429,2,3,4,At_Risk,1.747945205,4309.471507
15222,319,11,3550.91,16-12-2009 13:49,25-01-2011 08:03,4458,723,322.81,6,0.352941176,2,5,5,At_Risk,1.980821918,7033.720356
15223,226,5,1417.95,05-12-2009 11:19,28-04-2011 11:31,385,735,283.59,1,0.166666667,2,4,4,At_Risk,2.01369863,2855.323973
15224,358,5,871.36,15-01-2010 16:14,16-12-2010 15:02,443,693,174.272,3,0.375,2,4,3,At_Risk,1.898630137,1654.390356
15225,234,1,409.4,19-04-2011 14:51,19-04-2011 14:51,226,234,409.4,0,0,2,1,2,lost,0.64109589,262.4646575
15226,311,1,154.41,02-02-2011 11:41,02-02-2011 11:41,71,311,154.41,0,0,2,1,1,lost,0.852054795,131.5657808
15227,37,9,2488.49,16-03-2010 08:23,03-11-2011 11:59,1217,634,276.4988889,0,0,4,5,4,Champions,1.736986301,4322.473041
15228,66,6,5580.27,28-07-2010 10:21,04-10-2011 13:56,3375,500,930.045,1,0.142857143,3,4,5,Loyal_customers,1.369863014,7644.205479
15229,586,1,160.5,02-05-2010 13:50,02-05-2010 13:50,114,586,160.5,0,0,1,1,1,lost,1.605479452,257.6794521
15230,239,2,429.6,13-04-2011 11:04,14-04-2011 14:39,351,241,214.8,0,0,2,2,2,lost,0.660273973,283.6536986
15231,621,1,250.26,28-03-2010 15:12,28-03-2010 15:12,190,621,250.26,1,0.5,1,1,1,lost,1.701369863,425.7848219
15232,113,2,612.06,22-07-2011 12:21,18-08-2011 16:27,686,141,306.03,0,0,3,2,2,Needs_Attention,0.38630137,236.4396164
15233,401,1,59.4,03-11-2010 13:36,03-11-2010 13:36,12,401,59.4,0,0,2,1,1,lost,1.098630137,65.25863014
15234,277,1,197,08-03-2011 08:53,08-03-2011 08:53,196,277,197,0,0,2,1,1,lost,0.75890411,149.5041096
15235,218,16,2937.81,16-11-2010 12:48,06-05-2011 09:44,1735,389,183.613125,0,0,2,5,4,At_Risk,1.065753425,3130.981068
15236,299,1,321.05,14-02-2011 10:52,14-02-2011 10:52,269,299,321.05,0,0,2,1,2,lost,0.819178082,262.9971233
15237,2,4,1412.32,26-04-2011 15:04,08-12-2011 09:46,1071,227,353.08,0,0,5,3,4,Loyal_customers,0.621917808,878.3469589
15238,29,3,1071.99,08-06-2011 16:00,10-11-2011 14:28,692,184,357.33,2,0.4,4,3,3,Loyal_customers,0.504109589,540.4004384
15239,10,2,780.59,22-09-2011 09:53,29-11-2011 14:14,594,79,390.295,1,0.333333333,5,2,3,New_customers,0.216438356,168.9496164
15240,45,12,4459.98,05-12-2009 14:57,26-10-2011 09:50,3214,734,371.665,8,0.4,4,5,5,Champions,2.010958904,8968.836493
15241,67,11,3050.16,23-02-2010 13:59,04-10-2011 09:05,3328,654,277.2872727,1,0.083333333,3,5,5,Loyal_customers,1.791780822,5465.218192
15242,422,1,302.04,13-10-2010 15:33,13-10-2010 15:33,196,422,302.04,0,0,1,1,2,lost,1.156164384,349.2078904
15243,74,2,927.28,30-09-2010 17:28,26-09-2011 14:12,543,435,463.64,0,0,3,2,3,Needs_Attention,1.191780822,1105.114521
15244,65,3,912.08,11-02-2010 14:48,05-10-2011 13:19,472,666,304.0266667,1,0.25,3,3,3,Loyal_customers,1.824657534,1664.233644
15245,134,8,4610.84,23-04-2010 14:23,28-07-2011 18:56,3021,595,576.355,0,0,3,4,5,Loyal_customers,1.630136986,7516.300822
15246,238,3,780.4,02-06-2010 11:28,15-04-2011 14:45,359,556,260.1333333,0,0,2,3,3,At_Risk,1.523287671,1188.773699
15247,122,3,976.06,20-06-2010 14:08,09-08-2011 12:52,514,537,325.3533333,1,0.25,3,3,3,Loyal_customers,1.471232877,1436.011562
15248,411,3,1893.93,23-06-2010 14:34,24-10-2010 13:09,1065,534,631.31,1,0.25,1,3,4,At_Risk,1.463013699,2770.845534
15249,32,18,9266,26-03-2010 14:51,08-11-2011 11:45,4980,623,514.7777778,3,0.142857143,4,5,5,Champions,1.706849315,15815.66575
15250,641,1,60,09-03-2010 07:35,09-03-2010 07:35,48,641,60,0,0,1,1,1,lost,1.756164384,105.369863
15251,9,21,20324.54,29-01-2010 12:42,30-11-2011 15:02,12108,680,967.8352381,10,0.322580645,5,5,5,Champions,1.863013699,37864.89644
15252,36,5,2103.41,07-04-2010 10:24,03-11-2011 13:30,1430,612,420.682,2,0.285714286,4,4,4,Champions,1.676712329,3526.813479
15253,16,8,2055.09,02-05-2010 11:17,23-11-2011 16:22,1588,587,256.88625,4,0.333333333,5,4,4,Champions,1.608219178,3305.035151
15254,127,3,1088.35,28-05-2010 10:08,04-08-2011 15:04,711,561,362.7833333,1,0.25,3,3,3,Loyal_customers,1.536986301,1672.779041
15255,67,9,3729.42,03-12-2009 09:10,04-10-2011 12:43,2226,737,414.38,2,0.181818182,3,5,5,Loyal_customers,2.019178082,7530.363123
15256,149,2,170.4,27-05-2010 11:41,14-07-2011 11:47,92,562,85.2,0,0,3,2,1,Needs_Attention,1.539726027,262.3693151
15257,283,2,685.9,21-10-2010 14:03,01-03-2011 12:58,71,414,342.95,1,0.333333333,2,2,3,Needs_Attention,1.134246575,777.979726
15258,169,2,623.16,06-05-2011 14:16,24-06-2011 12:30,142,217,311.58,0,0,3,2,3,Needs_Attention,0.594520548,370.4814247
15259,513,4,1182.38,26-01-2010 09:41,15-07-2010 08:47,631,683,295.595,0,0,1,3,3,At_Risk,1.871232877,2212.508329
15260,100,25,9188.23,06-12-2009 11:45,31-08-2011 13:55,4722,734,367.5292,5,0.166666667,3,5,5,Loyal_customers,2.010958904,18477.15293
15261,135,4,1508,01-10-2010 11:59,27-07-2011 15:20,806,435,377,0,0,3,3,4,Loyal_customers,1.191780822,1797.205479
15262,324,3,418.82,08-08-2010 15:55,20-01-2011 12:16,218,488,139.6066667,0,0,2,3,2,At_Risk,1.336986301,559.9566027
15263,107,1,156.51,25-08-2011 10:26,25-08-2011 10:26,89,107,156.51,0,0,3,1,1,Needs_Attention,0.293150685,45.8810137
15264,64,2,848.4,27-06-2010 13:29,06-10-2011 13:49,443,530,424.2,1,0.333333333,3,2,3,Needs_Attention,1.452054795,1231.923288
15265,151,4,3345.64,01-12-2009 17:08,11-07-2011 14:46,1570,738,836.41,0,0,3,3,5,Loyal_customers,2.021917808,6764.609096
15266,338,5,852.21,07-01-2010 12:19,05-01-2011 13:40,236,702,170.442,1,0.166666667,2,4,3,At_Risk,1.923287671,1639.044986
15267,22,5,1717.36,10-06-2011 10:24,17-11-2011 15:59,944,183,343.472,0,0,4,4,4,Champions,0.501369863,861.0325479
15268,479,3,961.9,13-04-2010 11:27,18-08-2010 10:33,428,606,320.6333333,1,0.25,1,3,3,At_Risk,1.660273973,1597.017534
15269,24,3,1225.36,14-11-2010 12:58,16-11-2011 09:32,372,390,408.4533333,0,0,4,3,3,Loyal_customers,1.068493151,1309.288767
15270,16,21,8524.86,17-12-2009 15:02,24-11-2011 09:24,4010,722,405.9457143,10,0.322580645,5,5,5,Champions,1.978082192,16862.87375
15271,7,24,4709.54,05-08-2010 14:57,02-12-2011 14:11,2524,491,196.2308333,2,0.076923077,5,5,5,Champions,1.345205479,6335.299014
15272,57,6,2085.48,14-02-2010 13:39,13-10-2011 12:59,687,663,347.58,0,0,4,4,4,Champions,1.816438356,3788.145863
15273,600,1,228.96,19-04-2010 11:31,19-04-2010 11:31,216,600,228.96,0,0,1,1,1,lost,1.643835616,376.3726027
15274,4,2,716.57,21-11-2011 14:17,05-12-2011 16:57,619,18,358.285,0,0,5,2,3,New_customers,0.049315068,35.33769863
15275,38,1,615.14,02-11-2011 11:20,02-11-2011 11:20,498,38,615.14,1,0.5,4,1,2,New_customers,0.104109589,64.0419726
15276,66,4,649.53,01-10-2010 12:24,04-10-2011 16:39,331,435,162.3825,1,0.2,3,3,3,Loyal_customers,1.191780822,774.0973973
15277,47,2,476.34,10-10-2010 16:02,24-10-2011 10:08,373,425,238.17,0,0,4,2,2,New_customers,1.164383562,554.6424658
15278,562,4,496.16,12-02-2010 14:53,27-05-2010 10:03,458,665,124.04,0,0,1,3,2,At_Risk,1.821917808,903.9627397
15279,355,5,1580.54,02-02-2010 10:15,20-12-2010 10:48,802,676,316.108,2,0.285714286,2,4,4,At_Risk,1.852054795,2927.246685
15280,172,3,406.22,17-05-2010 14:17,20-06-2011 17:14,513,571,135.4066667,0,0,3,3,2,Needs_Attention,1.564383562,635.4838904
15281,59,16,8543.57,08-10-2010 12:14,12-10-2011 09:10,5233,428,533.973125,6,0.272727273,4,5,5,Champions,1.17260274,10018.21359
15282,570,1,348.59,18-05-2010 16:27,18-05-2010 16:27,395,570,348.59,0,0,1,1,2,lost,1.561643836,544.3734247
15283,390,3,148.33,09-07-2010 15:46,14-11-2010 14:54,27,518,49.44333333,1,0.25,2,3,1,At_Risk,1.419178082,210.5066849
15284,500,1,24.75,27-07-2010 13:25,27-07-2010 13:25,5,500,24.75,0,0,1,1,1,lost,1.369863014,33.90410959
15285,408,1,94.92,28-10-2010 09:46,28-10-2010 09:46,120,408,94.92,0,0,2,1,1,lost,1.117808219,106.1023562
15286,50,1,240.55,21-10-2011 11:08,21-10-2011 11:08,55,50,240.55,0,0,4,1,1,New_customers,0.136986301,32.95205479
15287,22,5,856.03,02-12-2009 12:13,17-11-2011 15:34,1010,738,171.206,1,0.166666667,4,4,3,Loyal_customers,2.021917808,1730.822301
15288,43,10,3883.13,12-02-2010 15:27,27-10-2011 16:58,1404,665,388.313,0,0,4,5,5,Champions,1.821917808,7074.743699
15289,29,5,1593.09,28-03-2010 11:45,10-11-2011 13:49,1627,622,318.618,2,0.285714286,4,4,4,Champions,1.704109589,2714.799945
15290,5,26,10496.28,24-02-2010 10:15,05-12-2011 11:39,6567,654,403.7030769,4,0.133333333,5,5,5,Champions,1.791780822,18807.03321
15291,26,40,13846.56,03-12-2009 11:09,14-11-2011 11:02,5017,737,346.164,13,0.245283019,4,5,5,Champions,2.019178082,27958.67047
15292,201,1,180.94,22-05-2011 15:00,22-05-2011 15:00,56,201,180.94,0,0,2,1,1,lost,0.550684932,99.64093151
15293,666,1,247.5,12-02-2010 11:54,12-02-2010 11:54,178,666,247.5,0,0,1,1,1,lost,1.824657534,451.6027397
15294,411,1,233.35,25-10-2010 11:45,25-10-2010 11:45,97,411,233.35,1,0.5,1,1,1,lost,1.126027397,262.7584932
15295,654,1,217.24,23-02-2010 13:03,23-02-2010 13:03,151,654,217.24,0,0,1,1,1,lost,1.791780822,389.2464658
15296,51,12,10342.83,21-01-2010 13:48,20-10-2011 11:47,5464,687,861.9025,8,0.4,4,5,5,Champions,1.882191781,19467.18962
15297,10,3,641.94,07-10-2011 09:42,29-11-2011 16:32,292,64,213.98,1,0.25,5,3,3,Loyal_customers,0.175342466,112.5593425
15298,2,23,9459.37,08-12-2009 17:04,07-12-2011 17:17,6286,731,411.2769565,6,0.206896552,5,5,5,Champions,2.002739726,18944.65608
15299,67,10,7991.54,12-01-2010 11:34,03-10-2011 14:19,5453,697,799.154,5,0.333333333,3,5,5,Loyal_customers,1.909589041,15260.55721
15300,64,1,496.44,06-10-2011 17:08,06-10-2011 17:08,292,64,496.44,0,0,3,1,2,Needs_Attention,0.175342466,87.0470137
15301,51,17,7603.44,15-09-2010 15:41,20-10-2011 09:57,4290,450,447.2611765,2,0.105263158,4,5,5,Champions,1.232876712,9374.10411
15302,730,1,308,09-12-2009 13:11,09-12-2009 13:11,102,730,308,1,0.5,1,1,2,lost,2,616
15303,290,3,1224.18,25-01-2010 09:42,22-02-2011 13:59,514,684,408.06,1,0.25,2,3,3,At_Risk,1.873972603,2294.079781
15304,61,9,919.55,14-10-2010 10:24,10-10-2011 10:23,133,422,102.1722222,2,0.181818182,3,5,3,Loyal_customers,1.156164384,1063.150959
15305,555,1,93.6,02-06-2010 13:50,02-06-2010 13:50,40,555,93.6,0,0,1,1,1,lost,1.520547945,142.3232877
15306,64,9,3484.73,18-02-2010 17:12,06-10-2011 12:56,3074,659,387.1922222,1,0.1,3,5,5,Loyal_customers,1.805479452,6291.608411
15307,96,1,205.3,05-09-2011 11:38,05-09-2011 11:38,37,96,205.3,0,0,3,1,1,Needs_Attention,0.263013699,53.99671233
15308,274,1,310.47,10-03-2011 13:08,10-03-2011 13:08,175,274,310.47,1,0.5,2,1,2,lost,0.750684932,233.0651507
15309,611,4,797.96,04-12-2009 13:01,08-04-2010 11:11,440,735,199.49,6,0.6,1,3,3,At_Risk,2.01369863,1606.850959
15310,479,1,1634.64,18-08-2010 11:38,18-08-2010 11:38,1476,479,1634.64,0,0,1,1,4,Needs_Attention,1.312328767,2145.185096
15311,1,208,116771.16,01-12-2009 11:21,09-12-2011 12:00,71010,739,561.3998077,62,0.22962963,5,5,5,Champions,2.024657534,236421.6089
15312,75,12,2930.19,16-12-2009 09:23,25-09-2011 13:10,1693,724,244.1825,2,0.142857143,3,5,4,Loyal_customers,1.983561644,5812.212493
15313,110,1,52,21-08-2011 16:02,21-08-2011 16:02,25,110,52,0,0,3,1,1,Needs_Attention,0.301369863,15.67123288
15314,199,3,820.45,07-10-2010 15:41,24-05-2011 14:39,750,428,273.4833333,1,0.25,2,3,3,At_Risk,1.17260274,962.0619178
15315,64,2,570.5,15-08-2011 15:17,06-10-2011 12:51,862,116,285.25,1,0.333333333,3,2,2,Needs_Attention,0.317808219,181.309589
15316,327,1,165,17-01-2011 11:34,17-01-2011 11:34,100,327,165,0,0,2,1,1,lost,0.895890411,147.8219178
15317,677,1,129.75,31-01-2010 15:55,31-01-2010 15:55,45,677,129.75,1,0.5,1,1,1,lost,1.854794521,240.659589
15318,4,1,312.62,06-12-2011 11:30,06-12-2011 11:30,642,4,312.62,0,0,5,1,2,New_customers,0.010958904,3.425972603
15319,284,1,204.5,01-03-2011 12:48,01-03-2011 12:48,175,284,204.5,0,0,2,1,1,lost,0.778082192,159.1178082
15320,44,1,267.13,26-10-2011 13:27,26-10-2011 13:27,326,44,267.13,0,0,4,1,1,New_customers,0.120547945,32.2019726
15321,71,12,6709.73,03-02-2010 09:47,30-09-2011 09:40,3653,675,559.1441667,6,0.333333333,3,5,5,Loyal_customers,1.849315068,12408.40479
15322,86,2,1390.86,20-08-2010 13:10,15-09-2011 09:34,971,476,695.43,1,0.333333333,3,2,4,Needs_Attention,1.304109589,1813.833863
15323,563,3,434.6,16-02-2010 09:21,26-05-2010 10:01,188,662,144.8666667,1,0.25,1,3,2,At_Risk,1.81369863,788.2334247
15324,701,1,140.22,07-01-2010 14:37,07-01-2010 14:37,74,701,140.22,0,0,1,1,1,lost,1.920547945,269.2992329
15325,104,8,1602.01,16-02-2010 13:30,28-08-2011 11:55,1383,661,200.25125,1,0.111111111,3,4,4,Loyal_customers,1.810958904,2901.174274
15326,334,5,1700.52,01-12-2009 13:19,10-01-2011 11:38,1351,738,340.104,5,0.5,2,4,4,At_Risk,2.021917808,3438.311671
15327,53,1,208.75,18-10-2011 11:55,18-10-2011 11:55,116,53,208.75,0,0,4,1,1,New_customers,0.145205479,30.31164384
15328,408,1,107.24,28-10-2010 09:05,28-10-2010 09:05,88,408,107.24,0,0,2,1,1,lost,1.117808219,119.8737534
15329,39,11,2984.33,14-12-2009 12:18,31-10-2011 15:36,1219,726,271.3027273,9,0.45,4,5,5,Champions,1.989041096,5935.955014
15330,32,2,714.96,10-10-2011 12:30,07-11-2011 17:50,1312,61,357.48,0,0,4,2,3,New_customers,0.167123288,119.4864658
15331,500,3,767.91,09-04-2010 14:26,28-07-2010 09:42,701,609,255.97,1,0.25,1,3,3,At_Risk,1.668493151,1281.252575
15332,366,6,6553.74,14-07-2010 13:01,08-12-2010 14:43,2958,513,1092.29,0,0,2,4,5,At_Risk,1.405479452,9211.146904
15333,208,1,1028.56,15-05-2011 13:27,15-05-2011 13:27,344,208,1028.56,0,0,2,1,3,Needs_Attention,0.569863014,586.1383014
15334,157,3,351.67,19-06-2011 13:51,06-07-2011 11:22,274,173,117.2233333,0,0,3,3,2,Needs_Attention,0.473972603,166.6819452
15335,54,1,173.97,17-10-2011 12:50,17-10-2011 12:50,80,54,173.97,0,0,4,1,1,New_customers,0.147945205,25.7380274
15336,402,1,240.5,03-11-2010 12:39,03-11-2010 12:39,84,402,240.5,0,0,2,1,1,lost,1.101369863,264.8794521
15337,411,1,373.02,24-10-2010 15:29,24-10-2010 15:29,200,411,373.02,1,0.5,1,1,2,lost,1.126027397,420.0307397
15338,677,1,283.43,31-01-2010 14:25,31-01-2010 14:25,150,677,283.43,0,0,1,1,1,lost,1.854794521,525.704411
15339,66,7,1827.84,08-02-2010 13:38,04-10-2011 12:51,1143,669,261.12,4,0.363636364,3,4,4,Loyal_customers,1.832876712,3350.20537
15340,562,1,105.5,27-05-2010 10:27,27-05-2010 10:27,76,562,105.5,0,0,1,1,1,lost,1.539726027,162.4410959
15341,81,2,2402.72,16-09-2010 16:41,20-09-2011 09:40,1008,449,1201.36,1,0.333333333,3,2,4,Needs_Attention,1.230136986,2955.67474
15342,130,1,406.09,02-08-2011 10:19,02-08-2011 10:19,283,130,406.09,1,0.5,3,1,2,Needs_Attention,0.356164384,144.6347945
15343,87,1,364.5,13-09-2011 13:55,13-09-2011 13:55,84,87,364.5,0,0,3,1,2,Needs_Attention,0.238356164,86.88082192
15344,1,3,563.94,26-09-2011 14:48,09-12-2011 10:45,116,74,187.98,2,0.4,5,3,2,Needs_Attention,0.202739726,114.3330411
15345,46,1,393.54,25-10-2011 11:28,25-10-2011 11:28,81,46,393.54,1,0.5,4,1,2,New_customers,0.126027397,49.59682192
15346,333,3,596.12,04-10-2010 15:11,11-01-2011 11:18,260,431,198.7066667,1,0.25,2,3,2,At_Risk,1.180821918,703.9115616
15347,366,4,1363.6,28-09-2010 12:50,08-12-2010 15:25,672,438,340.9,2,0.333333333,2,3,4,At_Risk,1.2,1636.32
15348,72,1,158.04,28-09-2011 13:17,28-09-2011 13:17,84,72,158.04,0,0,3,1,1,Needs_Attention,0.197260274,31.1750137
15349,158,2,473.81,05-06-2011 15:46,04-07-2011 16:06,327,187,236.905,0,0,3,2,2,Needs_Attention,0.512328767,242.7464932
15350,373,2,663.25,21-11-2010 15:14,01-12-2010 13:33,323,383,331.625,0,0,2,2,3,Needs_Attention,1.049315068,695.9582192
15351,12,10,3738.29,03-10-2010 12:18,27-11-2011 12:52,1491,433,373.829,5,0.333333333,5,5,5,Champions,1.18630137,4434.738548
15352,549,1,114.95,09-06-2010 11:28,09-06-2010 11:28,43,549,114.95,0,0,1,1,1,lost,1.504109589,172.8973973
15353,255,7,3175.95,02-12-2009 11:33,30-03-2011 12:15,1551,738,453.7071429,1,0.125,2,4,5,At_Risk,2.021917808,6421.509863
15354,603,3,284.4,15-04-2010 16:17,15-04-2010 16:24,3,603,94.8,4,0.571428571,1,3,1,At_Risk,1.652054795,469.8443836
15355,29,2,277.05,17-10-2011 15:22,10-11-2011 13:44,45,53,138.525,0,0,4,2,1,New_customers,0.145205479,40.22917808
15356,31,13,3464.95,13-10-2010 13:12,08-11-2011 13:11,2015,422,266.5346154,0,0,4,5,5,Champions,1.156164384,4006.051781
15358,5,42,17050.41,07-12-2009 12:19,05-12-2011 09:04,15378,733,405.9621429,13,0.236363636,5,5,5,Champions,2.008219178,34240.96036
15359,663,8,181.35,15-01-2010 11:30,15-02-2010 10:47,145,694,22.66875,1,0.111111111,1,4,1,At_Risk,1.901369863,344.8134247
15360,40,1,427.93,31-10-2011 09:35,31-10-2011 09:35,223,40,427.93,0,0,4,1,2,New_customers,0.109589041,46.89643836
15361,362,4,689.07,14-06-2010 13:27,13-12-2010 09:52,373,543,172.2675,0,0,2,3,3,At_Risk,1.487671233,1025.109616
15362,449,2,613.08,01-12-2009 09:08,17-09-2010 10:37,368,739,306.54,0,0,1,2,2,lost,2.024657534,1241.277041
15363,373,2,1004.11,04-08-2010 08:41,02-12-2010 12:28,527,493,502.055,1,0.333333333,2,2,3,Needs_Attention,1.350684932,1356.236247
15364,96,2,913.19,30-03-2011 13:39,05-09-2011 09:46,493,254,456.595,0,0,3,2,3,Needs_Attention,0.695890411,635.4801644
15365,26,13,4557.13,04-02-2010 16:43,14-11-2011 08:29,2131,673,350.5484615,2,0.133333333,4,5,5,Champions,1.843835616,8402.598603
15366,75,7,2389.08,26-02-2010 10:10,25-09-2011 15:01,2447,652,341.2971429,0,0,3,4,4,Loyal_customers,1.78630137,4267.616877
15367,57,11,5081.33,10-12-2009 14:20,13-10-2011 14:13,2944,729,461.9390909,2,0.153846154,4,5,5,Champions,1.997260274,10148.73855
15368,21,2,722.74,10-11-2010 15:52,18-11-2011 14:42,406,394,361.37,0,0,4,2,3,New_customers,1.079452055,780.1631781
15369,492,11,6251.26,08-12-2009 07:43,04-08-2010 13:54,3288,732,568.2963636,2,0.153846154,1,5,5,At_Risk,2.005479452,12536.77348
15370,41,8,3739.01,25-10-2010 12:08,30-10-2011 10:58,1397,411,467.37625,1,0.111111111,4,4,5,Champions,1.126027397,4210.227699
15371,662,1,59.4,15-02-2010 13:14,15-02-2010 13:14,12,662,59.4,0,0,1,1,1,lost,1.81369863,107.7336986
15372,137,8,6017.06,14-02-2010 11:24,25-07-2011 16:39,6410,664,752.1325,2,0.2,3,4,5,Loyal_customers,1.819178082,10946.10367
15373,8,17,3421.39,02-05-2010 11:57,01-12-2011 15:05,769,587,201.2582353,1,0.055555556,5,5,5,Champions,1.608219178,5502.345014
15374,129,2,307.32,25-03-2010 12:03,03-08-2011 09:59,290,625,153.66,0,0,3,2,2,Needs_Attention,1.712328767,526.2328767
15375,690,1,60.96,18-01-2010 15:38,18-01-2010 15:38,84,690,60.96,0,0,1,1,1,lost,1.890410959,115.2394521
15376,40,3,1233.36,01-05-2011 13:45,30-10-2011 15:04,619,222,411.12,0,0,4,3,3,Loyal_customers,0.608219178,750.1532055
15377,383,4,1211.75,20-10-2010 11:42,22-11-2010 08:55,253,416,302.9375,1,0.2,2,3,3,At_Risk,1.139726027,1381.063014
15378,463,2,246.5,26-07-2010 08:47,03-09-2010 11:30,130,502,123.25,0,0,1,2,1,lost,1.375342466,339.0219178
15379,169,8,4877.84,04-11-2010 11:59,23-06-2011 13:13,3000,401,609.73,1,0.111111111,3,4,5,Loyal_customers,1.098630137,5358.942027
15380,9,11,3479.06,01-12-2009 13:50,01-12-2011 12:13,1032,738,316.2781818,2,0.153846154,5,5,5,Champions,2.021917808,7034.37337
15381,214,5,1890.57,05-05-2010 14:35,10-05-2011 11:55,802,583,378.114,1,0.166666667,2,4,4,At_Risk,1.597260274,3019.732356
15382,15,12,13733.55,04-12-2009 14:13,25-11-2011 10:58,9178,735,1144.4625,8,0.4,5,5,5,Champions,2.01369863,27655.23082
15384,170,4,2027.79,26-04-2010 12:38,23-06-2011 10:57,1767,593,506.9475,1,0.2,3,3,4,Loyal_customers,1.624657534,3294.464301
15385,40,3,942.08,31-01-2010 13:02,30-10-2011 15:11,428,677,314.0266667,0,0,4,3,3,Loyal_customers,1.854794521,1747.364822
15386,186,1,394.14,06-06-2011 13:47,06-06-2011 13:47,446,186,394.14,0,0,3,1,2,Needs_Attention,0.509589041,200.8494247
15387,492,1,468.65,04-08-2010 16:05,04-08-2010 16:05,335,492,468.65,0,0,1,1,2,lost,1.347945205,631.7145205
15388,270,1,140.54,14-03-2011 13:53,14-03-2011 13:53,88,270,140.54,0,0,2,1,1,lost,0.739726027,103.9610959
15389,172,5,2733.8,27-01-2010 12:44,20-06-2011 16:18,3940,682,546.76,0,0,3,4,4,Loyal_customers,1.868493151,5108.086575
15390,396,2,1216.66,26-10-2010 17:23,08-11-2010 15:19,894,409,608.33,0,0,2,2,3,Needs_Attention,1.120547945,1363.325863
15391,584,1,289.87,04-05-2010 15:04,04-05-2010 15:04,109,584,289.87,1,0.5,1,1,1,lost,1.6,463.792
15392,5,7,2911.62,04-10-2010 12:50,05-12-2011 11:01,2144,432,415.9457143,1,0.125,5,4,4,Champions,1.183561644,3446.081753
15393,16,5,891.34,15-12-2009 17:56,23-11-2011 16:48,378,724,178.268,0,0,5,4,3,Loyal_customers,1.983561644,1768.027836
15394,10,11,5286.8,15-12-2009 19:05,30-11-2011 11:49,2372,724,480.6181818,2,0.153846154,5,5,5,Champions,1.983561644,10486.6937
15395,326,1,107.45,18-01-2011 12:40,18-01-2011 12:40,17,326,107.45,0,0,2,1,1,lost,0.893150685,95.9690411
15396,113,2,796.38,05-05-2010 09:04,19-08-2011 10:56,278,584,398.19,0,0,3,2,3,Needs_Attention,1.6,1274.208
15397,290,1,94,23-02-2011 09:25,23-02-2011 09:25,20,290,94,0,0,2,1,1,lost,0.794520548,74.68493151
15398,16,2,1345.53,22-09-2011 14:56,23-11-2011 16:47,769,78,672.765,1,0.333333333,5,2,4,New_customers,0.21369863,287.5379178
15399,1,3,815.77,21-09-2011 15:57,08-12-2011 13:04,611,79,271.9233333,0,0,5,3,3,Loyal_customers,0.216438356,176.5639178
15400,92,8,1302.3,28-05-2010 08:33,08-09-2011 13:57,662,561,162.7875,1,0.111111111,3,4,4,Loyal_customers,1.536986301,2001.61726
15401,452,2,216.95,20-05-2010 10:56,13-09-2010 13:42,93,569,108.475,0,0,1,2,1,lost,1.55890411,338.2042466
15402,149,6,1830.54,27-04-2010 12:12,14-07-2011 12:17,2034,592,305.09,1,0.142857143,3,4,4,Loyal_customers,1.621917808,2968.985425
15403,492,2,170.88,09-12-2009 12:45,05-08-2010 12:21,492,731,85.44,0,0,1,2,1,lost,2.002739726,342.2281644
15404,376,1,257.06,29-11-2010 11:03,29-11-2010 11:03,334,376,257.06,0,0,2,1,1,lost,1.030136986,264.8070137
15405,189,2,659.84,12-05-2010 15:56,03-06-2011 14:44,348,576,329.92,0,0,3,2,3,Needs_Attention,1.578082192,1041.281753
15406,31,4,975.87,12-09-2010 13:06,08-11-2011 13:22,547,453,243.9675,2,0.333333333,4,3,3,Loyal_customers,1.24109589,1211.148247
15407,34,4,1056.44,07-02-2011 13:18,06-11-2011 11:55,558,305,264.11,0,0,4,3,3,Loyal_customers,0.835616438,882.7786301
15408,264,1,267.18,20-03-2011 15:02,20-03-2011 15:02,106,264,267.18,0,0,2,1,1,lost,0.723287671,193.248
15409,721,1,131.25,18-12-2009 15:35,18-12-2009 15:35,59,721,131.25,1,0.5,1,1,1,lost,1.975342466,259.2636986
15410,84,10,4685.72,19-04-2010 08:57,16-09-2011 14:47,1902,600,468.572,0,0,3,5,5,Loyal_customers,1.643835616,7702.553425
15411,26,4,1358.88,10-06-2011 12:30,13-11-2011 15:19,530,183,339.72,1,0.2,4,3,4,Loyal_customers,0.501369863,681.3014795
15412,171,1,190.53,21-06-2011 15:24,21-06-2011 15:24,108,171,190.53,0,0,3,1,1,Needs_Attention,0.468493151,89.262
15413,692,5,6798.72,01-12-2009 10:18,17-01-2010 11:33,2694,739,1359.744,2,0.285714286,1,4,5,At_Risk,2.024657534,13765.07967
15414,10,3,774.9,11-04-2011 13:45,30-11-2011 09:50,443,242,258.3,0,0,5,3,3,Loyal_customers,0.663013699,513.7693151
15415,313,1,572.81,30-01-2011 14:13,30-01-2011 14:13,575,313,572.81,0,0,2,1,2,lost,0.857534247,491.2041918
15416,65,7,4572.82,01-02-2010 11:55,06-10-2011 09:38,2420,677,653.26,2,0.222222222,3,4,5,Loyal_customers,1.854794521,8481.641479
15417,85,1,508.8,15-09-2011 15:26,15-09-2011 15:26,284,85,508.8,0,0,3,1,2,Needs_Attention,0.232876712,118.4876712
15418,425,2,452.32,02-05-2010 11:31,10-10-2010 13:38,266,587,226.16,0,0,1,2,2,lost,1.608219178,727.4296986
15419,25,1,135.86,15-11-2011 09:23,15-11-2011 09:23,230,25,135.86,0,0,4,1,1,New_customers,0.068493151,9.305479452
15420,434,6,743,05-12-2009 13:29,01-10-2010 15:46,844,734,123.8333333,0,0,1,4,3,At_Risk,2.010958904,1494.142466
15421,59,10,3805.34,07-12-2009 15:10,12-10-2011 09:20,1927,732,380.534,0,0,4,5,5,Champions,2.005479452,7631.531178
15422,323,7,1619.97,07-02-2010 11:52,20-01-2011 16:17,710,671,231.4242857,1,0.125,2,4,4,At_Risk,1.838356164,2978.081836
15423,38,3,266.89,28-03-2010 13:42,01-11-2011 14:01,198,621,88.96333333,1,0.25,4,3,1,Needs_Attention,1.701369863,454.0786027
15424,254,3,597.78,02-09-2010 17:17,30-03-2011 13:02,873,463,199.26,0,0,2,3,2,At_Risk,1.268493151,758.2798356
15425,400,4,1944.57,14-02-2010 12:36,04-11-2010 18:13,1042,664,486.1425,0,0,2,3,4,At_Risk,1.819178082,3537.519123
15426,19,9,2615.39,02-05-2010 15:10,20-11-2011 15:36,1220,586,290.5988889,2,0.181818182,5,5,4,Champions,1.605479452,4198.954904
15427,33,3,1483.14,23-10-2011 14:47,06-11-2011 14:29,1013,47,494.38,0,0,4,3,4,Loyal_customers,0.128767123,190.9796712
15428,15,4,762.75,17-12-2009 17:46,24-11-2011 16:54,347,722,190.6875,0,0,5,3,3,Loyal_customers,1.978082192,1508.782192
15429,27,2,397.35,25-09-2011 13:42,13-11-2011 12:28,380,75,198.675,1,0.333333333,4,2,2,New_customers,0.205479452,81.64726027
15430,468,2,954.75,29-06-2010 15:04,29-08-2010 10:42,309,528,477.375,1,0.333333333,1,2,3,Needs_Attention,1.446575342,1381.117808
15431,503,1,153.24,25-07-2010 12:44,25-07-2010 12:44,84,503,153.24,0,0,1,1,1,lost,1.378082192,211.1773151
15432,23,2,320.76,16-06-2010 14:34,16-11-2011 16:30,92,541,160.38,2,0.5,4,2,2,New_customers,1.482191781,475.4278356
15433,214,2,533.3,17-03-2011 14:12,10-05-2011 10:45,534,267,266.65,1,0.333333333,2,2,2,lost,0.731506849,390.1126027
15434,8,11,2567.06,24-01-2010 15:35,01-12-2011 13:33,1423,684,233.3690909,2,0.153846154,5,5,4,Champions,1.873972603,4810.60011
15435,22,1,149.29,17-11-2011 16:39,17-11-2011 16:39,54,22,149.29,0,0,4,1,1,New_customers,0.060273973,8.99830137
15436,12,3,1122.53,19-04-2011 16:52,27-11-2011 16:05,613,234,374.1766667,0,0,5,3,3,Loyal_customers,0.64109589,719.6493699
15437,262,2,393.45,09-03-2010 10:45,22-03-2011 13:11,177,641,196.725,0,0,2,2,2,lost,1.756164384,690.9628767
15438,131,1,156.58,31-07-2011 14:19,31-07-2011 14:19,59,131,156.58,0,0,3,1,1,Needs_Attention,0.35890411,56.19720548
15439,405,4,1269.05,24-02-2010 12:05,31-10-2010 10:38,572,654,317.2625,0,0,2,3,4,At_Risk,1.791780822,2273.859452
15440,55,3,383.68,15-05-2011 11:30,16-10-2011 12:16,197,209,127.8933333,0,0,4,3,2,Needs_Attention,0.57260274,219.6962192
15441,396,3,1254.21,09-12-2009 14:55,08-11-2010 15:50,587,730,418.07,0,0,2,3,4,At_Risk,2,2508.42
15442,249,1,594,05-04-2011 12:24,05-04-2011 12:24,120,249,594,0,0,2,1,2,lost,0.682191781,405.2219178
15443,2,14,5175.93,07-03-2010 12:10,08-12-2011 10:40,2735,643,369.7092857,2,0.125,5,5,5,Champions,1.761643836,9118.145178
15444,9,2,1418.26,30-10-2011 16:12,30-11-2011 17:37,764,40,709.13,0,0,5,2,4,New_customers,0.109589041,155.4257534
15445,264,2,284.5,28-04-2010 15:00,20-03-2011 15:06,118,590,142.25,0,0,2,2,1,lost,1.616438356,459.8767123
15446,377,3,406.95,13-12-2009 13:53,28-11-2010 11:59,267,726,135.65,2,0.4,2,3,2,At_Risk,1.989041096,809.440274
15447,331,5,492.88,24-03-2010 14:40,13-01-2011 11:26,228,625,98.576,1,0.166666667,2,4,2,At_Risk,1.712328767,843.9726027
15448,313,2,788.81,03-02-2010 13:29,31-01-2011 10:42,487,674,394.405,0,0,2,2,3,Needs_Attention,1.846575342,1456.597096
15449,26,3,974.52,23-03-2011 10:43,13-11-2011 15:02,812,262,324.84,2,0.4,4,3,3,Loyal_customers,0.717808219,699.5184658
15450,30,1,429.84,09-11-2011 17:11,09-11-2011 17:11,376,30,429.84,0,0,4,1,2,New_customers,0.082191781,35.32931507
15451,434,2,233.21,19-04-2010 14:08,01-10-2010 13:40,79,599,116.605,0,0,1,2,1,lost,1.64109589,382.7199726
15452,30,6,1799.11,16-07-2010 14:23,10-11-2011 12:13,1091,511,299.8516667,0,0,4,4,4,Champions,1.4,2518.754
15453,2,7,1388.37,05-06-2011 12:37,08-12-2011 10:59,845,188,198.3385714,0,0,5,4,4,Champions,0.515068493,715.1056438
15454,362,2,307.69,31-03-2010 13:15,12-12-2010 14:21,148,618,153.845,0,0,2,2,2,lost,1.693150685,520.9655342
15455,598,1,38.25,21-04-2010 12:43,21-04-2010 12:43,3,598,38.25,0,0,1,1,1,lost,1.638356164,62.66712329
15456,283,10,2119.27,08-12-2009 12:54,01-03-2011 13:51,2826,731,211.927,0,0,2,5,4,At_Risk,2.002739726,4244.346219
15457,262,1,237.07,22-03-2011 15:31,22-03-2011 15:31,132,262,237.07,0,0,2,1,1,lost,0.717808219,170.1707945
15458,25,2,370.44,02-11-2010 19:50,14-11-2011 13:08,300,402,185.22,0,0,4,2,2,New_customers,1.101369863,407.9914521
15459,417,2,202.83,30-07-2010 14:31,18-10-2010 15:25,121,497,101.415,0,0,1,2,1,lost,1.361643836,276.1822192
15460,354,1,216.76,20-12-2010 16:08,20-12-2010 16:08,109,354,216.76,0,0,2,1,1,lost,0.969863014,210.2275068
15461,461,2,429.7,18-03-2010 12:40,05-09-2010 12:31,230,632,214.85,1,0.333333333,1,2,2,lost,1.731506849,744.0284932
15462,94,4,737.05,20-09-2010 10:23,06-09-2011 13:11,495,446,184.2625,0,0,3,3,3,Loyal_customers,1.221917808,900.6145205
15463,29,1,126.14,10-11-2011 12:57,10-11-2011 12:57,106,29,126.14,0,0,4,1,1,New_customers,0.079452055,10.02208219
15464,338,1,1048.85,05-01-2011 15:56,05-01-2011 15:56,350,338,1048.85,0,0,2,1,3,Needs_Attention,0.926027397,971.2638356
15465,20,32,12655.65,10-12-2009 09:42,20-11-2011 10:11,2769,730,395.4890625,7,0.179487179,4,5,5,Champions,2,25311.3
15466,85,4,1571.01,03-12-2009 12:28,15-09-2011 14:08,944,737,392.7525,0,0,3,3,4,Loyal_customers,2.019178082,3172.148959
15467,9,3,524.88,10-07-2011 14:42,30-11-2011 14:17,310,152,174.96,1,0.25,5,3,2,Needs_Attention,0.416438356,218.5801644
15468,51,3,1430.48,12-11-2010 09:39,19-10-2011 13:49,1400,393,476.8266667,4,0.571428571,4,3,4,Loyal_customers,1.076712329,1540.215452
15469,50,3,874.25,27-09-2010 10:09,20-10-2011 16:21,287,439,291.4166667,3,0.5,4,3,3,Loyal_customers,1.202739726,1051.495205
15470,576,1,63.42,13-05-2010 09:35,13-05-2010 09:35,232,576,63.42,0,0,1,1,1,lost,1.578082192,100.0819726
15471,2,3,1316.56,07-06-2010 12:17,07-12-2011 14:12,683,551,438.8533333,0,0,5,3,4,Loyal_customers,1.509589041,1987.464548
15472,113,1,371.56,18-08-2011 15:17,18-08-2011 15:17,251,113,371.56,0,0,3,1,2,Needs_Attention,0.309589041,115.0309041
15473,14,8,2046,21-09-2010 09:14,25-11-2011 15:15,776,445,255.75,3,0.272727273,5,4,4,Champions,1.219178082,2494.438356
15474,596,1,163.1,23-04-2010 11:14,23-04-2010 11:14,56,596,163.1,0,0,1,1,1,lost,1.632876712,266.3221918
15475,77,1,454.11,23-09-2011 15:20,23-09-2011 15:20,319,77,454.11,0,0,3,1,2,Needs_Attention,0.210958904,95.79854795
15476,380,4,2209.98,23-09-2010 14:00,24-11-2010 15:17,1174,442,552.495,1,0.2,2,3,4,At_Risk,1.210958904,2676.194959
15477,650,1,368.4,28-02-2010 10:37,28-02-2010 10:37,216,650,368.4,0,0,1,1,2,lost,1.780821918,656.0547945
15478,40,3,2024.98,13-05-2010 18:49,30-10-2011 14:19,904,575,674.9933333,0,0,4,3,4,Loyal_customers,1.575342466,3190.036986
15479,733,1,147.4,06-12-2009 15:08,06-12-2009 15:08,38,733,147.4,0,0,1,1,1,lost,2.008219178,296.0115068
15480,116,5,6279,01-02-2010 14:52,15-08-2011 14:32,1852,676,1255.8,2,0.285714286,3,4,5,Loyal_customers,1.852054795,11629.05205
15481,401,1,1993.34,03-11-2010 14:52,03-11-2010 14:52,1450,401,1993.34,0,0,2,1,4,Needs_Attention,1.098630137,2189.943397
15482,16,19,14592.56,02-12-2009 16:59,24-11-2011 10:46,6532,737,768.0294737,5,0.208333333,5,5,5,Champions,2.019178082,29464.97732
15483,161,10,862.2,24-01-2010 15:42,01-07-2011 13:07,944,684,86.22,0,0,3,5,3,Loyal_customers,1.873972603,1615.739178
15484,1,6,4656,05-12-2009 15:18,08-12-2011 15:03,4076,734,776,1,0.142857143,5,4,5,Champions,2.010958904,9363.024658
15485,30,7,5771.51,01-12-2009 17:31,09-11-2011 14:31,2594,738,824.5014286,1,0.125,4,4,5,Champions,2.021917808,11669.51885
15486,527,1,102,30-06-2010 13:15,30-06-2010 13:15,40,527,102,0,0,1,1,1,lost,1.443835616,147.2712329
15487,680,1,231.32,29-01-2010 12:07,29-01-2010 12:07,144,680,231.32,0,0,1,1,1,lost,1.863013699,430.9523288
15488,93,5,431.92,05-05-2010 13:03,08-09-2011 10:11,251,583,86.384,0,0,3,4,2,Needs_Attention,1.597260274,689.8886575
15489,23,8,2419.61,15-01-2010 16:58,17-11-2011 08:53,1264,693,302.45125,4,0.333333333,4,4,4,Champions,1.898630137,4593.944466
15490,430,1,217.6,05-10-2010 13:11,05-10-2010 13:11,85,430,217.6,1,0.5,1,1,1,lost,1.178082192,256.3506849
15491,95,6,3100.09,18-04-2011 10:04,05-09-2011 15:56,1646,236,516.6816667,1,0.142857143,3,4,5,Loyal_customers,0.646575342,2004.441753
15492,28,2,659.46,26-09-2011 14:02,11-11-2011 14:53,483,74,329.73,0,0,4,2,3,New_customers,0.202739726,133.6987397
15493,33,9,4314.98,23-02-2010 11:14,07-11-2011 12:04,1260,655,479.4422222,2,0.181818182,4,5,5,Champions,1.794520548,7743.320274
15494,21,5,3780.05,10-12-2009 20:16,18-11-2011 14:51,3097,729,756.01,1,0.166666667,4,4,5,Champions,1.997260274,7549.743699
15495,379,1,246.5,25-11-2010 13:46,25-11-2010 13:46,194,379,246.5,0,0,2,1,1,lost,1.038356164,255.9547945
15496,631,1,146.14,18-03-2010 13:16,18-03-2010 13:16,98,631,146.14,0,0,1,1,1,lost,1.728767123,252.6420274
15497,18,9,8657.39,18-12-2009 15:08,22-11-2011 11:51,2937,721,961.9322222,2,0.181818182,5,5,5,Champions,1.975342466,17101.31011
15498,3,44,26039.58,16-12-2009 17:27,07-12-2011 12:48,12622,723,591.8086364,11,0.2,5,5,5,Champions,1.980821918,51579.77079
15499,724,1,161.6,16-12-2009 12:17,16-12-2009 12:17,60,724,161.6,0,0,1,1,1,lost,1.983561644,320.5435616
15500,8,4,1131.56,19-09-2011 13:47,01-12-2011 13:47,572,81,282.89,0,0,5,3,3,Loyal_customers,0.221917808,251.1133151
15501,405,2,402.5,20-10-2010 12:47,31-10-2010 11:15,206,416,201.25,0,0,2,2,2,lost,1.139726027,458.739726
15502,16,14,13993.47,03-06-2010 11:12,24-11-2011 12:48,5861,555,999.5335714,13,0.481481481,5,5,5,Champions,1.520547945,21277.74205
15503,363,2,267.15,13-12-2009 11:34,12-12-2010 10:57,136,727,133.575,0,0,2,2,1,lost,1.991780822,532.1042466
15504,81,4,423.85,12-02-2010 12:34,19-09-2011 13:45,148,666,105.9625,1,0.2,3,3,2,Needs_Attention,1.824657534,773.3810959
15505,53,5,3610.96,07-07-2011 13:33,18-10-2011 07:56,2390,155,722.192,2,0.285714286,4,4,5,Champions,0.424657534,1533.42137
15506,23,6,2040.03,19-08-2010 12:38,17-11-2011 12:11,1647,478,340.005,0,0,4,4,4,Champions,1.309589041,2671.600932
15507,172,1,492.36,21-06-2011 11:19,21-06-2011 11:19,162,172,492.36,0,0,3,1,2,Needs_Attention,0.471232877,232.0162192
15508,189,6,1000.27,18-04-2011 15:31,03-06-2011 15:43,440,235,166.7116667,0,0,3,4,3,Loyal_customers,0.643835616,644.0094521
15509,380,1,166.51,24-11-2010 14:48,24-11-2010 14:48,72,380,166.51,0,0,2,1,1,lost,1.04109589,173.3528767
15510,331,1,250,13-01-2011 12:10,13-01-2011 12:10,2,331,250,0,0,2,1,1,lost,0.906849315,226.7123288
15511,12,5,909.23,15-09-2011 15:05,28-11-2011 09:43,271,85,181.846,0,0,5,4,3,Loyal_customers,0.232876712,211.7384932
15512,156,4,331.58,01-02-2010 13:23,07-07-2011 10:20,235,676,82.895,0,0,3,3,2,Needs_Attention,1.852054795,614.1043288
15513,33,35,27750.55,13-01-2010 14:59,06-11-2011 14:36,10831,695,792.8728571,6,0.146341463,4,5,5,Champions,1.904109589,52840.08836
15514,12,18,6598.55,04-12-2009 16:37,27-11-2011 14:40,4246,735,366.5861111,2,0.1,5,5,5,Champions,2.01369863,13287.4911
15515,387,1,171.81,17-11-2010 13:39,17-11-2010 13:39,131,387,171.81,0,0,2,1,1,lost,1.060273973,182.1656712
15516,45,3,62.43,24-10-2011 11:33,26-10-2011 10:51,27,47,20.81,0,0,4,3,1,Needs_Attention,0.128767123,8.038931507
15517,233,1,267.03,20-04-2011 14:02,20-04-2011 14:02,293,233,267.03,0,0,2,1,1,lost,0.638356164,170.4602466
15518,64,15,4218.94,20-12-2009 12:21,06-10-2011 13:05,2823,720,281.2626667,8,0.347826087,3,5,5,Loyal_customers,1.97260274,8322.292603
15519,383,2,344.61,19-09-2010 13:57,21-11-2010 14:35,116,446,172.305,0,0,2,2,2,lost,1.221917808,421.0850959
15520,2,1,343.5,08-12-2011 10:58,08-12-2011 10:58,314,2,343.5,0,0,5,1,2,New_customers,0.005479452,1.882191781
15521,40,16,7106.69,05-01-2010 10:19,30-10-2011 13:42,4516,704,444.168125,8,0.333333333,4,5,5,Champions,1.928767123,13707.15003
15522,33,2,398.84,13-09-2011 12:26,07-11-2011 11:26,573,88,199.42,0,0,4,2,2,New_customers,0.24109589,96.15868493
15523,84,16,17359.99,02-12-2009 15:16,16-09-2011 16:29,15873,737,1084.999375,2,0.111111111,3,5,5,Loyal_customers,2.019178082,35052.91132
15524,25,2,591.4,12-04-2010 09:19,15-11-2011 12:09,28,607,295.7,0,0,4,2,2,New_customers,1.663013699,983.5063014
15525,2,4,1295.7,22-11-2010 12:10,07-12-2011 14:43,680,383,323.925,1,0.2,5,3,4,Loyal_customers,1.049315068,1359.597534
15526,33,2,148.44,06-11-2011 15:01,06-11-2011 15:04,24,33,74.22,0,0,4,2,1,New_customers,0.090410959,13.42060274
15527,19,23,5575.64,15-12-2009 17:31,21-11-2011 12:17,2222,724,242.4191304,8,0.258064516,5,5,5,Champions,1.983561644,11059.62564
15528,254,1,229.33,30-03-2011 16:14,30-03-2011 16:14,123,254,229.33,0,0,2,1,1,lost,0.695890411,159.5885479
15529,23,12,5111.95,10-11-2010 14:26,17-11-2011 11:29,4488,394,425.9958333,1,0.076923077,4,5,5,Champions,1.079452055,5518.104932
15530,22,5,1813.72,15-07-2010 11:10,18-11-2011 12:25,1340,513,362.744,0,0,4,4,4,Champions,1.405479452,2549.146192
15531,8,2,2007.44,09-11-2011 17:47,01-12-2011 18:43,1105,30,1003.72,0,0,5,2,4,New_customers,0.082191781,164.9950685
15532,25,10,3771.9,08-06-2010 14:52,14-11-2011 14:51,1349,549,377.19,2,0.166666667,4,5,5,Champions,1.504109589,5673.350959
15533,19,3,807.57,11-09-2011 15:41,20-11-2011 15:35,289,89,269.19,2,0.4,5,3,3,Loyal_customers,0.243835616,196.9143288
15534,726,1,162.25,14-12-2009 12:48,14-12-2009 12:48,63,726,162.25,0,0,1,1,1,lost,1.989041096,322.7219178
15535,173,6,1087.82,16-09-2010 20:04,19-06-2011 16:02,323,449,181.3033333,4,0.4,3,4,3,Loyal_customers,1.230136986,1338.167616
15536,409,1,259.09,26-10-2010 16:31,26-10-2010 16:31,242,409,259.09,0,0,2,1,1,lost,1.120547945,290.3227671
15537,163,1,110.92,29-06-2011 13:10,29-06-2011 13:10,29,163,110.92,0,0,3,1,1,Needs_Attention,0.446575342,49.53413699
15538,538,6,3358.4,14-02-2010 12:38,20-06-2010 10:49,1016,664,559.7333333,5,0.454545455,1,4,5,At_Risk,1.819178082,6109.527671
15539,7,1,538.46,02-12-2011 13:36,02-12-2011 13:36,410,7,538.46,0,0,5,1,2,New_customers,0.019178082,10.32663014
15540,11,2,460.68,29-11-2010 11:10,28-11-2011 13:51,444,376,230.34,0,0,5,2,2,New_customers,1.030136986,474.5635068
15541,114,1,85.13,17-08-2011 14:58,17-08-2011 14:58,49,114,85.13,0,0,3,1,1,Needs_Attention,0.312328767,26.58854795
15542,512,3,918.45,02-12-2009 11:53,15-07-2010 13:32,469,738,306.15,1,0.25,1,3,3,At_Risk,2.021917808,1857.030411
15543,288,2,242.84,06-09-2010 11:28,24-02-2011 15:26,169,460,121.42,0,0,2,2,1,lost,1.260273973,306.0449315
15544,9,20,8162.43,28-01-2010 14:39,30-11-2011 16:43,7019,680,408.1215,6,0.230769231,5,5,5,Champions,1.863013699,15206.7189
15545,54,2,428.05,03-12-2010 17:28,16-10-2011 13:24,238,371,214.025,0,0,4,2,2,New_customers,1.016438356,435.0864384
15546,607,2,1079.1,12-04-2010 11:45,12-04-2010 11:51,198,607,539.55,1,0.333333333,1,2,3,Needs_Attention,1.663013699,1794.558082
15547,7,26,10154.39,06-12-2009 13:40,02-12-2011 12:52,7362,733,390.5534615,2,0.071428571,5,5,5,Champions,2.008219178,20392.24074
15548,596,1,158.09,23-04-2010 12:20,23-04-2010 12:20,64,596,158.09,0,0,1,1,1,lost,1.632876712,258.1414795
15549,77,8,2345.96,11-01-2010 13:16,23-09-2011 16:22,940,697,293.245,1,0.111111111,3,4,4,Loyal_customers,1.909589041,4479.819507
15550,4,12,2218.8,03-12-2009 15:15,05-12-2011 15:38,1144,736,184.9,2,0.142857143,5,5,4,Champions,2.016438356,4474.073425
15551,37,7,1710.08,07-06-2010 15:05,03-11-2011 12:37,814,550,244.2971429,2,0.222222222,4,4,4,Champions,1.506849315,2576.832877
15552,217,2,252.52,26-03-2010 16:17,06-05-2011 14:47,166,623,126.26,0,0,2,2,1,lost,1.706849315,431.013589
15553,60,1,437.23,10-10-2011 14:02,10-10-2011 14:02,451,60,437.23,0,0,3,1,2,Needs_Attention,0.164383562,71.87342466
15554,278,1,217.2,07-03-2011 09:00,07-03-2011 09:00,74,278,217.2,0,0,2,1,1,lost,0.761643836,165.4290411
15555,12,36,12112.35,06-12-2009 11:58,27-11-2011 16:19,9037,734,336.4541667,10,0.217391304,5,5,5,Champions,2.010958904,24357.43808
15556,24,1,279.77,15-11-2011 16:08,15-11-2011 16:08,236,24,279.77,0,0,4,1,1,New_customers,0.065753425,18.39583562
15557,29,1,473.65,11-11-2011 12:46,11-11-2011 12:46,219,29,473.65,0,0,4,1,2,New_customers,0.079452055,37.63246575
15558,639,1,214.13,10-03-2010 15:25,10-03-2010 15:25,86,639,214.13,1,0.5,1,1,1,lost,1.750684932,374.8741644
15559,568,1,1109.4,20-05-2010 14:06,20-05-2010 14:06,526,568,1109.4,0,0,1,1,3,Needs_Attention,1.556164384,1726.408767
15560,398,2,153.52,07-11-2010 10:14,07-11-2010 10:15,72,398,76.76,0,0,2,2,1,lost,1.090410959,167.3998904
15561,12,8,1934.39,14-02-2010 12:22,28-11-2011 11:07,1334,664,241.79875,1,0.111111111,5,4,4,Champions,1.819178082,3518.99989
15562,352,3,673.38,13-12-2009 15:17,23-12-2010 09:55,561,726,224.46,0,0,2,3,3,At_Risk,1.989041096,1339.380493
15563,22,7,2867,28-01-2010 11:36,17-11-2011 14:50,3019,681,409.5714286,4,0.363636364,4,4,4,Champions,1.865753425,5349.115068
15564,463,2,70.74,01-02-2010 15:58,02-09-2010 15:52,42,676,35.37,0,0,1,2,1,lost,1.852054795,131.0143562
15565,50,2,173.16,30-09-2011 10:44,20-10-2011 14:33,60,71,86.58,0,0,4,2,1,New_customers,0.194520548,33.68317808
15566,393,2,227.87,15-12-2009 14:53,12-11-2010 12:11,153,724,113.935,0,0,2,2,1,lost,1.983561644,451.9941918
15567,19,1,186.01,21-11-2011 10:48,21-11-2011 10:48,223,19,186.01,0,0,5,1,1,New_customers,0.052054795,9.682712329
15568,3,3,758.29,27-09-2011 14:37,07-12-2011 11:27,461,73,252.7633333,0,0,5,3,3,Loyal_customers,0.2,151.658
15569,104,10,3586.35,28-02-2010 10:55,28-08-2011 10:15,1736,650,358.635,0,0,3,5,5,Loyal_customers,1.780821918,6386.650685
15570,7,25,9311.04,28-03-2010 14:04,02-12-2011 14:47,4279,621,372.4416,2,0.074074074,5,5,5,Champions,1.701369863,15841.52285
15571,12,14,4051.63,06-12-2009 12:10,28-11-2011 10:02,2506,734,289.4021429,0,0,5,5,5,Champions,2.010958904,8147.661425
15572,5,10,4068.67,14-04-2010 14:38,05-12-2011 10:09,2148,604,406.867,0,0,5,5,5,Champions,1.654794521,6732.812822
15573,32,5,1207.18,10-12-2009 14:19,08-11-2011 11:38,780,729,241.436,0,0,4,4,3,Loyal_customers,1.997260274,2411.052658
15574,178,6,1518.7,01-09-2010 14:37,15-06-2011 12:01,949,464,253.1166667,1,0.142857143,3,4,4,Loyal_customers,1.271232877,1930.62137
15575,620,1,30.1,30-03-2010 12:50,30-03-2010 12:50,6,620,30.1,0,0,1,1,1,lost,1.698630137,51.12876712
15576,38,1,940.67,02-11-2011 12:03,02-11-2011 12:03,404,38,940.67,0,0,4,1,3,New_customers,0.104109589,97.93276712
15577,151,5,397.98,13-12-2009 16:17,11-07-2011 17:03,121,726,79.596,0,0,3,4,2,Needs_Attention,1.989041096,791.5985753
15578,162,1,127.1,30-06-2011 13:03,30-06-2011 13:03,52,162,127.1,0,0,3,1,1,Needs_Attention,0.443835616,56.41150685
15579,69,5,1302.5,03-10-2010 14:37,02-10-2011 12:45,723,432,260.5,2,0.285714286,3,4,4,Loyal_customers,1.183561644,1541.589041
15580,377,8,1381.19,07-02-2010 11:21,28-11-2010 11:00,959,671,172.64875,6,0.428571429,2,4,4,At_Risk,1.838356164,2539.119151
15581,121,38,7794.59,02-12-2009 12:19,11-08-2011 09:38,3146,738,205.1207895,5,0.11627907,3,5,5,Loyal_customers,2.021917808,15760.02033
15582,25,3,682.91,03-05-2011 13:36,15-11-2011 09:55,453,220,227.6366667,0,0,4,3,3,Loyal_customers,0.602739726,411.6169863
15583,376,1,107.86,28-11-2010 15:04,28-11-2010 15:04,63,376,107.86,0,0,2,1,1,lost,1.030136986,111.1105753
15584,24,6,1277.5,07-02-2010 12:16,16-11-2011 10:55,487,671,212.9166667,1,0.142857143,4,4,4,Champions,1.838356164,2348.5
15585,177,1,455.3,16-06-2011 08:38,16-06-2011 08:38,320,177,455.3,0,0,3,1,2,Needs_Attention,0.484931507,220.7893151
15586,593,3,1139.1,08-01-2010 10:02,26-04-2010 11:00,1338,701,379.7,1,0.25,1,3,3,At_Risk,1.920547945,2187.696164
15587,50,7,1522.08,05-08-2010 08:44,20-10-2011 13:37,528,492,217.44,0,0,4,4,4,Champions,1.347945205,2051.680438
15588,678,1,579.6,31-01-2010 12:19,31-01-2010 12:19,96,678,579.6,0,0,1,1,2,lost,1.857534247,1076.626849
15589,256,3,478.53,02-02-2011 10:46,29-03-2011 09:54,243,311,159.51,1,0.25,2,3,2,At_Risk,0.852054795,407.7337808
15590,382,5,1496.6,12-04-2010 10:09,22-11-2010 14:49,832,607,299.32,1,0.166666667,2,4,4,At_Risk,1.663013699,2488.866301
15591,583,3,217.9,04-02-2010 09:20,06-05-2010 09:23,58,674,72.63333333,0,0,1,3,1,At_Risk,1.846575342,402.3687671
15592,47,1,388.58,24-10-2011 08:59,24-10-2011 08:59,354,47,388.58,0,0,4,1,2,New_customers,0.128767123,50.03632877
15593,71,1,199.8,30-09-2011 11:46,30-09-2011 11:46,60,71,199.8,0,0,3,1,1,Needs_Attention,0.194520548,38.86520548
15594,16,5,1771.78,19-04-2011 10:08,24-11-2011 08:53,983,235,354.356,1,0.166666667,5,4,4,Champions,0.643835616,1140.735068
15595,488,1,357.6,09-08-2010 12:27,09-08-2010 12:27,144,488,357.6,0,0,1,1,2,lost,1.336986301,478.1063014
15596,101,9,3130.04,28-07-2010 11:46,31-08-2011 10:55,1376,500,347.7822222,7,0.4375,3,5,5,Loyal_customers,1.369863014,4287.726027
15597,35,2,563.37,13-05-2010 13:10,04-11-2011 13:26,393,575,281.685,1,0.333333333,4,2,2,New_customers,1.575342466,887.5006849
15598,53,2,548.02,08-10-2010 09:20,17-10-2011 16:04,404,428,274.01,2,0.5,4,2,2,New_customers,1.17260274,642.6097534
15599,27,3,1250.06,20-09-2010 10:15,13-11-2011 11:44,1098,446,416.6866667,0,0,4,3,4,Loyal_customers,1.221917808,1527.470575
15600,428,4,1199.31,25-04-2010 11:50,07-10-2010 14:30,657,594,299.8275,1,0.2,1,3,3,At_Risk,1.62739726,1951.753808
15601,11,30,14960.12,01-12-2009 14:53,28-11-2011 15:15,11061,738,498.6706667,5,0.142857143,5,5,5,Champions,2.021917808,30248.13304
15602,8,16,3230.51,02-12-2009 09:35,01-12-2011 14:14,2349,738,201.906875,9,0.36,5,5,5,Champions,2.021917808,6531.825699
15603,79,2,88.48,01-03-2010 16:02,22-09-2011 10:04,128,648,44.24,1,0.333333333,3,2,1,Needs_Attention,1.775342466,157.0823014
15604,52,1,216.39,18-10-2011 14:47,18-10-2011 14:47,159,52,216.39,0,0,4,1,1,New_customers,0.142465753,30.82816438
15605,36,9,1936.8,14-01-2010 14:03,03-11-2011 14:17,712,694,215.2,1,0.1,4,5,4,Champions,1.901369863,3682.573151
15606,61,17,5230.99,02-03-2010 14:48,09-10-2011 15:47,1615,647,307.7052941,2,0.105263158,3,5,5,Loyal_customers,1.77260274,9272.467205
15607,337,9,1708.97,08-01-2010 12:16,07-01-2011 12:44,1470,701,189.8855556,4,0.307692308,2,5,4,At_Risk,1.920547945,3282.158822
15608,28,5,1785.98,20-10-2010 10:10,11-11-2011 13:20,1262,416,357.196,0,0,4,4,4,Champions,1.139726027,2035.52789
15609,184,1,298.48,08-06-2011 13:00,08-06-2011 13:00,148,184,298.48,1,0.5,3,1,2,Needs_Attention,0.504109589,150.4666301
15610,52,1,112.46,19-10-2011 10:36,19-10-2011 10:36,66,52,112.46,0,0,4,1,1,New_customers,0.142465753,16.02169863
15611,10,26,2997.28,25-01-2010 14:50,30-11-2011 12:36,747,683,115.28,6,0.1875,5,5,5,Champions,1.871232877,5608.608877
15612,36,2,195.15,09-10-2011 12:49,03-11-2011 14:52,52,62,97.575,0,0,4,2,1,New_customers,0.169863014,33.14876712
15613,610,1,433.72,08-04-2010 12:51,08-04-2010 12:51,700,610,433.72,0,0,1,1,2,lost,1.671232877,724.8471233
15614,438,4,3147.36,23-03-2010 11:13,28-09-2010 10:46,1632,627,786.84,3,0.428571429,1,3,5,At_Risk,1.717808219,5406.560877
15615,10,47,21373.97,02-12-2009 15:28,29-11-2011 14:42,12090,737,454.7653191,7,0.12962963,5,5,5,Champions,2.019178082,43157.85175
15616,438,1,317.11,27-09-2010 13:10,27-09-2010 13:10,137,438,317.11,0,0,1,1,2,lost,1.2,380.532
15617,396,3,828.55,20-07-2010 13:16,08-11-2010 16:07,485,507,276.1833333,0,0,2,3,3,At_Risk,1.389041096,1150.89
15618,33,4,776.851,26-07-2011 10:13,07-11-2011 08:34,454,137,194.21275,1,0.2,4,3,3,Loyal_customers,0.375342466,291.5851699
15619,11,1,336.4,29-11-2011 08:14,29-11-2011 08:14,136,11,336.4,0,0,5,1,2,New_customers,0.030136986,10.13808219
15620,57,4,1942.36,26-10-2010 11:32,14-10-2011 12:41,1249,410,485.59,4,0.5,4,3,4,Loyal_customers,1.123287671,2181.829041
15621,4,4,1293.03,18-11-2011 11:49,05-12-2011 14:01,501,22,323.2575,2,0.333333333,5,3,4,Loyal_customers,0.060273973,77.93605479
15622,43,17,7852.61,04-03-2010 10:29,27-10-2011 16:44,4091,646,461.9182353,13,0.433333333,4,5,5,Champions,1.769863014,13898.044
15623,141,8,2437.05,10-12-2009 14:46,21-07-2011 17:26,1087,729,304.63125,0,0,3,4,4,Loyal_customers,1.997260274,4867.423151
15624,117,4,588.13,28-03-2011 13:32,15-08-2011 11:38,357,256,147.0325,0,0,3,3,2,Needs_Attention,0.701369863,412.4966575
15625,104,9,3236.4,15-06-2010 15:23,28-08-2011 10:21,3020,542,359.6,5,0.357142857,3,5,5,Loyal_customers,1.484931507,4805.832329
15626,75,3,1067.52,14-10-2010 17:16,26-09-2011 10:03,1138,421,355.84,1,0.25,3,3,3,Loyal_customers,1.153424658,1231.30389
15627,457,2,566.9,05-07-2010 11:56,08-09-2010 14:14,344,523,283.45,0,0,1,2,2,lost,1.432876712,812.2978082
15628,5,17,5652.26,13-12-2009 13:39,05-12-2011 10:24,3819,726,332.4858824,4,0.19047619,5,5,5,Champions,1.989041096,11242.57742
15629,450,4,2240.9,25-06-2010 11:39,15-09-2010 13:46,1518,533,560.225,0,0,1,3,4,At_Risk,1.460273973,3272.327945
15630,45,3,1481.4,05-03-2010 14:30,25-10-2011 15:36,987,644,493.8,1,0.25,4,3,4,Loyal_customers,1.764383562,2613.757808
15631,642,1,596.67,07-03-2010 14:52,07-03-2010 14:52,525,642,596.67,0,0,1,1,2,lost,1.75890411,1049.485315
15632,16,8,3285.31,10-03-2011 08:29,24-11-2011 09:51,2109,275,410.66375,2,0.2,5,4,5,Champions,0.753424658,2475.233562
15633,509,13,4352.46,08-12-2009 17:51,18-07-2010 13:54,2058,731,334.8046154,5,0.277777778,1,5,5,At_Risk,2.002739726,8716.844548
15634,17,2,554.65,21-11-2010 15:30,22-11-2011 16:28,227,383,277.325,0,0,5,2,2,New_customers,1.049315068,582.0026027
15635,396,1,100.35,09-11-2010 08:58,09-11-2010 08:58,5,396,100.35,0,0,2,1,1,lost,1.084931507,108.8728767
15636,90,4,1444.58,19-05-2010 11:37,11-09-2011 11:17,560,570,361.145,0,0,3,3,4,Loyal_customers,1.561643836,2255.919452
15637,53,5,797.59,15-12-2009 17:54,18-10-2011 08:28,651,724,159.518,0,0,4,4,3,Loyal_customers,1.983561644,1582.068932
15638,379,6,2265.2,08-04-2010 14:37,26-11-2010 11:52,1134,610,377.5333333,3,0.333333333,2,4,4,At_Risk,1.671232877,3785.676712
15639,134,3,1065.08,13-04-2010 13:11,28-07-2011 14:30,849,605,355.0266667,2,0.4,3,3,3,Loyal_customers,1.657534247,1765.406575
15640,4,29,23957.58,14-12-2009 16:36,05-12-2011 14:35,12390,725,826.1234483,5,0.147058824,5,5,5,Champions,1.98630137,47586.97397
15641,105,12,5345.55,06-12-2009 15:31,26-08-2011 14:04,4422,733,445.4625,0,0,3,5,5,Loyal_customers,2.008219178,10735.03603
15642,730,1,105.78,10-12-2009 11:51,10-12-2009 11:51,270,730,105.78,0,0,1,1,1,lost,2,211.56
15643,192,3,664,02-03-2011 14:34,01-06-2011 07:38,246,282,221.3333333,3,0.5,2,3,3,At_Risk,0.77260274,513.0082192
15644,166,4,813,23-03-2011 15:37,26-06-2011 14:54,557,261,203.25,0,0,3,3,3,Loyal_customers,0.715068493,581.3506849
15645,19,3,1055.17,10-10-2010 12:51,21-11-2011 11:55,396,425,351.7233333,1,0.25,5,3,3,Loyal_customers,1.164383562,1228.622603
15646,158,5,974.61,25-10-2010 13:06,05-07-2011 09:53,1051,410,194.922,1,0.166666667,3,4,3,Loyal_customers,1.123287671,1094.767397
15647,415,1,169,20-10-2010 15:09,20-10-2010 15:09,124,415,169,0,0,1,1,1,lost,1.136986301,192.1506849
15648,204,2,657.35,17-03-2011 18:59,19-05-2011 15:53,221,267,328.675,2,0.5,2,2,3,Needs_Attention,0.731506849,480.8560274
15649,336,4,2170.35,17-11-2010 16:22,07-01-2011 13:34,485,387,542.5875,0,0,2,3,4,At_Risk,1.060273973,2301.165616
15650,522,2,553.88,21-03-2010 11:46,06-07-2010 10:41,210,629,276.94,1,0.333333333,1,2,2,lost,1.723287671,954.4945753
15651,37,5,1259.06,22-04-2010 13:26,03-11-2011 08:41,871,596,251.812,0,0,4,4,4,Champions,1.632876712,2055.889753
15652,91,5,1420.34,11-08-2010 16:58,09-09-2011 14:22,659,485,284.068,1,0.166666667,3,4,4,Loyal_customers,1.328767123,1887.301096
15653,93,2,877.44,16-08-2011 09:50,08-09-2011 10:49,1200,116,438.72,0,0,3,2,3,Needs_Attention,0.317808219,278.8576438
15654,9,2,922.53,13-11-2011 15:15,30-11-2011 13:08,475,26,461.265,0,0,5,2,3,New_customers,0.071232877,65.71446575
15655,243,1,560.67,10-04-2011 15:25,10-04-2011 15:25,324,243,560.67,1,0.5,2,1,2,lost,0.665753425,373.2679726
15656,45,4,748.5,28-02-2011 15:32,25-10-2011 14:56,343,284,187.125,0,0,4,3,3,Loyal_customers,0.778082192,582.3945205
15657,23,1,30,17-11-2011 12:19,17-11-2011 12:19,24,23,30,0,0,4,1,1,New_customers,0.063013699,1.890410959
15658,190,8,2423.47,03-12-2009 11:19,02-06-2011 15:22,691,737,302.93375,5,0.384615385,2,4,4,At_Risk,2.019178082,4893.417507
15659,44,3,532.49,24-02-2010 13:32,27-10-2011 09:23,161,653,177.4966667,0,0,4,3,2,Needs_Attention,1.789041096,952.6464932
15660,25,15,2812.99,05-02-2010 16:01,14-11-2011 16:58,1893,672,187.5326667,3,0.166666667,4,5,4,Champions,1.84109589,5178.984329
15661,317,8,1215.95,10-05-2010 07:59,26-01-2011 13:56,779,579,151.99375,0,0,2,4,3,At_Risk,1.58630137,1928.863151
15662,661,2,283.73,01-12-2009 13:49,16-02-2010 16:47,145,738,141.865,0,0,1,2,1,lost,2.021917808,573.6787397
15663,106,1,138.14,25-08-2011 15:50,25-08-2011 15:50,106,106,138.14,0,0,3,1,1,Needs_Attention,0.290410959,40.11736986
15664,51,4,1254.03,28-02-2010 12:50,20-10-2011 10:57,530,650,313.5075,3,0.428571429,4,3,4,Loyal_customers,1.780821918,2233.20411
15665,168,5,4015.12,14-03-2010 15:07,24-06-2011 14:57,2794,635,803.024,0,0,3,4,5,Loyal_customers,1.739726027,6985.208767
15666,472,2,632.94,01-08-2010 15:41,24-08-2010 16:14,469,495,316.47,0,0,1,2,3,Needs_Attention,1.356164384,858.3706849
15667,40,1,301.32,31-10-2011 10:56,31-10-2011 10:56,240,40,301.32,0,0,4,1,2,New_customers,0.109589041,33.02136986
15668,218,1,76.32,06-05-2011 10:39,06-05-2011 10:39,72,218,76.32,0,0,2,1,1,lost,0.597260274,45.58290411
15669,40,4,684.34,21-03-2011 09:13,30-10-2011 16:03,342,264,171.085,1,0.2,4,3,3,Loyal_customers,0.723287671,494.9746849
15670,297,2,325.2,01-06-2010 15:34,16-02-2011 10:50,132,556,162.6,1,0.333333333,2,2,2,lost,1.523287671,495.3731507
15671,19,7,2657.13,14-03-2011 09:37,21-11-2011 12:43,1699,271,379.59,3,0.3,5,4,4,Champions,0.742465753,1972.828027
15672,725,1,45.3,14-12-2009 16:52,14-12-2009 16:52,10,725,45.3,0,0,1,1,1,lost,1.98630137,89.97945205
15673,88,9,6414.79,22-02-2010 14:28,12-09-2011 16:12,3361,655,712.7544444,1,0.1,3,5,5,Loyal_customers,1.794520548,11511.47247
15674,73,13,6948.23,08-12-2009 17:08,27-09-2011 15:17,3648,731,534.4792308,5,0.277777778,3,5,5,Loyal_customers,2.002739726,13915.49625
15675,81,4,542.04,31-10-2010 14:14,19-09-2011 13:48,624,404,135.51,0,0,3,3,2,Needs_Attention,1.106849315,599.9566027
15676,19,3,3435.76,01-03-2011 10:19,21-11-2011 12:40,2252,284,1145.253333,2,0.4,5,3,5,Loyal_customers,0.778082192,2673.303671
15677,49,3,1305.63,02-09-2010 12:08,21-10-2011 15:36,675,464,435.21,0,0,4,3,4,Loyal_customers,1.271232877,1659.759781
15678,53,3,1893.89,05-07-2010 12:49,18-10-2011 09:25,1067,523,631.2966667,0,0,4,3,4,Loyal_customers,1.432876712,2713.710877
15679,24,4,781.28,10-06-2011 08:24,15-11-2011 16:19,1170,183,195.32,0,0,4,3,3,Loyal_customers,0.501369863,391.7102466
15680,9,10,4507.58,02-12-2009 12:15,30-11-2011 13:46,3074,738,450.758,2,0.166666667,5,5,5,Champions,2.021917808,9113.956274
15681,25,14,2989.7,24-05-2010 14:18,14-11-2011 16:30,1392,564,213.55,2,0.125,4,5,5,Champions,1.545205479,4619.700822
15682,599,2,318.24,21-01-2010 14:37,19-04-2010 15:30,222,687,159.12,1,0.333333333,1,2,2,lost,1.882191781,598.9887123
15683,117,2,524.54,23-08-2010 12:01,14-08-2011 12:56,332,474,262.27,0,0,3,2,2,Needs_Attention,1.298630137,681.1834521
15684,547,3,173.95,04-12-2009 16:13,10-06-2010 18:51,77,735,57.98333333,3,0.5,1,3,1,At_Risk,2.01369863,350.2828767
15685,450,1,55.98,15-09-2010 13:43,15-09-2010 13:43,36,450,55.98,0,0,1,1,1,lost,1.232876712,69.01643836
15686,420,1,90,15-10-2010 13:50,15-10-2010 13:50,72,420,90,0,0,1,1,1,lost,1.150684932,103.5616438
15687,9,9,2993.1,13-01-2011 15:13,01-12-2011 08:33,1310,330,332.5666667,2,0.181818182,5,5,5,Champions,0.904109589,2706.090411
15688,419,1,190.57,17-10-2010 12:06,17-10-2010 12:06,95,419,190.57,0,0,1,1,1,lost,1.147945205,218.7639178
15689,120,3,521.03,01-04-2010 09:53,12-08-2011 09:37,207,618,173.6766667,0,0,3,3,2,Needs_Attention,1.693150685,882.1823014
15690,4,2,239.76,31-08-2011 11:40,05-12-2011 15:59,408,101,119.88,0,0,5,2,1,New_customers,0.276712329,66.34454795
15691,252,4,571.3,06-12-2009 16:01,01-04-2011 15:13,212,733,142.825,1,0.2,2,3,2,At_Risk,2.008219178,1147.295616
15692,28,1,191.04,11-11-2011 14:12,11-11-2011 14:12,138,28,191.04,0,0,4,1,1,New_customers,0.076712329,14.65512329
15693,659,1,37.5,18-02-2010 14:37,18-02-2010 14:37,30,659,37.5,0,0,1,1,1,lost,1.805479452,67.70547945
15694,1,24,10810.81,07-12-2009 15:43,09-12-2011 09:44,2658,732,450.4504167,5,0.172413793,5,5,5,Champions,2.005479452,21680.85732
15695,267,4,1131.04,27-01-2010 10:56,18-03-2011 08:32,484,682,282.76,0,0,2,3,3,At_Risk,1.868493151,2113.340493
15696,33,13,3906.57,24-01-2010 14:36,06-11-2011 14:02,1399,684,300.5053846,8,0.380952381,4,5,5,Champions,1.873972603,7320.805151
15697,690,1,246.75,19-01-2010 09:10,19-01-2010 09:10,127,690,246.75,0,0,1,1,1,lost,1.890410959,466.4589041
15698,624,1,46.2,25-03-2010 17:38,25-03-2010 17:38,60,624,46.2,0,0,1,1,1,lost,1.709589041,78.9830137
15699,18,1,309.65,22-11-2011 08:26,22-11-2011 08:26,113,18,309.65,0,0,5,1,2,New_customers,0.049315068,15.27041096
15700,172,2,696.68,19-06-2011 15:36,20-06-2011 16:53,357,173,348.34,1,0.333333333,3,2,3,Needs_Attention,0.473972603,330.2072329
15701,2,4,1542.14,21-08-2011 12:36,07-12-2011 14:39,923,111,385.535,0,0,5,3,4,Loyal_customers,0.304109589,468.9795616
15702,476,2,140.39,26-01-2010 17:23,20-08-2010 14:50,103,682,70.195,0,0,1,2,1,lost,1.868493151,262.3177534
15703,265,1,211.5,20-03-2011 10:51,20-03-2011 10:51,66,265,211.5,0,0,2,1,1,lost,0.726027397,153.5547945
15704,140,6,3817.96,05-05-2010 14:51,22-07-2011 13:35,1723,583,636.3266667,2,0.25,3,4,5,Loyal_customers,1.597260274,6098.275836
15705,201,1,143.1,22-05-2011 15:37,22-05-2011 15:37,62,201,143.1,0,0,2,1,1,lost,0.550684932,78.8030137
15706,64,4,1060.56,15-08-2011 14:32,07-10-2011 10:09,321,116,265.14,3,0.428571429,3,3,3,Loyal_customers,0.317808219,337.0546849
15707,35,4,945.58,14-09-2011 14:19,04-11-2011 14:35,605,86,236.395,0,0,4,3,3,Loyal_customers,0.235616438,222.7941918
15708,41,9,4378.72,10-10-2010 11:33,30-10-2011 10:54,1675,426,486.5244444,5,0.357142857,4,5,5,Champions,1.167123288,5110.506082
15709,284,2,327.85,29-04-2010 18:31,01-03-2011 10:38,169,589,163.925,0,0,2,2,2,lost,1.61369863,529.0510959
15710,417,1,898.87,18-10-2010 17:05,18-10-2010 17:05,641,417,898.87,0,0,1,1,3,Needs_Attention,1.142465753,1026.928192
15711,557,2,420.25,24-01-2010 12:13,01-06-2010 12:14,199,685,210.125,0,0,1,2,2,lost,1.876712329,788.6883562
15712,9,12,3472.41,01-12-2009 11:17,30-11-2011 14:09,1277,739,289.3675,1,0.076923077,5,5,5,Champions,2.024657534,7030.441068
15713,143,4,1010.79,16-12-2009 09:41,19-07-2011 13:34,510,724,252.6975,2,0.333333333,3,3,3,Loyal_customers,1.983561644,2004.964274
15714,12,5,784.81,02-06-2010 12:08,28-11-2011 11:26,362,556,156.962,0,0,5,4,3,Loyal_customers,1.523287671,1195.491397
15715,556,5,658.02,30-03-2010 12:17,02-06-2010 09:56,246,620,131.604,0,0,1,4,3,At_Risk,1.698630137,1117.732603
15716,146,11,3056.81,07-12-2009 12:42,17-07-2011 11:59,1821,733,277.8918182,0,0,3,5,5,Loyal_customers,2.008219178,6138.744466
15717,234,5,607,26-04-2010 10:41,19-04-2011 13:21,224,593,121.4,0,0,2,4,2,At_Risk,1.624657534,986.1671233
15718,540,1,293.79,17-06-2010 16:20,17-06-2010 16:20,95,540,293.79,0,0,1,1,2,lost,1.479452055,434.6482192
15719,33,31,10223.06,01-12-2009 12:47,07-11-2011 12:29,5368,739,329.776129,8,0.205128205,4,5,5,Champions,2.024657534,20698.19545
15720,24,2,741.92,07-06-2010 15:40,15-11-2011 14:48,329,550,370.96,0,0,4,2,3,New_customers,1.506849315,1117.961644
15721,12,1,507.08,28-11-2011 12:14,28-11-2011 12:14,409,12,507.08,0,0,5,1,2,New_customers,0.032876712,16.67112329
15722,36,11,5258.1,09-03-2010 15:05,04-11-2011 11:43,2283,640,478.0090909,4,0.266666667,4,5,5,Champions,1.753424658,9219.682192
15723,365,4,947.65,14-05-2010 12:55,10-12-2010 11:12,444,574,236.9125,0,0,2,3,3,At_Risk,1.57260274,1490.276986
15724,201,3,310.85,04-11-2010 10:22,22-05-2011 14:40,117,401,103.6166667,2,0.4,2,3,2,At_Risk,1.098630137,341.5091781
15725,15,1,415.25,24-11-2011 14:51,24-11-2011 14:51,221,15,415.25,0,0,5,1,2,New_customers,0.04109589,17.06506849
15726,390,1,321.91,14-11-2010 16:12,14-11-2010 16:12,123,390,321.91,0,0,2,1,2,lost,1.068493151,343.9586301
15727,17,15,9445.51,24-01-2010 12:12,23-11-2011 12:36,5942,685,629.7006667,0,0,5,5,5,Champions,1.876712329,17726.50507
15728,380,2,544.6,21-09-2010 14:46,25-11-2010 10:39,132,444,272.3,1,0.333333333,2,2,2,lost,1.216438356,662.4723288
15729,213,3,192.55,01-11-2010 13:44,11-05-2011 12:36,47,403,64.18333333,2,0.4,2,3,1,At_Risk,1.104109589,212.5963014
15730,66,5,1726.58,04-10-2010 14:15,05-10-2011 12:31,1061,431,345.316,2,0.285714286,3,4,4,Loyal_customers,1.180821918,2038.783507
15731,554,1,125.3,04-06-2010 10:10,04-06-2010 10:10,122,554,125.3,0,0,1,1,1,lost,1.517808219,190.1813699
15732,212,10,1682.07,04-02-2010 10:10,11-05-2011 14:24,1361,674,168.207,2,0.166666667,2,5,4,At_Risk,1.846575342,3106.068986
15733,283,1,162.3,02-03-2011 09:05,02-03-2011 09:05,62,283,162.3,0,0,2,1,1,lost,0.775342466,125.8380822
15734,115,4,2263.3,10-06-2010 14:25,17-08-2011 10:50,516,547,565.825,0,0,3,3,4,Loyal_customers,1.498630137,3391.849589
15735,421,1,327.68,14-10-2010 13:38,14-10-2010 13:38,206,421,327.68,0,0,1,1,2,lost,1.153424658,377.9541918
15736,435,2,1815.72,30-09-2010 14:19,30-09-2010 14:20,1268,435,907.86,1,0.333333333,1,2,4,Needs_Attention,1.191780822,2163.940274
15737,15,8,1205.12,11-04-2011 10:01,25-11-2011 11:21,599,243,150.64,4,0.333333333,5,4,3,Loyal_customers,0.665753425,802.3127671
15738,19,41,13372.97,10-12-2009 15:52,21-11-2011 08:26,9285,729,326.17,4,0.088888889,5,5,5,Champions,1.997260274,26709.30173
15739,66,1,449.12,04-10-2011 13:42,04-10-2011 13:42,472,66,449.12,0,0,3,1,2,Needs_Attention,0.180821918,81.21073973
15740,49,1,154.88,21-10-2011 14:29,21-10-2011 14:29,152,49,154.88,0,0,4,1,1,New_customers,0.134246575,20.79210959
15741,458,2,208.62,31-03-2010 11:55,07-09-2010 16:21,70,619,104.31,0,0,1,2,1,lost,1.695890411,353.7966575
15742,619,1,156.87,30-03-2010 15:25,30-03-2010 15:25,51,619,156.87,0,0,1,1,1,lost,1.695890411,266.0343288
15743,16,4,784.46,08-06-2011 10:14,23-11-2011 17:19,216,185,196.115,0,0,5,3,3,Loyal_customers,0.506849315,397.6030137
15744,78,1,34.8,23-09-2011 09:52,23-09-2011 09:52,120,78,34.8,0,0,3,1,1,Needs_Attention,0.21369863,7.436712329
15745,19,4,1094.59,17-04-2011 13:04,20-11-2011 13:45,421,236,273.6475,2,0.333333333,5,3,3,Loyal_customers,0.646575342,707.7349041
15746,134,1,196.88,28-07-2011 15:21,28-07-2011 15:21,178,134,196.88,1,0.5,3,1,1,Needs_Attention,0.367123288,72.27923288
15747,13,9,2562.61,18-01-2010 11:21,27-11-2011 12:26,1370,691,284.7344444,1,0.1,5,5,4,Champions,1.893150685,4851.406877
15748,40,3,614.76,16-09-2010 16:52,30-10-2011 12:51,262,449,204.92,0,0,4,3,2,Needs_Attention,1.230136986,756.2390137
15749,235,3,44534.3,11-01-2011 12:55,18-04-2011 13:20,18028,332,14844.76667,1,0.25,2,3,5,At_Risk,0.909589041,40507.91123
15750,3,18,6797.191,01-12-2009 17:19,07-12-2011 12:34,4593,738,377.6217222,6,0.25,5,5,5,Champions,2.021917808,13743.36153
15751,461,11,1380.44,06-12-2009 13:08,05-09-2010 12:44,443,733,125.4945455,3,0.214285714,1,5,4,At_Risk,2.008219178,2772.226082
15752,40,9,4207.54,08-09-2010 11:56,31-10-2011 11:37,2967,458,467.5044444,1,0.1,4,5,5,Champions,1.254794521,5279.598137
15753,305,1,79.2,08-02-2011 12:41,08-02-2011 12:41,144,305,79.2,0,0,2,1,1,lost,0.835616438,66.18082192
15754,51,9,3037.61,22-02-2010 13:31,19-10-2011 14:40,1762,655,337.5122222,3,0.25,4,5,5,Champions,1.794520548,5451.053562
15755,10,17,5993.12,04-12-2009 08:24,29-11-2011 14:57,4034,736,352.5364706,3,0.15,5,5,5,Champions,2.016438356,12084.75704
15756,61,4,532.96,04-04-2011 14:00,09-10-2011 13:30,242,249,133.24,0,0,3,3,2,Needs_Attention,0.682191781,363.5809315
15757,66,6,2940.36,10-06-2010 13:47,05-10-2011 12:14,1757,547,490.06,0,0,3,4,4,Loyal_customers,1.498630137,4406.51211
15758,25,1,205.25,15-11-2011 10:48,15-11-2011 10:48,47,25,205.25,0,0,4,1,1,New_customers,0.068493151,14.05821918
15759,218,7,830.93,02-12-2009 10:08,05-05-2011 15:13,523,738,118.7042857,3,0.3,2,4,3,At_Risk,2.021917808,1680.072164
15760,631,2,13916.34,19-03-2010 11:35,19-03-2010 11:45,2,631,6958.17,3,0.6,1,2,5,Needs_Attention,1.728767123,24058.11107
15761,443,1,143.05,23-09-2010 09:33,23-09-2010 09:33,31,443,143.05,0,0,1,1,1,lost,1.21369863,173.619589
15762,65,2,583.75,23-09-2011 15:17,05-10-2011 16:15,251,77,291.875,0,0,3,2,2,Needs_Attention,0.210958904,123.1472603
15763,32,2,1086.92,23-09-2011 12:10,08-11-2011 09:44,271,78,543.46,1,0.333333333,4,2,3,New_customers,0.21369863,232.2733151
15764,88,8,4503.08,18-08-2010 13:58,12-09-2011 17:58,2945,478,562.885,6,0.428571429,3,4,5,Loyal_customers,1.309589041,5897.184219
15765,667,1,370.63,11-02-2010 10:25,11-02-2010 10:25,335,667,370.63,0,0,1,1,2,lost,1.82739726,677.2882466
15766,64,3,831.06,26-01-2010 15:55,06-10-2011 17:03,334,682,277.02,1,0.25,3,3,3,Loyal_customers,1.868493151,1552.829918
15768,116,34,15601.09,03-12-2009 12:10,16-08-2011 10:48,4259,737,458.8555882,2,0.055555556,3,5,5,Loyal_customers,2.019178082,31501.37899
15769,7,46,88704.32,11-12-2009 09:58,02-12-2011 13:52,49104,729,1928.354783,5,0.098039216,5,5,5,Champions,1.997260274,177165.6145
15770,613,1,321.45,06-04-2010 11:47,06-04-2010 11:47,67,613,321.45,0,0,1,1,2,lost,1.679452055,539.859863
15771,604,3,1006.54,15-01-2010 12:14,14-04-2010 13:56,512,694,335.5133333,0,0,1,3,3,At_Risk,1.901369863,1913.804822
15772,418,1,280.88,17-10-2010 13:33,17-10-2010 13:33,110,418,280.88,0,0,1,1,1,lost,1.145205479,321.6653151
15773,6,2,774.52,26-10-2010 15:27,04-12-2011 12:48,410,409,387.26,0,0,5,2,3,New_customers,1.120547945,867.8867945
15774,69,6,1329.94,21-02-2010 12:57,02-10-2011 12:04,473,656,221.6566667,1,0.142857143,3,4,4,Loyal_customers,1.797260274,2390.248329
15775,245,2,150.5,18-03-2010 07:32,08-04-2011 12:56,260,632,75.25,0,0,2,2,1,lost,1.731506849,260.5917808
15776,133,1,241.62,29-07-2011 13:46,29-07-2011 13:46,138,133,241.62,0,0,3,1,1,Needs_Attention,0.364383562,88.04235616
15777,241,7,1762.61,20-05-2010 10:37,12-04-2011 16:43,599,569,251.8014286,2,0.222222222,2,4,4,At_Risk,1.55890411,2747.739973
15778,431,1,307.95,04-10-2010 15:10,04-10-2010 15:10,101,431,307.95,0,0,1,1,2,lost,1.180821918,363.6341096
15779,463,2,124.08,25-06-2010 15:55,02-09-2010 16:40,20,532,62.04,0,0,1,2,1,lost,1.457534247,180.8508493
15780,184,3,475.28,17-12-2010 11:43,09-06-2011 12:01,220,358,158.4266667,0,0,3,3,2,Needs_Attention,0.980821918,466.1650411
15781,25,3,345.46,07-02-2011 09:15,14-11-2011 14:57,180,306,115.1533333,1,0.25,4,3,2,Needs_Attention,0.838356164,289.6185205
15782,10,4,4014.1,05-10-2010 15:43,30-11-2011 10:49,1844,430,1003.525,2,0.333333333,5,3,5,Loyal_customers,1.178082192,4728.939726
15783,11,1,246.3,29-11-2011 09:50,29-11-2011 09:50,212,11,246.3,0,0,5,1,1,New_customers,0.030136986,7.422739726
15784,468,2,848.33,05-02-2010 14:42,29-08-2010 10:38,381,672,424.165,0,0,1,2,3,Needs_Attention,1.84109589,1561.856877
15785,33,16,5969.93,15-12-2009 16:28,07-11-2011 11:33,4479,724,373.120625,10,0.384615385,4,5,5,Champions,1.983561644,11841.72416
15786,46,5,8514.82,21-06-2010 10:13,24-10-2011 14:13,5981,537,1702.964,4,0.444444444,4,4,5,Champions,1.471232877,12527.28312
15787,26,3,948.05,09-10-2011 13:11,13-11-2011 14:55,540,61,316.0166667,0,0,4,3,3,Loyal_customers,0.167123288,158.4412329
15788,509,1,221.83,19-07-2010 12:48,19-07-2010 12:48,115,509,221.83,1,0.5,1,1,1,lost,1.394520548,309.3464932
15789,358,6,1962.01,26-03-2010 11:21,16-12-2010 14:35,2499,624,327.0016667,1,0.142857143,2,4,4,At_Risk,1.709589041,3354.230795
15790,10,1,220.85,29-11-2011 14:53,29-11-2011 14:53,114,10,220.85,0,0,5,1,1,New_customers,0.02739726,6.050684932
15791,44,5,3608.34,08-03-2010 09:41,27-10-2011 10:14,1970,642,721.668,4,0.444444444,4,4,5,Champions,1.75890411,6346.724055
15792,400,2,933.84,31-03-2010 09:42,05-11-2010 08:21,606,619,466.92,0,0,2,2,3,Needs_Attention,1.695890411,1583.690301
15793,15,8,2399.57,01-12-2009 12:54,25-11-2011 09:31,1685,738,299.94625,1,0.111111111,5,4,4,Champions,2.021917808,4851.733315
15794,736,2,777,02-12-2009 15:10,03-12-2009 13:04,288,737,388.5,0,0,1,2,3,Needs_Attention,2.019178082,1568.90137
15795,150,8,1979.87,18-01-2010 11:31,13-07-2011 10:43,1411,691,247.48375,0,0,3,4,4,Loyal_customers,1.893150685,3748.192247
15796,1,17,5175.83,31-03-2010 13:10,08-12-2011 19:55,1735,618,304.4605882,5,0.227272727,5,5,5,Champions,1.693150685,8763.46011
15797,113,6,2821.08,27-01-2010 13:12,18-08-2011 17:04,1281,681,470.18,0,0,3,4,4,Loyal_customers,1.865753425,5263.439671
15798,493,3,1535.37,27-01-2010 11:55,04-08-2010 09:13,915,682,511.79,0,0,1,3,4,At_Risk,1.868493151,2868.828329
15799,76,4,1424.29,17-10-2010 14:26,25-09-2011 12:46,1342,418,356.0725,0,0,3,3,4,Loyal_customers,1.145205479,1631.104712
15800,107,7,1242.58,31-03-2010 13:17,24-08-2011 14:23,588,618,177.5114286,0,0,3,4,3,Loyal_customers,1.693150685,2103.875178
15801,46,3,1063.95,22-08-2011 09:53,24-10-2011 13:52,570,110,354.65,1,0.25,4,3,3,Loyal_customers,0.301369863,320.6424658
15802,143,1,451.42,20-07-2011 11:38,20-07-2011 11:38,1,143,451.42,2,0.666666667,3,1,2,Needs_Attention,0.391780822,176.8576986
15803,51,4,1929.66,01-02-2010 16:29,19-10-2011 14:56,1030,676,482.415,0,0,4,3,4,Loyal_customers,1.852054795,3573.836055
15804,1,13,4206.39,25-05-2011 10:12,09-12-2011 12:31,2565,199,323.5684615,6,0.315789474,5,5,5,Champions,0.545205479,2293.346877
15805,23,30,10189.23,10-12-2009 12:57,16-11-2011 16:32,6225,729,339.641,10,0.25,4,5,5,Champions,1.997260274,20350.5443
15806,46,3,784.58,08-03-2011 09:24,24-10-2011 14:35,602,277,261.5266667,0,0,4,3,3,Loyal_customers,0.75890411,595.4209863
15807,50,5,1817.52,11-02-2010 15:32,20-10-2011 14:10,1532,666,363.504,1,0.166666667,4,4,4,Champions,1.824657534,3316.351562
15808,306,21,18409.93,01-12-2009 16:30,06-02-2011 14:33,7229,738,876.6633333,3,0.125,2,5,5,At_Risk,2.021917808,37223.36532
15809,36,7,1274.44,22-06-2010 14:23,03-11-2011 16:40,700,535,182.0628571,2,0.222222222,4,4,4,Champions,1.465753425,1868.014795
15810,79,8,2999.04,04-02-2010 18:18,22-09-2011 09:38,1653,673,374.88,5,0.384615385,3,4,5,Loyal_customers,1.843835616,5529.736767
15811,22,7,3890.52,16-11-2010 16:46,17-11-2011 15:31,1922,388,555.7885714,3,0.3,4,4,5,Champions,1.063013699,4135.676055
15812,107,12,5201.47,15-12-2009 13:40,24-08-2011 14:19,3450,724,433.4558333,1,0.076923077,3,5,5,Loyal_customers,1.983561644,10317.43638
15813,208,2,1303.91,14-04-2011 09:09,16-05-2011 08:13,603,240,651.955,0,0,2,2,4,Needs_Attention,0.657534247,857.3654795
15814,17,6,2634.44,15-04-2010 14:31,23-11-2011 08:17,1728,603,439.0733333,2,0.25,5,4,4,Champions,1.652054795,4352.239233
15815,64,5,2100.6,25-03-2011 08:43,07-10-2011 12:42,1856,260,420.12,0,0,3,4,4,Loyal_customers,0.712328767,1496.317808
15816,542,2,144.15,15-06-2010 12:54,15-06-2010 13:36,54,542,72.075,1,0.333333333,1,2,1,lost,1.484931507,214.0528767
15817,421,3,2766.4,14-06-2010 13:31,15-10-2010 11:07,1596,543,922.1333333,0,0,1,3,4,At_Risk,1.487671233,4115.493699
15818,588,1,340.5,30-04-2010 12:58,30-04-2010 12:58,284,588,340.5,0,0,1,1,2,lost,1.610958904,548.5315068
15819,49,10,3934.79,18-03-2010 11:08,21-10-2011 14:50,2928,632,393.479,1,0.090909091,4,5,5,Champions,1.731506849,6813.115836
15820,320,1,206.98,24-01-2011 12:00,24-01-2011 12:00,128,320,206.98,0,0,2,1,1,lost,0.876712329,181.4619178
15821,44,2,570.96,09-10-2011 13:28,26-10-2011 15:48,202,61,285.48,0,0,4,2,2,New_customers,0.167123288,95.42071233
15822,3,6,1840.06,06-12-2009 15:12,06-12-2011 14:50,950,733,306.6766667,2,0.25,5,4,4,Champions,2.008219178,3695.243781
15823,372,3,3897.17,08-12-2009 15:12,02-12-2010 15:08,1775,731,1299.056667,3,0.5,2,3,5,At_Risk,2.002739726,7805.017178
15824,453,2,890.94,25-06-2010 15:10,12-09-2010 13:20,478,532,445.47,0,0,1,2,3,Needs_Attention,1.457534247,1298.575562
15825,172,1,532.94,20-06-2011 13:27,20-06-2011 13:27,220,172,532.94,0,0,3,1,2,Needs_Attention,0.471232877,251.1388493
15826,56,4,2598.28,20-05-2010 17:00,14-10-2011 16:05,1824,568,649.57,2,0.333333333,4,3,4,Loyal_customers,1.556164384,4043.350795
15827,73,28,3794.07,08-01-2010 11:25,27-09-2011 15:35,1824,701,135.5025,14,0.333333333,3,5,5,Loyal_customers,1.920547945,7286.693342
15828,375,1,1108.82,29-11-2010 16:41,29-11-2010 16:41,367,375,1108.82,0,0,2,1,3,Needs_Attention,1.02739726,1139.19863
15829,99,2,636.14,22-07-2011 10:23,01-09-2011 16:45,996,141,318.07,0,0,3,2,3,Needs_Attention,0.38630137,245.7417534
15830,38,1,576,02-11-2011 10:40,02-11-2011 10:40,415,38,576,1,0.5,4,1,2,New_customers,0.104109589,59.96712329
15831,58,3,801.76,19-01-2011 14:52,12-10-2011 13:14,1105,324,267.2533333,1,0.25,4,3,3,Loyal_customers,0.887671233,711.6992877
15832,254,1,836.79,30-03-2011 15:29,30-03-2011 15:29,465,254,836.79,0,0,2,1,3,Needs_Attention,0.695890411,582.314137
15833,738,1,80.4,02-12-2009 11:59,02-12-2009 11:59,24,738,80.4,0,0,1,1,1,lost,2.021917808,162.5621918
15834,70,7,3772.99,11-10-2010 14:05,30-09-2011 14:41,1819,424,538.9985714,2,0.222222222,3,4,5,Loyal_customers,1.161643836,4382.870575
15835,44,4,954.09,13-01-2011 10:35,26-10-2011 15:47,439,331,238.5225,0,0,4,3,3,Loyal_customers,0.906849315,865.215863
15836,50,1,137.37,20-10-2011 17:13,20-10-2011 17:13,26,50,137.37,1,0.5,4,1,1,New_customers,0.136986301,18.81780822
15837,65,2,777.01,11-08-2010 10:16,06-10-2011 09:01,405,486,388.505,0,0,3,2,3,Needs_Attention,1.331506849,1034.594137
15838,11,34,74163,15-12-2009 09:51,28-11-2011 14:00,64664,725,2181.264706,4,0.105263158,5,5,5,Champions,1.98630137,147310.0685
15839,33,3,1048.49,14-07-2011 16:35,06-11-2011 13:54,675,148,349.4966667,2,0.4,4,3,3,Loyal_customers,0.405479452,425.1411507
15840,59,2,355.56,20-06-2011 11:42,12-10-2011 09:08,396,173,177.78,1,0.333333333,4,2,2,New_customers,0.473972603,168.5256986
15841,73,9,2742.41,10-12-2009 08:29,28-09-2011 12:15,2391,730,304.7122222,3,0.25,3,5,4,Loyal_customers,2,5484.82
15842,393,2,548.8,30-06-2010 09:06,11-11-2010 14:08,296,528,274.4,1,0.333333333,2,2,2,lost,1.446575342,793.8805479
15843,304,1,118.95,09-02-2011 10:19,09-02-2011 10:19,27,304,118.95,0,0,2,1,1,lost,0.832876712,99.07068493
15844,46,1,130.74,24-10-2011 15:19,24-10-2011 15:19,134,46,130.74,0,0,4,1,1,New_customers,0.126027397,16.47682192
15845,18,11,4426.28,26-01-2010 14:44,22-11-2011 09:42,2128,682,402.3890909,3,0.214285714,5,5,5,Champions,1.868493151,8270.473863
15846,385,1,107.01,19-11-2010 14:40,19-11-2010 14:40,79,385,107.01,0,0,2,1,1,lost,1.054794521,112.8735616
15847,38,5,822.57,08-03-2010 08:47,01-11-2011 14:41,643,642,164.514,0,0,4,4,3,Loyal_customers,1.75890411,1446.821753
15848,622,1,139.94,28-03-2010 10:54,28-03-2010 10:54,46,622,139.94,0,0,1,1,1,lost,1.704109589,238.4730959
15850,19,6,1058.72,13-12-2009 13:27,20-11-2011 14:14,1379,726,176.4533333,0,0,5,4,3,Loyal_customers,1.989041096,2105.837589
15851,527,1,109.73,01-07-2010 12:34,01-07-2010 12:34,67,527,109.73,0,0,1,1,1,lost,1.443835616,158.4320822
15852,187,3,257.26,01-07-2010 10:16,06-06-2011 11:22,60,527,85.75333333,0,0,3,3,1,Needs_Attention,1.443835616,371.4411507
15853,52,1,110.8,19-10-2011 10:38,19-10-2011 10:38,135,52,110.8,0,0,4,1,1,New_customers,0.142465753,15.78520548
15854,4,21,5583.81,10-12-2009 12:08,05-12-2011 13:39,1704,730,265.8957143,0,0,5,5,5,Champions,2,11167.62
15855,137,6,1052.72,20-08-2010 17:15,26-07-2011 10:20,712,476,175.4533333,0,0,3,4,3,Loyal_customers,1.304109589,1372.862247
15856,4,52,34220.34,03-12-2009 14:02,05-12-2011 17:09,20432,736,658.0834615,6,0.103448276,5,5,5,Champions,2.016438356,69003.20614
15857,19,2,570.48,05-10-2010 16:43,21-11-2011 12:18,584,430,285.24,0,0,5,2,2,New_customers,1.178082192,672.0723288
15858,16,13,3960.37,10-12-2009 11:42,24-11-2011 12:48,2919,730,304.6438462,2,0.133333333,5,5,5,Champions,2,7920.74
15859,432,1,438.46,03-10-2010 12:52,03-10-2010 12:52,174,432,438.46,0,0,1,1,2,lost,1.183561644,518.9444384
15860,41,17,2505.21,06-12-2009 12:31,30-10-2011 11:25,1342,734,147.3652941,0,0,4,5,4,Champions,2.010958904,5037.874356
15861,12,12,4401.79,28-01-2010 19:41,27-11-2011 15:59,3860,680,366.8158333,3,0.2,5,5,5,Champions,1.863013699,8200.595068
15862,8,13,2928.29,17-12-2009 11:33,01-12-2011 13:28,1680,723,225.2530769,0,0,5,5,4,Champions,1.980821918,5800.421014
15863,26,5,358.7,17-12-2009 10:20,14-11-2011 12:49,164,723,71.74,0,0,4,4,2,Needs_Attention,1.980821918,710.5208219
15864,22,7,2180.76,23-11-2010 15:02,17-11-2011 13:32,1486,381,311.5371429,2,0.222222222,4,4,4,Champions,1.043835616,2276.354959
15865,41,5,2248.92,05-01-2010 13:58,30-10-2011 12:43,1147,703,449.784,0,0,4,4,4,Champions,1.926027397,4331.481534
15866,101,1,230.53,30-08-2011 14:09,30-08-2011 14:09,126,101,230.53,0,0,3,1,1,Needs_Attention,0.276712329,63.79049315
15867,5,31,9063.95,14-12-2009 15:16,04-12-2011 13:32,5139,725,292.3854839,4,0.114285714,5,5,5,Champions,1.98630137,18003.7363
15868,583,1,94.53,05-05-2010 14:11,05-05-2010 14:11,57,583,94.53,0,0,1,1,1,lost,1.597260274,150.9890137
15869,277,3,323.66,23-03-2010 16:50,07-03-2011 17:23,274,626,107.8866667,0,0,2,3,2,At_Risk,1.715068493,555.0990685
15870,33,4,862.61,19-09-2010 16:22,07-11-2011 10:58,508,446,215.6525,0,0,4,3,3,Loyal_customers,1.221917808,1054.038521
15871,437,1,33.1,28-09-2010 14:16,28-09-2010 14:16,5,437,33.1,0,0,1,1,1,lost,1.197260274,39.62931507
15872,15,4,795.68,07-06-2010 14:53,25-11-2011 11:55,506,550,198.92,0,0,5,3,3,Loyal_customers,1.506849315,1198.969863
15873,500,4,313.92,27-07-2010 11:58,28-07-2010 12:41,1152,501,78.48,1,0.2,1,3,2,At_Risk,1.37260274,430.8874521
15874,64,21,11284.76,07-01-2010 13:56,07-10-2011 12:31,5102,701,537.3695238,4,0.16,3,5,5,Loyal_customers,1.920547945,21672.92263
15875,646,1,111.72,03-03-2010 16:51,03-03-2010 16:51,76,646,111.72,0,0,1,1,1,lost,1.769863014,197.7290959
15876,409,2,1449.14,17-09-2010 15:26,26-10-2010 18:58,886,448,724.57,0,0,2,2,4,Needs_Attention,1.22739726,1778.670466
15877,2,2,493.28,22-11-2011 11:18,08-12-2011 11:53,371,18,246.64,1,0.333333333,5,2,2,New_customers,0.049315068,24.32613699
15878,562,2,330.77,06-12-2009 12:28,27-05-2010 12:17,243,734,165.385,0,0,1,2,2,lost,2.010958904,665.1648767
15879,404,4,1157.3,17-12-2009 19:54,31-10-2010 16:21,643,722,289.325,0,0,2,3,3,At_Risk,1.978082192,2289.234521
15880,369,1,686.56,05-12-2010 13:00,05-12-2010 13:00,422,369,686.56,1,0.5,2,1,3,Needs_Attention,1.010958904,694.0839452
15881,312,5,501.39,10-12-2010 13:32,31-01-2011 16:59,260,364,100.278,3,0.375,2,4,2,At_Risk,0.997260274,500.0163288
15882,199,8,1495.98,10-12-2009 15:33,25-05-2011 11:35,814,729,186.9975,2,0.2,2,4,4,At_Risk,1.997260274,2987.861425
15883,2,2,396.48,06-11-2011 14:50,07-12-2011 17:05,223,33,198.24,0,0,5,2,2,New_customers,0.090410959,35.84613699
15884,432,2,249.7,03-12-2009 18:23,03-10-2010 15:55,158,736,124.85,1,0.333333333,1,2,1,lost,2.016438356,503.5046575
15885,93,15,1951.82,21-01-2010 12:47,08-09-2011 10:43,622,688,130.1213333,5,0.25,3,5,4,Loyal_customers,1.884931507,3679.047014
15886,60,4,1052.87,20-04-2010 15:03,10-10-2011 14:25,667,598,263.2175,0,0,3,3,3,Loyal_customers,1.638356164,1724.976055
15887,407,3,1027.15,02-06-2010 11:53,29-10-2010 08:36,605,556,342.3833333,0,0,2,3,3,At_Risk,1.523287671,1564.644932
15888,81,3,429.16,01-07-2010 11:51,20-09-2011 12:30,139,527,143.0533333,1,0.25,3,3,2,Needs_Attention,1.443835616,619.6364932
15889,157,8,1806.28,10-12-2009 12:21,06-07-2011 11:10,989,730,225.785,1,0.111111111,3,4,4,Loyal_customers,2,3612.56
15890,395,5,535.65,14-04-2010 08:43,10-11-2010 12:46,119,605,107.13,0,0,2,4,2,At_Risk,1.657534247,887.8582192
15891,227,1,524.52,27-04-2011 12:35,27-04-2011 12:35,442,227,524.52,0,0,2,1,2,lost,0.621917808,326.2083288
15892,669,1,128.2,08-02-2010 16:23,08-02-2010 16:23,46,669,128.2,0,0,1,1,1,lost,1.832876712,234.9747945
15893,482,1,305.28,15-08-2010 11:12,15-08-2010 11:12,288,482,305.28,0,0,1,1,2,lost,1.320547945,403.1368767
15894,253,2,420.29,05-12-2010 14:06,31-03-2011 13:50,283,369,210.145,0,0,2,2,2,lost,1.010958904,424.8959178
15895,150,1,179.17,13-07-2011 10:27,13-07-2011 10:27,94,150,179.17,0,0,3,1,1,Needs_Attention,0.410958904,73.63150685
15897,194,2,222.05,29-05-2011 13:32,29-05-2011 13:50,261,194,111.025,0,0,2,2,1,lost,0.531506849,118.0210959
15898,1,25,5596.31,11-12-2009 16:11,08-12-2011 15:23,2418,728,223.8524,4,0.137931034,5,5,5,Champions,1.994520548,11161.95529
15899,369,1,112.5,06-12-2010 10:36,06-12-2010 10:36,78,369,112.5,0,0,2,1,1,lost,1.010958904,113.7328767
15900,24,4,900.4,26-05-2010 11:27,16-11-2011 12:19,661,563,225.1,1,0.2,4,3,3,Loyal_customers,1.542465753,1388.836164
15901,17,7,703.22,14-06-2010 12:39,23-11-2011 12:43,702,544,100.46,2,0.222222222,5,4,3,Loyal_customers,1.490410959,1048.086795
15902,380,1,145.01,24-11-2010 16:57,24-11-2010 16:57,124,380,145.01,0,0,2,1,1,lost,1.04109589,150.9693151
15903,10,12,8939.84,14-01-2010 10:57,30-11-2011 08:08,3926,695,744.9866667,3,0.2,5,5,5,Champions,1.904109589,17022.43507
15904,8,1,164.68,01-12-2011 14:50,01-12-2011 14:50,84,8,164.68,0,0,5,1,1,New_customers,0.021917808,3.609424658
15905,543,1,114.69,14-06-2010 16:00,14-06-2010 16:00,82,543,114.69,0,0,1,1,1,lost,1.487671233,170.6210137
15906,20,10,2555.64,15-09-2010 12:17,20-11-2011 12:24,751,451,255.564,2,0.166666667,4,5,4,Champions,1.235616438,3157.790795
15907,4,3,967.45,13-05-2011 13:01,06-12-2011 12:21,509,210,322.4833333,0,0,5,3,3,Loyal_customers,0.575342466,556.6150685
15908,491,2,764.57,15-07-2010 19:21,06-08-2010 11:56,174,512,382.285,0,0,1,2,3,Needs_Attention,1.402739726,1072.492712
15909,174,1,191.94,19-06-2011 10:38,19-06-2011 10:38,98,174,191.94,0,0,3,1,1,Needs_Attention,0.476712329,91.50016438
15910,1,15,2681.8,21-01-2010 11:51,09-12-2011 10:51,2171,688,178.7866667,0,0,5,5,4,Champions,1.884931507,5055.009315
15911,624,8,1702.34,09-12-2009 13:26,26-03-2010 12:06,811,730,212.7925,2,0.2,1,4,4,At_Risk,2,3404.68
15912,178,9,1074.7,10-12-2009 12:58,14-06-2011 14:29,759,729,119.4111111,0,0,3,5,3,Loyal_customers,1.997260274,2146.455616
15913,534,1,6.3,23-06-2010 16:31,23-06-2010 16:31,3,534,6.3,0,0,1,1,1,lost,1.463013699,9.216986301
15914,378,2,205.99,26-11-2010 16:09,26-11-2010 16:10,149,378,102.995,0,0,2,2,1,lost,1.035616438,213.3266301
15915,402,1,429.21,03-11-2010 11:13,03-11-2010 11:13,451,402,429.21,0,0,2,1,2,lost,1.101369863,472.7189589
15916,16,13,3427.17,10-12-2009 16:21,23-11-2011 13:46,1703,729,263.6284615,4,0.235294118,5,5,5,Champions,1.997260274,6844.950493
15917,248,5,560.63,02-12-2009 14:55,06-04-2011 10:40,263,737,112.126,0,0,2,4,2,At_Risk,2.019178082,1132.011808
15918,191,3,582.88,18-03-2010 11:40,02-06-2011 11:42,240,632,194.2933333,0,0,2,3,2,At_Risk,1.731506849,1009.260712
15919,20,2,910.61,06-12-2010 11:26,20-11-2011 11:28,787,369,455.305,0,0,4,2,3,New_customers,1.010958904,920.5892877
15920,154,9,571.64,14-12-2009 13:09,08-07-2011 15:31,240,725,63.51555556,0,0,3,5,2,Needs_Attention,1.98630137,1135.449315
15921,173,4,802.11,09-03-2010 11:03,20-06-2011 11:03,342,641,200.5275,0,0,3,3,3,Loyal_customers,1.756164384,1408.637014
15922,373,1,739,01-12-2010 13:51,01-12-2010 13:51,276,373,739,1,0.5,2,1,3,Needs_Attention,1.021917808,755.1972603
15923,373,1,254.16,02-12-2010 12:16,02-12-2010 12:16,244,373,254.16,0,0,2,1,1,lost,1.021917808,259.7306301
15924,731,1,102.82,08-12-2009 15:00,08-12-2009 15:00,103,731,102.82,0,0,1,1,1,lost,2.002739726,205.9216986
15925,194,1,207.15,29-05-2011 15:35,29-05-2011 15:35,93,194,207.15,0,0,2,1,1,lost,0.531506849,110.1016438
15926,542,1,134.44,15-06-2010 15:23,15-06-2010 15:23,155,542,134.44,0,0,1,1,1,lost,1.484931507,199.6341918
15927,647,1,123.39,02-03-2010 13:25,02-03-2010 13:25,69,647,123.39,0,0,1,1,1,lost,1.77260274,218.7214521
15928,656,1,293.53,21-02-2010 15:16,21-02-2010 15:16,164,656,293.53,0,0,1,1,2,lost,1.797260274,527.5498082
15929,644,1,594,05-03-2010 14:56,05-03-2010 14:56,120,644,594,0,0,1,1,2,lost,1.764383562,1048.043836
15930,67,1,426.63,03-10-2011 14:52,03-10-2011 14:52,139,67,426.63,0,0,3,1,2,Needs_Attention,0.183561644,78.31290411
15931,428,1,239.9,07-10-2010 16:46,07-10-2010 16:46,118,428,239.9,0,0,1,1,1,lost,1.17260274,281.3073973
15932,4,8,2495.87,23-02-2011 14:50,05-12-2011 17:13,2325,289,311.98375,3,0.272727273,5,4,4,Champions,0.791780822,1976.182
15933,21,3,1107.46,14-09-2011 12:05,18-11-2011 13:14,885,87,369.1533333,0,0,4,3,3,Loyal_customers,0.238356164,263.9699178
15934,418,2,2190.66,06-10-2010 12:08,18-10-2010 10:13,2166,430,1095.33,0,0,1,2,4,Needs_Attention,1.178082192,2580.777534
15935,239,2,416.86,12-04-2011 09:35,14-04-2011 13:27,115,242,208.43,1,0.333333333,2,2,2,lost,0.663013699,276.3838904
15936,379,2,282.79,29-08-2010 11:42,25-11-2010 16:39,211,468,141.395,0,0,2,2,1,lost,1.282191781,362.5910137
15937,64,1,145.35,06-10-2011 15:48,06-10-2011 15:48,73,64,145.35,0,0,3,1,1,Needs_Attention,0.175342466,25.4860274
15938,112,9,734.81,01-06-2010 09:42,19-08-2011 12:56,449,557,81.64555556,0,0,3,5,3,Loyal_customers,1.526027397,1121.340192
15939,90,16,9060.39,30-11-2010 12:07,11-09-2011 11:30,6260,375,566.274375,1,0.058823529,3,5,5,Loyal_customers,1.02739726,9308.619863
15940,311,1,35.8,01-02-2011 16:18,01-02-2011 16:18,4,311,35.8,2,0.666666667,2,1,1,lost,0.852054795,30.50356164
15941,637,1,405,12-03-2010 14:45,12-03-2010 14:45,60,637,405,1,0.5,1,1,2,lost,1.745205479,706.8082192
15942,134,1,337.44,29-07-2011 09:01,29-07-2011 09:01,232,134,337.44,0,0,3,1,2,Needs_Attention,0.367123288,123.8820822
15943,650,2,271.29,31-01-2010 11:04,28-02-2010 12:49,183,678,135.645,0,0,1,2,1,lost,1.857534247,503.9304658
15944,277,4,2164.24,13-12-2009 12:57,08-03-2011 10:33,859,726,541.06,0,0,2,3,4,At_Risk,1.989041096,4304.762301
15945,365,4,827.27,01-12-2009 13:47,09-12-2010 13:14,397,738,206.8175,0,0,2,4,3,At_Risk,2.021917808,1672.671945
15946,503,3,2304.18,16-03-2010 10:49,25-07-2010 12:18,1614,634,768.06,0,0,1,3,4,At_Risk,1.736986301,4002.329096
15947,83,1,1708.24,18-09-2011 10:46,18-09-2011 10:46,898,83,1708.24,0,0,3,1,4,Needs_Attention,0.22739726,388.4490959
15948,8,3,1509.09,11-10-2010 12:16,01-12-2011 15:32,852,425,503.03,0,0,5,3,4,Loyal_customers,1.164383562,1757.159589
15949,17,2,364.72,29-09-2011 17:34,23-11-2011 09:09,284,71,182.36,0,0,5,2,2,New_customers,0.194520548,70.94553425
15950,32,10,7180.71,26-01-2010 11:39,08-11-2011 11:09,3384,683,718.071,3,0.230769231,4,5,5,Champions,1.871232877,13436.78063
15951,9,3,1013.17,23-11-2010 18:20,01-12-2011 08:34,420,381,337.7233333,1,0.25,5,3,3,Loyal_customers,1.043835616,1057.582932
15952,34,4,806.57,28-04-2011 12:55,06-11-2011 11:18,399,225,201.6425,0,0,4,4,3,Loyal_customers,0.616438356,497.2006849
15953,15,18,3669.55,03-12-2009 14:00,24-11-2011 15:32,1852,736,203.8638889,3,0.142857143,5,5,5,Champions,2.016438356,7399.42137
15954,589,1,190.75,29-04-2010 13:35,29-04-2010 13:35,119,589,190.75,0,0,1,1,1,lost,1.61369863,307.8130137
15955,24,22,8658.36,23-02-2010 16:36,15-11-2011 14:15,4213,654,393.5618182,3,0.12,4,5,5,Champions,1.791780822,15513.8834
15956,551,2,617.6,13-12-2009 11:16,06-06-2010 13:06,278,727,308.8,0,0,1,2,2,lost,1.991780822,1230.123836
15957,32,3,930.1,15-10-2010 12:11,08-11-2011 12:14,458,421,310.0333333,0,0,4,3,3,Loyal_customers,1.153424658,1072.800274
15958,74,4,492.99,07-06-2010 10:59,26-09-2011 13:41,164,551,123.2475,0,0,3,4,2,Needs_Attention,1.509589041,744.2123014
15959,682,3,579.49,26-01-2010 16:19,26-01-2010 16:38,282,682,193.1633333,0,0,1,3,2,At_Risk,1.868493151,1082.773096
15960,374,4,410.95,30-09-2010 15:50,30-11-2010 15:57,258,435,102.7375,1,0.2,2,4,2,At_Risk,1.191780822,489.7623288
15961,379,1,451.29,25-11-2010 15:59,25-11-2010 15:59,154,379,451.29,0,0,2,1,2,lost,1.038356164,468.5997534
15962,449,1,295.83,16-09-2010 13:48,16-09-2010 13:48,235,449,295.83,0,0,1,1,2,lost,1.230136986,363.9114247
15963,20,2,470.76,25-10-2011 13:05,20-11-2011 11:33,298,45,235.38,0,0,4,2,2,New_customers,0.123287671,58.03890411
15964,663,1,272.96,14-02-2010 15:30,14-02-2010 15:30,94,663,272.96,0,0,1,1,1,lost,1.816438356,495.8150137
15965,17,13,3013.09,03-12-2009 11:45,22-11-2011 16:44,1433,737,231.7761538,1,0.071428571,5,5,5,Champions,2.019178082,6083.965288
15966,451,1,426.53,15-09-2010 10:44,15-09-2010 10:44,275,451,426.53,1,0.5,1,1,2,lost,1.235616438,527.0274795
15967,23,12,3041.6,01-12-2009 13:29,16-11-2011 15:41,1204,738,253.4666667,1,0.076923077,4,5,5,Champions,2.021917808,6149.865205
15968,388,1,418.05,16-11-2010 13:04,16-11-2010 13:04,253,388,418.05,0,0,2,1,2,lost,1.063013699,444.3928767
15969,3,5,1127.05,05-07-2010 13:10,07-12-2011 11:06,223,522,225.41,1,0.166666667,5,4,3,Loyal_customers,1.430136986,1611.83589
15970,304,2,1017.32,20-04-2010 11:30,09-02-2011 12:08,498,599,508.66,0,0,2,2,3,Needs_Attention,1.64109589,1669.519671
15971,18,18,5902.83,08-12-2009 09:46,22-11-2011 12:50,2251,732,327.935,2,0.1,5,5,5,Champions,2.005479452,11838.00427
15972,456,5,1810.27,18-04-2010 14:06,09-09-2010 13:20,480,600,362.054,0,0,1,4,4,At_Risk,1.643835616,2975.786301
15973,367,3,988.44,06-10-2010 15:00,08-12-2010 11:42,301,429,329.48,2,0.4,2,3,3,At_Risk,1.175342466,1161.755507
15974,39,7,3442.15,24-02-2011 10:10,31-10-2011 13:13,2262,289,491.7357143,1,0.125,4,4,5,Champions,0.791780822,2725.428356
15975,84,1,371.01,16-09-2011 13:33,16-09-2011 13:33,243,84,371.01,0,0,3,1,2,Needs_Attention,0.230136986,85.38312329
15976,165,6,1746.64,06-06-2010 14:01,27-06-2011 13:00,1078,551,291.1066667,0,0,3,4,4,Loyal_customers,1.509589041,2636.708603
15977,17,2,1054.73,31-10-2011 16:24,22-11-2011 13:29,1016,39,527.365,0,0,5,2,3,New_customers,0.106849315,112.6971781
15978,77,3,3279.42,05-03-2010 14:39,23-09-2011 15:21,2444,644,1093.14,2,0.4,3,3,5,Loyal_customers,1.764383562,5786.15474
15979,603,1,329.22,16-04-2010 11:35,16-04-2010 11:35,450,603,329.22,0,0,1,1,2,lost,1.652054795,543.8894795
15980,89,7,6593.68,01-06-2010 14:40,12-09-2011 09:41,4862,556,941.9542857,2,0.222222222,3,4,5,Loyal_customers,1.523287671,10044.07145
15981,25,21,9362.77,29-03-2010 10:07,15-11-2011 08:00,4827,621,445.8461905,6,0.222222222,4,5,5,Champions,1.701369863,15929.53471
15982,605,1,324.51,13-04-2010 15:47,13-04-2010 15:47,131,605,324.51,0,0,1,1,2,lost,1.657534247,537.8864384
15983,22,8,3958.82,06-12-2009 12:52,17-11-2011 17:34,2450,733,494.8525,0,0,4,4,5,Champions,2.008219178,7950.178247
15984,3,30,8759.32,01-12-2009 13:38,07-12-2011 12:16,6084,738,291.9773333,2,0.0625,5,5,5,Champions,2.021917808,17710.6251
15985,123,7,2715.28,27-05-2010 15:51,08-08-2011 16:31,2750,561,387.8971429,1,0.125,3,4,4,Loyal_customers,1.536986301,4173.348164
15986,30,2,354.42,23-11-2010 10:02,09-11-2011 15:17,368,382,177.21,0,0,4,2,2,New_customers,1.046575342,370.9272329
15987,12,8,1682.13,25-11-2010 12:56,27-11-2011 15:38,1715,379,210.26625,0,0,5,4,4,Champions,1.038356164,1746.650055
15988,19,3,770.09,21-02-2010 11:36,20-11-2011 13:23,486,657,256.6966667,0,0,5,3,3,Loyal_customers,1.8,1386.162
15989,376,2,372.51,02-12-2009 15:51,29-11-2010 12:03,171,737,186.255,0,0,2,2,2,lost,2.019178082,752.1640274
15990,44,7,2010.05,28-02-2010 12:30,26-10-2011 15:58,1090,650,287.15,0,0,4,4,4,Champions,1.780821918,3579.541096
15991,534,1,150.55,23-06-2010 15:50,23-06-2010 15:50,41,534,150.55,0,0,1,1,1,lost,1.463013699,220.2567123
15992,4,3,896.6,12-09-2010 11:52,06-12-2011 11:00,514,454,298.8666667,0,0,5,3,3,Loyal_customers,1.243835616,1115.223014
15993,9,7,2797.57,26-10-2011 16:21,01-12-2011 10:45,2051,44,399.6528571,3,0.3,5,4,4,Champions,0.120547945,337.2413151
15994,55,3,1202.18,14-03-2010 11:55,16-10-2011 12:28,469,636,400.7266667,2,0.4,4,3,3,Loyal_customers,1.742465753,2094.757479
15995,414,1,696.19,21-10-2010 13:57,21-10-2010 13:57,353,414,696.19,0,0,1,1,3,Needs_Attention,1.134246575,789.6511233
15996,88,7,1686.9,07-11-2010 15:49,12-09-2011 15:14,747,397,240.9857143,1,0.125,3,4,4,Loyal_customers,1.087671233,1834.792603
15998,37,16,8308.34,01-12-2009 11:45,03-11-2011 12:45,5372,739,519.27125,5,0.238095238,4,5,5,Champions,2.024657534,16821.54318
15999,736,1,20.4,04-12-2009 12:31,04-12-2009 12:31,24,736,20.4,0,0,1,1,1,lost,2.016438356,41.13534247
16000,3,3,12393.7,07-12-2011 12:14,07-12-2011 12:17,5110,3,4131.233333,0,0,5,3,5,Loyal_customers,0.008219178,101.8660274
16001,381,1,583.39,23-11-2010 17:10,23-11-2010 17:10,337,381,583.39,1,0.5,2,1,2,lost,1.043835616,608.9632603
16002,625,1,169.21,24-03-2010 13:08,24-03-2010 13:08,70,625,169.21,0,0,1,1,1,lost,1.712328767,289.7431507
16003,30,10,5613.83,03-12-2009 18:51,10-11-2011 09:57,2210,736,561.383,0,0,4,5,5,Champions,2.016438356,11319.94214
16004,475,5,2146.39,25-01-2010 13:56,22-08-2010 11:48,1076,683,429.278,0,0,1,4,4,At_Risk,1.871232877,4016.395534
16005,12,10,2436.22,15-09-2010 13:21,27-11-2011 13:47,1310,450,243.622,1,0.090909091,5,5,4,Champions,1.232876712,3003.558904
16006,211,2,347.17,17-11-2010 12:03,12-05-2011 13:12,211,388,173.585,0,0,2,2,2,lost,1.063013699,369.0464658
16007,48,7,3075.14,14-06-2010 13:18,23-10-2011 11:05,2643,543,439.3057143,0,0,4,4,5,Champions,1.487671233,4574.797315
16008,24,15,5384.13,19-03-2010 11:07,16-11-2011 10:32,3273,631,358.942,0,0,4,5,5,Champions,1.728767123,9307.906932
16009,22,4,992.71,03-07-2011 11:26,17-11-2011 16:51,378,160,248.1775,0,0,4,4,3,Loyal_customers,0.438356164,435.1605479
16010,246,11,1724.06,24-10-2010 10:54,08-04-2011 10:14,931,412,156.7327273,1,0.083333333,2,5,4,At_Risk,1.128767123,1946.062247
16011,8,29,5880.46,01-12-2009 12:02,01-12-2011 16:31,3471,739,202.7744828,1,0.033333333,5,5,5,Champions,2.024657534,11905.91764
16012,35,5,2989.79,28-06-2010 11:39,04-11-2011 13:25,1766,530,597.958,0,0,4,4,5,Champions,1.452054795,4341.338904
16013,4,84,57446.44,08-12-2009 10:24,06-12-2011 10:36,25952,732,683.8861905,10,0.106382979,5,5,5,Champions,2.005479452,115207.655
16014,38,5,1130.27,31-01-2010 12:43,02-11-2011 12:04,478,678,226.054,1,0.166666667,4,4,3,Loyal_customers,1.857534247,2099.515233
16015,4,3,705.39,21-10-2011 12:56,06-12-2011 10:58,909,49,235.13,1,0.25,5,3,3,Loyal_customers,0.134246575,94.69619178
16016,3,11,2533.94,02-11-2010 13:27,06-12-2011 14:35,1059,402,230.3581818,3,0.214285714,5,5,4,Champions,1.101369863,2790.805151
16017,47,5,1553.83,05-01-2010 12:06,23-10-2011 12:56,640,704,310.766,0,0,4,4,4,Champions,1.928767123,2996.976219
16018,39,4,698.13,07-12-2009 13:57,31-10-2011 14:13,503,732,174.5325,0,0,4,4,3,Loyal_customers,2.005479452,1400.08537
16019,47,27,17465.85,14-12-2009 14:12,24-10-2011 11:51,6976,725,646.8833333,8,0.228571429,4,5,5,Champions,1.98630137,34692.44178
16020,17,3,851.01,05-10-2011 13:54,23-11-2011 11:18,487,65,283.67,0,0,5,3,3,Loyal_customers,0.178082192,151.549726
16021,395,2,532.25,13-06-2010 11:05,09-11-2010 14:48,297,545,266.125,0,0,2,2,2,lost,1.493150685,794.7294521
16022,260,1,628.28,24-03-2011 13:16,24-03-2011 13:16,261,260,628.28,0,0,2,1,3,Needs_Attention,0.712328767,447.5419178
16023,46,3,719.81,18-03-2011 13:32,24-10-2011 16:34,358,266,239.9366667,0,0,4,3,3,Loyal_customers,0.728767123,524.573863
16024,12,3,484.2,24-10-2010 11:40,27-11-2011 13:26,505,412,161.4,0,0,5,3,2,Needs_Attention,1.128767123,546.5490411
16025,30,1,439.66,10-11-2011 11:45,10-11-2011 11:45,338,30,439.66,0,0,4,1,2,New_customers,0.082191781,36.13643836
16026,43,1,236.09,27-10-2011 13:53,27-10-2011 13:53,243,43,236.09,0,0,4,1,1,New_customers,0.117808219,27.81334247
16027,92,15,2048.36,08-01-2010 13:21,09-09-2011 10:47,2099,700,136.5573333,3,0.166666667,3,5,4,Loyal_customers,1.917808219,3928.361644
16028,596,1,82.2,23-04-2010 11:45,23-04-2010 11:45,18,596,82.2,0,0,1,1,1,lost,1.632876712,134.2224658
16029,39,107,122209.14,08-12-2009 11:23,01-11-2011 10:27,56486,732,1142.141495,18,0.144,4,5,5,Champions,2.005479452,245087.9191
16030,310,1,331.24,03-02-2011 11:28,03-02-2011 11:28,283,310,331.24,0,0,2,1,2,lost,0.849315068,281.3271233
16031,92,2,548.94,06-04-2011 14:23,08-09-2011 13:07,423,247,274.47,0,0,3,2,2,Needs_Attention,0.676712329,371.4744658
16032,456,6,1970.45,04-07-2010 13:31,09-09-2010 18:00,1480,523,328.4083333,0,0,1,4,4,At_Risk,1.432876712,2823.411918
16033,6,27,10836.13,11-08-2010 16:44,04-12-2011 12:44,4288,485,401.3381481,9,0.25,5,5,5,Champions,1.328767123,14398.69329
16034,196,6,928.72,26-10-2010 13:00,27-05-2011 16:17,597,409,154.7866667,1,0.142857143,2,4,3,At_Risk,1.120547945,1040.675288
16035,560,1,217.73,28-05-2010 15:09,28-05-2010 15:09,33,560,217.73,0,0,1,1,1,lost,1.534246575,334.0515068
16036,87,4,2556.84,29-03-2010 14:47,13-09-2011 14:53,1369,620,639.21,0,0,3,4,4,Loyal_customers,1.698630137,4343.125479
16037,270,5,1509.34,01-03-2010 12:31,15-03-2011 09:13,766,649,301.868,2,0.285714286,2,4,4,At_Risk,1.778082192,2683.730575
16038,8,3,471.78,22-05-2011 11:29,02-12-2011 12:40,244,202,157.26,1,0.25,5,3,2,Needs_Attention,0.553424658,261.0946849
16039,424,2,456.4,21-03-2010 15:17,12-10-2010 10:44,409,628,228.2,1,0.333333333,1,2,2,lost,1.720547945,785.2580822
16040,65,7,2416.9,09-04-2010 10:12,05-10-2011 13:47,1185,610,345.2714286,1,0.125,3,4,4,Loyal_customers,1.671232877,4039.20274
16041,31,3,3166.4,21-07-2011 16:27,09-11-2011 12:25,1584,141,1055.466667,0,0,4,3,5,Loyal_customers,0.38630137,1223.184658
16042,22,8,2265.12,12-09-2010 12:00,17-11-2011 17:50,1442,454,283.14,3,0.272727273,4,4,4,Champions,1.243835616,2817.436932
16043,38,8,1856.59,15-08-2010 11:26,02-11-2011 12:50,1011,482,232.07375,0,0,4,4,4,Champions,1.320547945,2451.71611
16044,435,1,340.84,30-09-2010 18:12,30-09-2010 18:12,170,435,340.84,0,0,1,1,2,lost,1.191780822,406.2065753
16045,120,8,3434.93,29-07-2010 12:50,12-08-2011 12:41,2108,499,429.36625,1,0.111111111,3,4,5,Loyal_customers,1.367123288,4695.972795
16046,562,1,235.78,26-05-2010 13:18,26-05-2010 13:18,248,562,235.78,0,0,1,1,1,lost,1.539726027,363.0366027
16047,682,1,107.14,26-01-2010 16:34,26-01-2010 16:34,1,682,107.14,0,0,1,1,1,lost,1.868493151,200.1903562
16048,373,4,1075.23,08-06-2010 12:36,01-12-2010 15:28,569,550,268.8075,2,0.333333333,2,4,3,At_Risk,1.506849315,1620.209589
16049,40,6,1899.68,11-07-2010 13:53,30-10-2011 13:19,1165,516,316.6133333,0,0,4,4,4,Champions,1.41369863,2685.575014
16050,174,3,300.7,03-11-2010 15:55,19-06-2011 11:44,388,401,100.2333333,0,0,3,3,2,Needs_Attention,1.098630137,330.3580822
16051,682,1,188.44,27-01-2010 09:38,27-01-2010 09:38,80,682,188.44,0,0,1,1,1,lost,1.868493151,352.0988493
16052,54,1,362.06,16-10-2011 15:13,16-10-2011 15:13,282,54,362.06,0,0,4,1,2,New_customers,0.147945205,53.5650411
16053,33,6,3634.84,08-04-2010 11:11,07-11-2011 11:21,3067,611,605.8066667,2,0.25,4,4,5,Champions,1.673972603,6084.622575
16054,145,4,2111.88,01-04-2010 18:37,17-07-2011 13:08,791,617,527.97,3,0.428571429,3,4,4,Loyal_customers,1.690410959,3569.945096
16055,221,1,134.8,03-05-2011 09:26,03-05-2011 09:26,22,221,134.8,0,0,2,1,1,lost,0.605479452,81.61863014
16056,45,1,664.85,25-10-2011 15:19,25-10-2011 15:19,347,45,664.85,0,0,4,1,3,New_customers,0.123287671,81.96780822
16057,16,10,3854.85,07-01-2010 17:11,23-11-2011 15:23,1691,701,385.485,7,0.411764706,5,5,5,Champions,1.920547945,7403.424247
16058,406,1,62.7,29-10-2010 16:48,29-10-2010 16:48,18,406,62.7,0,0,2,1,1,lost,1.112328767,69.7430137
16059,66,12,3217.77,19-05-2010 13:04,05-10-2011 09:56,1509,569,268.1475,0,0,3,5,5,Loyal_customers,1.55890411,5016.194877
16060,401,3,541.95,02-08-2010 15:26,04-11-2010 12:10,243,494,180.65,0,0,2,3,2,At_Risk,1.353424658,733.4884932
16061,431,1,89.65,04-10-2010 15:29,04-10-2010 15:29,19,431,89.65,2,0.666666667,1,1,1,lost,1.180821918,105.8606849
16062,10,8,2863.45,21-06-2010 13:32,30-11-2011 12:15,2035,536,357.93125,0,0,5,5,4,Champions,1.468493151,4204.956712
16063,260,1,335.32,24-03-2011 14:55,24-03-2011 14:56,262,260,335.32,0,0,2,1,2,lost,0.712328767,238.8580822
16064,725,1,111,14-12-2009 16:11,14-12-2009 16:11,56,725,111,0,0,1,1,1,lost,1.98630137,220.4794521
16065,365,8,2382.62,02-09-2010 13:27,09-12-2010 13:03,1447,463,297.8275,2,0.2,2,5,4,At_Risk,1.268493151,3022.337151
16066,17,5,1521.87,07-08-2011 14:33,23-11-2011 11:54,936,124,304.374,0,0,5,4,4,Champions,0.339726027,517.0188493
16067,563,3,3395.29,02-02-2010 18:01,26-05-2010 12:33,1279,675,1131.763333,3,0.5,1,3,5,At_Risk,1.849315068,6278.960959
16068,594,1,122.93,25-04-2010 11:52,25-04-2010 11:52,52,594,122.93,0,0,1,1,1,lost,1.62739726,200.0559452
16069,418,1,457.7,18-10-2010 10:32,18-10-2010 10:32,138,418,457.7,0,0,1,1,2,lost,1.145205479,524.1605479
16070,22,2,852.15,07-11-2011 16:36,17-11-2011 15:50,457,32,426.075,0,0,4,2,3,New_customers,0.087671233,74.7090411
16071,45,4,1076.8,22-02-2010 14:48,26-10-2011 11:14,697,655,269.2,0,0,4,4,3,Loyal_customers,1.794520548,1932.339726
16072,288,4,4328.89,08-06-2010 16:47,24-02-2011 14:32,1611,549,1082.2225,0,0,2,4,5,At_Risk,1.504109589,6511.124959
16073,297,1,122.4,15-02-2011 15:41,15-02-2011 15:41,48,297,122.4,1,0.5,2,1,1,lost,0.81369863,99.59671233
16074,390,1,265.25,14-11-2010 13:19,14-11-2010 13:19,39,390,265.25,0,0,2,1,1,lost,1.068493151,283.4178082
16075,503,2,736.93,24-05-2010 15:57,25-07-2010 11:31,271,564,368.465,1,0.333333333,1,2,3,Needs_Attention,1.545205479,1138.708274
16076,3,10,2234.73,15-05-2011 12:31,06-12-2011 14:59,1435,209,223.473,1,0.090909091,5,5,4,Champions,0.57260274,1279.612521
16077,626,1,2300.4,24-03-2010 10:42,24-03-2010 10:42,840,626,2300.4,1,0.5,1,1,4,Needs_Attention,1.715068493,3945.343562
16078,284,2,362.99,08-02-2010 13:29,01-03-2011 09:47,200,669,181.495,0,0,2,2,2,lost,1.832876712,665.3159178
16079,17,3,1352,30-10-2011 13:06,23-11-2011 12:48,864,40,450.6666667,0,0,5,3,4,Loyal_customers,0.109589041,148.1643836
16080,82,4,602.56,15-09-2010 14:19,19-09-2011 10:42,298,450,150.64,2,0.333333333,3,4,2,Needs_Attention,1.232876712,742.8821918
16081,56,8,4460.18,03-02-2010 12:46,14-10-2011 13:06,2244,675,557.5225,0,0,4,5,5,Champions,1.849315068,8248.278082
16082,670,1,106.75,07-02-2010 15:16,07-02-2010 15:16,39,670,106.75,0,0,1,1,1,lost,1.835616438,195.9520548
16083,101,4,2351.42,16-11-2010 11:53,31-08-2011 10:47,1514,389,587.855,0,0,3,4,4,Loyal_customers,1.065753425,2506.033918
16084,299,1,436.18,13-02-2011 16:05,13-02-2011 16:05,216,299,436.18,0,0,2,1,2,lost,0.819178082,357.3090959
16085,23,12,2343.53,20-01-2010 14:03,16-11-2011 13:24,1384,688,195.2941667,1,0.076923077,4,5,4,Champions,1.884931507,4417.393534
16086,59,10,2864.99,02-12-2009 13:20,11-10-2011 13:09,1526,737,286.499,1,0.090909091,4,5,4,Champions,2.019178082,5784.925014
16087,389,5,1739.92,19-01-2010 12:30,15-11-2010 16:44,664,690,347.984,0,0,2,4,4,At_Risk,1.890410959,3289.163836
16088,576,2,1437.43,27-04-2010 10:56,13-05-2010 10:16,373,592,718.715,0,0,1,2,4,Needs_Attention,1.621917808,2331.393315
16089,386,2,271.44,18-07-2010 15:51,18-11-2010 13:51,122,509,135.72,0,0,2,2,1,lost,1.394520548,378.5286575
16090,624,1,205.91,25-03-2010 13:05,25-03-2010 13:05,65,624,205.91,0,0,1,1,1,lost,1.709589041,352.0214795
16091,155,2,315.06,25-05-2011 09:18,08-07-2011 08:45,154,199,157.53,0,0,3,2,2,Needs_Attention,0.545205479,171.7724384
16092,115,6,1587.94,09-05-2010 16:10,17-08-2011 10:46,1188,579,264.6566667,4,0.4,3,4,4,Loyal_customers,1.58630137,2518.951397
16093,107,1,17,25-08-2011 11:09,25-08-2011 11:09,20,107,17,0,0,3,1,1,Needs_Attention,0.293150685,4.983561644
16094,12,11,3695.56,16-04-2010 14:00,28-11-2011 12:45,2020,602,335.96,8,0.421052632,5,5,5,Champions,1.649315068,6095.142795
16095,456,1,447.05,09-09-2010 16:54,09-09-2010 16:54,265,456,447.05,0,0,1,1,2,lost,1.249315068,558.5063014
16096,264,4,1584.97,04-03-2010 15:44,20-03-2011 13:38,700,645,396.2425,0,0,2,4,4,At_Risk,1.767123288,2800.837397
16097,240,1,185.05,13-04-2011 13:47,13-04-2011 13:47,87,240,185.05,0,0,2,1,1,lost,0.657534247,121.6767123
16098,88,14,4448.1,15-12-2009 09:40,13-09-2011 09:59,2150,725,317.7214286,0,0,3,5,5,Loyal_customers,1.98630137,8835.267123
16099,50,7,1573.2,03-03-2010 11:13,20-10-2011 13:13,960,647,224.7428571,1,0.125,4,4,4,Champions,1.77260274,2788.65863
16100,463,1,582.64,03-09-2010 11:39,03-09-2010 11:39,438,463,582.64,0,0,1,1,2,lost,1.268493151,739.0748493
16101,71,4,3229.16,27-05-2010 12:50,30-09-2011 10:18,1844,562,807.29,3,0.428571429,3,4,5,Loyal_customers,1.539726027,4972.021699
16102,42,3,1842.14,03-08-2011 12:50,28-10-2011 13:19,942,129,614.0466667,0,0,4,3,4,Loyal_customers,0.353424658,651.0576986
16103,7,22,6191.71,08-01-2010 12:08,02-12-2011 14:16,2639,701,281.4413636,5,0.185185185,5,5,5,Champions,1.920547945,11891.47592
16104,62,9,2778.61,06-12-2009 10:41,09-10-2011 10:23,1048,734,308.7344444,2,0.181818182,3,5,4,Loyal_customers,2.010958904,5587.670521
16105,249,5,2386.19,14-04-2010 13:27,05-04-2011 10:13,2125,604,477.238,0,0,2,4,4,At_Risk,1.654794521,3948.654137
16106,66,1,108.38,05-10-2011 10:37,05-10-2011 10:37,74,66,108.38,0,0,3,1,1,Needs_Attention,0.180821918,19.59747945
16107,18,7,3204.16,09-06-2011 18:42,22-11-2011 09:40,1176,183,457.7371429,0,0,5,4,5,Champions,0.501369863,1606.46926
16108,85,4,2235.92,18-03-2010 14:14,16-09-2011 11:48,1473,631,558.98,4,0.5,3,4,4,Loyal_customers,1.728767123,3865.384986
16109,219,3,939.48,10-01-2010 10:37,05-05-2011 09:17,1092,699,313.16,1,0.25,2,3,3,At_Risk,1.915068493,1799.168548
16110,45,4,1819.27,05-07-2010 13:04,25-10-2011 14:35,902,522,454.8175,0,0,4,4,4,Champions,1.430136986,2601.805315
16111,428,1,562.48,07-10-2010 19:51,07-10-2010 19:51,236,428,562.48,0,0,1,1,2,lost,1.17260274,659.565589
16112,143,4,195.74,05-01-2011 11:47,19-07-2011 14:28,574,339,48.935,0,0,3,4,1,Needs_Attention,0.928767123,181.7968767
16113,183,1,161.38,09-06-2011 16:16,09-06-2011 16:16,176,183,161.38,0,0,3,1,1,Needs_Attention,0.501369863,80.91106849
16114,171,1,135.75,22-06-2011 10:13,22-06-2011 10:13,43,171,135.75,0,0,3,1,1,Needs_Attention,0.468493151,63.59794521
16115,10,12,2575.14,14-05-2010 11:59,30-11-2011 11:32,1601,575,214.595,0,0,5,5,4,Champions,1.575342466,4056.727397
16116,212,1,612.78,12-05-2011 12:01,12-05-2011 12:01,248,212,612.78,1,0.5,2,1,2,lost,0.580821918,355.9160548
16117,190,3,654.4,27-04-2010 11:50,03-06-2011 11:42,321,592,218.1333333,1,0.25,2,3,3,At_Risk,1.621917808,1061.383014
16118,653,1,4376.25,25-02-2010 09:40,25-02-2010 09:40,2851,653,4376.25,4,0.8,1,1,5,Needs_Attention,1.789041096,7829.291096
16119,8,8,1720.81,16-12-2009 11:56,01-12-2011 15:11,811,724,215.10125,0,0,5,5,4,Champions,1.983561644,3413.332712
16120,59,6,3056.91,13-10-2010 15:07,11-10-2011 14:22,2205,422,509.485,1,0.142857143,4,4,5,Champions,1.156164384,3534.290466
16121,57,5,1477.09,23-05-2010 10:52,13-10-2011 12:59,897,566,295.418,1,0.166666667,4,4,4,Champions,1.550684932,2290.501205
16122,73,6,1001.34,10-10-2010 15:26,27-09-2011 15:34,1398,425,166.89,0,0,3,4,3,Loyal_customers,1.164383562,1165.943836
16123,52,1,307.78,19-10-2011 09:18,19-10-2011 09:18,170,52,307.78,0,0,4,1,2,New_customers,0.142465753,43.84810959
16124,317,4,1772.49,07-12-2009 10:33,26-01-2011 14:45,797,733,443.1225,2,0.333333333,2,4,4,At_Risk,2.008219178,3559.548411
16125,367,14,4587.65,14-12-2009 15:38,07-12-2010 15:48,1944,725,327.6892857,0,0,2,5,5,At_Risk,1.98630137,9112.455479
16126,29,15,14646.8,02-12-2009 13:34,10-11-2011 16:03,6142,737,976.4533333,0,0,4,5,5,Champions,2.019178082,29574.49753
16127,39,2,801.31,13-12-2009 12:19,31-10-2011 13:58,391,727,400.655,0,0,4,2,3,New_customers,1.991780822,1596.03389
16128,18,11,3801.05,16-07-2010 16:30,22-11-2011 11:14,2445,511,345.55,3,0.214285714,5,5,5,Champions,1.4,5321.47
16129,407,3,1396.05,20-07-2010 12:32,28-10-2010 14:29,1261,508,465.35,0,0,2,3,4,At_Risk,1.391780822,1942.995616
16130,422,4,987.48,01-04-2010 13:58,13-10-2010 15:14,296,617,246.87,0,0,1,4,3,At_Risk,1.690410959,1669.247014
16131,52,12,9957.42,02-12-2009 10:09,19-10-2011 11:53,4768,738,829.785,3,0.2,4,5,5,Champions,2.021917808,20133.08482
16132,544,2,664.2,22-03-2010 10:25,13-06-2010 13:49,280,628,332.1,0,0,1,2,3,Needs_Attention,1.720547945,1142.787945
16133,4,56,22992.26,31-03-2010 12:21,06-12-2011 11:24,13653,619,410.5760714,22,0.282051282,5,5,5,Champions,1.695890411,38992.35326
16134,22,5,2145.34,17-06-2010 09:48,18-11-2011 10:05,1637,541,429.068,2,0.285714286,4,4,4,Champions,1.482191781,3179.805315
16135,263,2,819.45,05-05-2010 09:35,22-03-2011 12:30,395,584,409.725,0,0,2,2,3,Needs_Attention,1.6,1311.12
16136,60,4,946.8,14-02-2010 12:49,11-10-2011 09:10,674,664,236.7,1,0.2,3,4,3,Loyal_customers,1.819178082,1722.397808
16137,680,1,422.7,28-01-2010 15:04,28-01-2010 15:04,210,680,422.7,0,0,1,1,2,lost,1.863013699,787.4958904
16138,379,3,910.35,28-04-2010 09:51,26-11-2010 12:13,774,591,303.45,1,0.25,2,3,3,At_Risk,1.619178082,1474.018767
16139,19,5,1111.15,03-12-2009 13:51,21-11-2011 08:37,602,736,222.23,0,0,5,4,3,Loyal_customers,2.016438356,2240.565479
16140,66,3,1557.6,24-09-2010 12:03,05-10-2011 12:15,1376,442,519.2,2,0.4,3,3,4,Loyal_customers,1.210958904,1886.189589
16141,88,2,955.94,18-10-2010 14:12,12-09-2011 13:11,410,417,477.97,0,0,3,2,3,Needs_Attention,1.142465753,1092.128712
16142,250,1,535.34,04-04-2011 10:16,04-04-2011 10:16,422,250,535.34,0,0,2,1,2,lost,0.684931507,366.6712329
16143,3,12,4910.83,10-12-2009 09:44,06-12-2011 14:13,2011,730,409.2358333,4,0.25,5,5,5,Champions,2,9821.66
16144,247,1,175.2,07-04-2011 10:09,07-04-2011 10:09,16,247,175.2,0,0,2,1,1,lost,0.676712329,118.56
16145,9,19,6805.44,04-05-2010 13:31,01-12-2011 10:33,5270,584,358.1810526,10,0.344827586,5,5,5,Champions,1.6,10888.704
16146,157,4,946.38,17-09-2010 10:46,05-07-2011 14:20,544,449,236.595,0,0,3,4,3,Loyal_customers,1.230136986,1164.177041
16147,134,5,2398.91,05-02-2010 12:26,29-07-2011 09:57,1395,673,479.782,2,0.285714286,3,4,4,Loyal_customers,1.843835616,4423.195699
16148,296,2,386.62,29-09-2010 10:12,16-02-2011 14:01,250,437,193.31,2,0.5,2,2,2,lost,1.197260274,462.8847671
16149,5,3,422.22,06-10-2010 15:54,05-12-2011 11:29,598,429,140.74,0,0,5,3,2,Needs_Attention,1.175342466,496.2530959
16150,43,10,4395.59,17-12-2009 15:33,28-10-2011 12:39,2164,722,439.559,10,0.5,4,5,5,Champions,1.978082192,8694.838301
16152,269,1,1829.04,16-03-2011 09:47,16-03-2011 09:47,642,269,1829.04,0,0,2,1,4,Needs_Attention,0.736986301,1347.977425
16153,50,11,5133.49,26-05-2010 12:41,21-10-2011 10:50,3693,563,466.6809091,2,0.153846154,4,5,5,Champions,1.542465753,7918.232521
16155,382,5,796.9,18-06-2010 11:23,23-11-2010 12:03,495,540,159.38,1,0.166666667,2,4,3,At_Risk,1.479452055,1178.975342
16156,9,20,6218.18,02-12-2009 17:06,01-12-2011 12:42,3240,737,310.909,6,0.230769231,5,5,5,Champions,2.019178082,12555.61277
16157,16,3,656.69,28-09-2011 11:48,24-11-2011 11:41,347,73,218.8966667,1,0.25,5,3,3,Loyal_customers,0.2,131.338
16158,522,9,628.32,05-12-2009 15:00,05-07-2010 13:55,182,734,69.81333333,1,0.1,1,5,3,At_Risk,2.010958904,1263.525699
16159,282,4,1232.79,03-12-2009 11:51,03-03-2011 12:27,635,737,308.1975,1,0.2,2,4,3,At_Risk,2.019178082,2489.222548
16160,65,2,1025.44,15-09-2011 10:53,05-10-2011 14:19,1162,86,512.72,2,0.5,3,2,3,Needs_Attention,0.235616438,241.6105205
16161,2,43,12831.8,08-02-2010 11:06,08-12-2011 12:10,6380,670,298.4139535,14,0.245614035,5,5,5,Champions,1.835616438,23554.26301
16162,252,1,37.4,01-04-2011 15:03,01-04-2011 15:03,4,252,37.4,0,0,2,1,1,lost,0.690410959,25.82136986
16163,232,6,2849.58,02-12-2009 10:00,21-04-2011 15:15,768,738,474.93,8,0.571428571,2,4,4,At_Risk,2.021917808,5761.616548
16164,17,3,822.48,28-10-2011 09:12,22-11-2011 15:04,433,43,274.16,1,0.25,5,3,3,Loyal_customers,0.117808219,96.89490411
16165,505,1,79.9,22-07-2010 14:17,22-07-2010 14:17,2,505,79.9,0,0,1,1,1,lost,1.383561644,110.5465753
16166,428,2,435.83,17-01-2010 14:16,07-10-2010 15:44,173,691,217.915,2,0.5,1,2,2,lost,1.893150685,825.091863
16167,414,5,1386.12,01-12-2009 10:46,21-10-2010 15:33,1494,739,277.224,1,0.166666667,1,4,4,At_Risk,2.024657534,2806.418301
16168,11,66,10636.47,03-12-2009 12:38,29-11-2011 12:45,5099,737,161.1586364,7,0.095890411,5,5,5,Champions,2.019178082,21476.9271
16169,8,4,1822.97,25-09-2011 11:33,01-12-2011 15:28,1325,76,455.7425,0,0,5,4,4,Champions,0.208219178,379.5773151
16170,51,20,6869,18-02-2010 13:50,20-10-2011 08:21,6056,659,343.45,5,0.2,4,5,5,Champions,1.805479452,12401.83836
16171,59,1,73.2,11-10-2011 14:51,11-10-2011 14:51,24,59,73.2,0,0,4,1,1,New_customers,0.161643836,11.83232877
16172,95,8,1884.55,14-07-2010 15:34,05-09-2011 13:22,1419,513,235.56875,0,0,3,5,4,Loyal_customers,1.405479452,2648.696301
16173,16,6,1418.32,02-09-2011 15:23,24-11-2011 10:53,575,98,236.3866667,1,0.142857143,5,4,4,Champions,0.268493151,380.8092055
16174,126,7,2246.75,15-04-2010 15:12,05-08-2011 13:26,1431,603,320.9642857,0,0,3,4,4,Loyal_customers,1.652054795,3711.75411
16175,94,7,1836.44,25-05-2010 12:01,06-09-2011 14:32,932,564,262.3485714,0,0,3,4,4,Loyal_customers,1.545205479,2837.677151
16176,421,4,2052.69,29-03-2010 14:52,14-10-2010 13:54,952,620,513.1725,3,0.428571429,1,4,4,At_Risk,1.698630137,3486.761096
16177,50,8,2247.31,02-03-2010 14:03,20-10-2011 12:57,1021,647,280.91375,4,0.333333333,4,5,4,Champions,1.77260274,3983.587863
16178,138,2,612.6,03-11-2010 14:46,24-07-2011 16:05,304,401,306.3,0,0,3,2,2,Needs_Attention,1.098630137,673.0208219
16179,61,1,215.83,10-10-2011 09:41,10-10-2011 09:41,99,61,215.83,0,0,3,1,1,Needs_Attention,0.167123288,36.07021918
16180,100,13,16249.87,23-06-2010 13:19,31-08-2011 16:28,9813,534,1249.99,3,0.1875,3,5,5,Loyal_customers,1.463013699,23773.78241
16181,73,1,305.54,27-09-2011 13:38,27-09-2011 13:38,152,73,305.54,0,0,3,1,2,Needs_Attention,0.2,61.108
16182,72,9,9971.65,09-03-2010 09:34,28-09-2011 13:23,5887,641,1107.961111,0,0,3,5,5,Loyal_customers,1.756164384,17511.85658
16183,67,4,1077.81,28-10-2010 14:43,03-10-2011 14:59,351,407,269.4525,0,0,3,4,3,Loyal_customers,1.115068493,1201.831973
16184,64,6,1158.79,12-05-2011 13:33,06-10-2011 17:43,561,211,193.1316667,1,0.142857143,3,4,3,Loyal_customers,0.578082192,669.875863
16185,17,3,644.72,24-05-2010 11:04,23-11-2011 09:41,321,565,214.9066667,0,0,5,3,3,Loyal_customers,1.547945205,997.9912329
16186,23,26,9026.11,09-12-2009 15:36,17-11-2011 12:43,6825,730,347.1580769,4,0.133333333,4,5,5,Champions,2,18052.22
16187,32,15,6911.44,28-02-2011 13:34,08-11-2011 09:50,5048,284,460.7626667,2,0.117647059,4,5,5,Champions,0.778082192,5377.668384
16188,45,5,1087.66,27-10-2010 11:50,26-10-2011 12:19,838,409,217.532,1,0.166666667,4,4,3,Loyal_customers,1.120547945,1218.775178
16189,16,2,215.48,15-09-2011 15:21,24-11-2011 11:47,134,85,107.74,0,0,5,2,1,New_customers,0.232876712,50.18027397
16190,40,8,2723.55,14-12-2009 11:59,30-10-2011 15:59,1231,726,340.44375,0,0,4,5,4,Champions,1.989041096,5417.252877
16191,3,24,15688.02,11-12-2009 12:24,07-12-2011 11:26,9360,729,653.6675,16,0.4,5,5,5,Champions,1.997260274,31333.05912
16192,736,1,351.3,04-12-2009 12:28,04-12-2009 12:28,208,736,351.3,0,0,1,1,2,lost,2.016438356,708.3747945
16193,237,2,630.43,25-10-2010 10:25,17-04-2011 11:45,379,411,315.215,0,0,2,2,3,Needs_Attention,1.126027397,709.8814521
16194,375,1,308.6,29-11-2010 13:28,29-11-2010 13:28,140,375,308.6,0,0,2,1,2,lost,1.02739726,317.0547945
16195,723,1,323.25,16-12-2009 14:09,16-12-2009 14:09,123,723,323.25,0,0,1,1,2,lost,1.980821918,640.3006849
16196,489,1,93.3,08-08-2010 11:40,08-08-2010 11:40,26,489,93.3,0,0,1,1,1,lost,1.339726027,124.9964384
16197,469,9,2016.71,16-12-2009 11:44,27-08-2010 12:56,1420,724,224.0788889,0,0,1,5,4,At_Risk,1.983561644,4000.268603
16198,75,2,1030.041,28-09-2010 13:59,25-09-2011 14:58,384,437,515.0205,0,0,3,2,3,Needs_Attention,1.197260274,1233.22717
16199,392,7,942.75,18-03-2010 18:47,12-11-2010 12:55,321,631,134.6785714,0,0,2,4,3,At_Risk,1.728767123,1629.795205
16200,4,12,5643.45,02-12-2009 15:04,05-12-2011 14:40,3089,737,470.2875,1,0.076923077,5,5,5,Champions,2.019178082,11395.13055
16201,3,5,2112.12,20-10-2010 12:00,06-12-2011 16:02,1421,416,422.424,1,0.166666667,5,4,4,Champions,1.139726027,2407.238137
16202,361,9,2501.99,02-12-2009 10:48,14-12-2010 10:43,1307,738,277.9988889,2,0.181818182,2,5,4,At_Risk,2.021917808,5058.818137
16203,59,6,1114.54,23-07-2010 13:09,12-10-2011 12:31,607,504,185.7566667,1,0.142857143,4,4,3,Loyal_customers,1.380821918,1538.98126
16204,23,3,944.24,08-12-2009 17:44,16-11-2011 13:40,686,731,314.7466667,1,0.25,4,3,3,Loyal_customers,2.002739726,1891.066959
16205,31,7,1830.61,15-06-2010 11:58,09-11-2011 09:32,1455,543,261.5157143,0,0,4,4,4,Champions,1.487671233,2723.345836
16206,55,13,2602.32,24-01-2010 15:25,16-10-2011 10:41,1384,684,200.1784615,1,0.071428571,4,5,4,Champions,1.873972603,4876.676384
16207,25,1,394.38,14-11-2011 13:51,14-11-2011 13:51,140,25,394.38,0,0,4,1,2,New_customers,0.068493151,27.01232877
16208,45,10,3440.45,24-02-2010 14:24,26-10-2011 11:36,1541,653,344.045,0,0,4,5,5,Champions,1.789041096,6155.106438
16209,89,9,4146.78,11-06-2010 11:58,12-09-2011 11:58,1895,547,460.7533333,0,0,3,5,5,Loyal_customers,1.498630137,6214.489479
16210,2,35,38489.51,02-12-2009 12:54,08-12-2011 12:36,14263,737,1099.700286,2,0.054054054,5,5,5,Champions,2.019178082,77717.17499
16211,89,3,1090.59,27-09-2010 15:24,12-09-2011 12:11,519,438,363.53,1,0.25,3,3,3,Loyal_customers,1.2,1308.708
16212,19,4,1293.71,07-02-2010 15:26,20-11-2011 13:00,571,670,323.4275,1,0.2,5,4,4,Champions,1.835616438,2374.755342
16213,79,1,159,22-09-2011 10:03,22-09-2011 10:03,48,79,159,0,0,3,1,1,Needs_Attention,0.216438356,34.41369863
16214,171,4,2038.25,30-09-2010 13:57,22-06-2011 11:30,1308,435,509.5625,0,0,3,4,4,Loyal_customers,1.191780822,2429.14726
16215,81,1,242.35,20-09-2011 10:18,20-09-2011 10:18,104,81,242.35,0,0,3,1,1,Needs_Attention,0.221917808,53.78178082
16216,267,1,914.93,17-03-2011 15:34,17-03-2011 15:34,254,267,914.93,0,0,2,1,3,Needs_Attention,0.731506849,669.2775616
16217,235,2,304.25,02-03-2011 15:28,18-04-2011 13:31,91,282,152.125,2,0.5,2,2,2,lost,0.77260274,235.0643836
16218,30,13,4439.97,27-05-2010 16:09,10-11-2011 09:59,3237,561,341.5361538,6,0.315789474,4,5,5,Champions,1.536986301,6824.173068
16219,501,1,40.8,27-07-2010 11:44,27-07-2010 11:44,48,501,40.8,0,0,1,1,1,lost,1.37260274,56.00219178
16221,37,9,2235.51,10-08-2010 13:32,03-11-2011 11:43,1515,486,248.39,1,0.1,4,5,4,Champions,1.331506849,2976.596877
16222,318,2,1345.22,18-12-2009 14:31,25-01-2011 13:38,503,721,672.61,0,0,2,2,4,Needs_Attention,1.975342466,2657.270192
16223,375,2,1102.35,09-11-2010 12:07,30-11-2010 11:50,651,396,551.175,0,0,2,2,3,Needs_Attention,1.084931507,1195.974247
16224,57,5,1616.54,17-11-2010 13:14,13-10-2011 17:51,1555,387,323.308,0,0,4,4,4,Champions,1.060273973,1713.975288
16225,45,15,2867.41,07-02-2010 12:41,26-10-2011 08:30,1285,671,191.1606667,3,0.166666667,4,5,4,Champions,1.838356164,5271.320849
16226,203,5,672.17,22-10-2010 11:19,20-05-2011 14:41,521,414,134.434,0,0,2,4,3,At_Risk,1.134246575,762.4065205
16227,225,3,1027.22,22-06-2010 13:28,28-04-2011 13:33,436,535,342.4066667,3,0.5,2,3,3,At_Risk,1.465753425,1505.651233
16228,385,3,890.81,04-11-2010 18:54,19-11-2010 14:20,561,400,296.9366667,1,0.25,2,3,3,At_Risk,1.095890411,976.230137
16229,87,6,2867.86,24-05-2010 12:59,13-09-2011 17:16,1292,564,477.9766667,1,0.142857143,3,4,4,Loyal_customers,1.545205479,4431.432986
16230,190,2,542.03,03-05-2011 15:12,03-06-2011 10:06,365,220,271.015,0,0,2,2,2,lost,0.602739726,326.7030137
16231,379,4,1078.22,21-04-2010 12:06,25-11-2010 15:00,564,598,269.555,0,0,2,4,3,At_Risk,1.638356164,1766.508384
16232,44,7,2712.97,07-06-2010 14:04,27-10-2011 12:16,1849,550,387.5671429,3,0.3,4,4,4,Champions,1.506849315,4088.036986
16233,71,9,1965.71,02-12-2009 13:23,29-09-2011 17:27,689,737,218.4122222,3,0.25,3,5,4,Loyal_customers,2.019178082,3969.118548
16234,476,3,333.18,27-05-2010 10:39,20-08-2010 14:33,170,562,111.06,1,0.25,1,3,2,At_Risk,1.539726027,513.0059178
16235,41,9,2053.71,26-08-2010 12:10,30-10-2011 10:56,788,471,228.19,2,0.181818182,4,5,4,Champions,1.290410959,2650.12989
16236,78,1,432.2,22-09-2011 14:10,22-09-2011 14:10,184,78,432.2,0,0,3,1,2,Needs_Attention,0.21369863,92.36054795
16237,437,1,136.65,28-09-2010 17:02,28-09-2010 17:02,57,437,136.65,0,0,1,1,1,lost,1.197260274,163.6056164
16238,423,1,63.66,13-10-2010 12:36,13-10-2010 12:36,85,423,63.66,0,0,1,1,1,lost,1.15890411,73.77583562
16239,57,6,1492.2,02-09-2010 19:17,14-10-2011 08:29,692,463,248.7,1,0.142857143,4,4,4,Champions,1.268493151,1892.845479
16240,24,2,3718.8,23-09-2011 13:44,15-11-2011 14:30,1641,77,1859.4,3,0.6,4,2,5,New_customers,0.210958904,784.5139726
16241,10,16,4329.31,25-10-2010 13:40,30-11-2011 11:08,2377,410,270.581875,0,0,5,5,5,Champions,1.123287671,4863.060548
16242,8,14,7474.4,15-03-2010 16:02,01-12-2011 15:12,3955,634,533.8857143,4,0.222222222,5,5,5,Champions,1.736986301,12982.93041
16243,34,2,409.1,16-10-2011 12:09,06-11-2011 12:32,110,55,204.55,0,0,4,2,2,New_customers,0.150684932,61.64520548
16244,212,2,2579.38,02-12-2010 11:41,12-05-2011 10:18,1474,373,1289.69,0,0,2,2,4,Needs_Attention,1.021917808,2635.914356
16245,24,3,1413.66,28-03-2011 09:30,16-11-2011 10:14,1014,257,471.22,2,0.4,4,3,4,Loyal_customers,0.704109589,995.3715616
16246,460,2,827.25,08-02-2010 12:32,06-09-2010 12:04,338,670,413.625,0,0,1,2,3,Needs_Attention,1.835616438,1518.513699
16247,170,1,114.56,22-06-2011 14:23,22-06-2011 14:23,182,170,114.56,0,0,3,1,1,Needs_Attention,0.465753425,53.35671233
16248,62,1,152.94,09-10-2011 11:32,09-10-2011 11:32,78,62,152.94,0,0,3,1,1,Needs_Attention,0.169863014,25.97884932
16249,53,5,1800.07,14-04-2011 13:50,18-10-2011 10:07,950,239,360.014,0,0,4,4,4,Champions,0.654794521,1178.675973
16250,261,3,791.38,18-11-2010 10:43,23-03-2011 15:07,376,387,263.7933333,0,0,2,3,3,At_Risk,1.060273973,839.0796164
16251,512,1,128.31,15-07-2010 14:55,15-07-2010 14:55,44,512,128.31,0,0,1,1,1,lost,1.402739726,179.9855342
16252,383,1,295.09,22-11-2010 11:57,22-11-2010 11:57,158,383,295.09,1,0.5,2,1,2,lost,1.049315068,309.6423836
16253,67,7,7310.15,08-12-2009 17:24,04-10-2011 09:09,6061,731,1044.307143,2,0.222222222,3,4,5,Loyal_customers,2.002739726,14640.32781
16254,378,3,985.14,17-03-2010 15:43,26-11-2010 13:22,549,632,328.38,0,0,2,3,3,At_Risk,1.731506849,1705.776658
16255,17,15,4906.8,24-01-2010 12:21,23-11-2011 12:40,3050,685,327.12,4,0.210526316,5,5,5,Champions,1.876712329,9208.652055
16256,267,3,1629.37,21-04-2010 10:34,18-03-2011 12:18,1590,598,543.1233333,1,0.25,2,3,4,At_Risk,1.638356164,2669.488384
16257,177,1,46.95,16-06-2011 10:11,16-06-2011 10:11,2,177,46.95,0,0,3,1,1,Needs_Attention,0.484931507,22.76753425
16258,45,15,11942.52,10-03-2010 14:19,25-10-2011 13:30,7200,639,796.168,1,0.0625,4,5,5,Champions,1.750684932,20907.58981
16259,410,3,361.94,13-04-2010 16:57,25-10-2010 14:27,162,605,120.6466667,0,0,2,3,2,At_Risk,1.657534247,599.9279452
16260,51,1,1035.45,20-10-2011 09:40,20-10-2011 09:40,311,51,1035.45,0,0,4,1,3,New_customers,0.139726027,144.6793151
16261,17,6,1059.45,23-09-2010 16:40,22-11-2011 17:23,459,442,176.575,0,0,5,4,3,Loyal_customers,1.210958904,1282.950411
16262,378,1,755.15,26-11-2010 13:22,26-11-2010 13:22,446,378,755.15,2,0.666666667,2,1,3,Needs_Attention,1.035616438,782.0457534
16263,423,1,351.01,12-10-2010 14:52,12-10-2010 14:52,200,423,351.01,0,0,1,1,2,lost,1.15890411,406.7869315
16264,438,2,837.53,19-09-2010 16:14,27-09-2010 15:00,632,446,418.765,0,0,1,2,3,Needs_Attention,1.221917808,1023.392822
16265,9,12,6935.17,28-10-2010 15:18,30-11-2011 16:41,3214,407,577.9308333,3,0.2,5,5,5,Champions,1.115068493,7733.189562
16266,74,14,1757.95,04-02-2010 16:21,27-09-2011 12:08,791,673,125.5678571,0,0,3,5,4,Loyal_customers,1.843835616,3241.370822
16267,591,1,186.66,27-04-2010 14:10,27-04-2010 14:10,198,591,186.66,0,0,1,1,1,lost,1.619178082,302.2357808
16268,71,2,667.65,29-09-2011 18:30,29-09-2011 18:30,533,71,333.825,0,0,3,2,3,Needs_Attention,0.194520548,129.8716438
16269,438,1,717.57,28-09-2010 11:50,28-09-2010 11:50,579,438,717.57,1,0.5,1,1,3,Needs_Attention,1.2,861.084
16270,353,1,1141.24,21-12-2010 14:26,21-12-2010 14:26,688,353,1141.24,0,0,2,1,3,Needs_Attention,0.967123288,1103.719781
16271,3,10,3463.02,07-03-2010 12:03,07-12-2011 12:45,2399,643,346.302,1,0.090909091,5,5,5,Champions,1.761643836,6100.607836
16272,117,1,411.7,15-08-2011 10:53,15-08-2011 10:54,224,117,411.7,0,0,3,1,2,Needs_Attention,0.320547945,131.969589
16273,648,2,336.04,21-02-2010 16:02,01-03-2010 13:24,46,656,168.02,0,0,1,2,2,lost,1.797260274,603.9513425
16274,373,1,715.9,01-12-2010 15:35,01-12-2010 15:35,310,373,715.9,0,0,2,1,3,Needs_Attention,1.021917808,731.5909589
16275,197,3,2151.11,08-03-2010 14:41,27-05-2011 12:41,1268,641,717.0366667,0,0,2,3,4,At_Risk,1.756164384,3777.702767
16276,177,3,2629.39,11-04-2010 12:02,16-06-2011 09:34,1467,608,876.4633333,0,0,3,3,4,Loyal_customers,1.665753425,4379.915397
16277,734,1,188.69,06-12-2009 11:27,06-12-2009 11:27,33,734,188.69,0,0,1,1,1,lost,2.010958904,379.4478356
16278,100,3,1117.84,28-07-2010 15:40,31-08-2011 17:12,342,499,372.6133333,4,0.571428571,3,3,3,Loyal_customers,1.367123288,1528.225096
16279,21,9,5705.08,22-04-2010 14:09,18-11-2011 15:00,3691,596,633.8977778,1,0.1,4,5,5,Champions,1.632876712,9315.692274
16280,725,1,238.05,14-12-2009 15:49,14-12-2009 15:49,101,725,238.05,0,0,1,1,1,lost,1.98630137,472.8390411
16281,72,3,3424.02,26-01-2010 13:41,28-09-2011 14:57,1570,682,1141.34,1,0.25,3,3,5,Loyal_customers,1.868493151,6397.757918
16282,340,3,1307.58,21-12-2009 11:52,04-01-2011 11:42,790,719,435.86,0,0,2,3,4,At_Risk,1.969863014,2575.753479
16283,6,8,4403.82,28-02-2010 14:12,04-12-2011 12:08,2889,649,550.4775,4,0.333333333,5,5,5,Champions,1.778082192,7830.353918
16284,31,3,1029.77,11-11-2010 13:27,08-11-2011 16:12,683,393,343.2566667,0,0,4,3,3,Loyal_customers,1.076712329,1108.766055
16285,646,1,176.9,03-03-2010 16:03,03-03-2010 16:03,60,646,176.9,0,0,1,1,1,lost,1.769863014,313.0887671
16286,477,2,328.95,26-03-2010 09:58,19-08-2010 14:48,101,624,164.475,2,0.5,1,2,2,lost,1.709589041,562.3693151
16287,170,5,1006.98,19-01-2010 09:46,23-06-2011 09:08,1426,690,201.396,0,0,3,4,3,Loyal_customers,1.890410959,1903.606027
16288,470,1,129.85,26-08-2010 14:45,26-08-2010 14:45,19,470,129.85,0,0,1,1,1,lost,1.287671233,167.2041096
16289,462,1,136.31,03-09-2010 14:02,03-09-2010 14:02,97,462,136.31,1,0.5,1,1,1,lost,1.265753425,172.5348493
16290,465,4,2069.3,23-05-2010 11:46,01-09-2010 11:52,1001,566,517.325,0,0,1,4,4,At_Risk,1.550684932,3208.832329
16291,682,1,117.72,26-01-2010 16:26,26-01-2010 16:26,1,682,117.72,0,0,1,1,1,lost,1.868493151,219.9590137
16292,122,5,1253.76,14-04-2010 13:29,10-08-2011 12:24,688,604,250.752,4,0.444444444,3,4,4,Loyal_customers,1.654794521,2074.715178
16293,22,15,4657.95,11-12-2009 09:58,18-11-2011 09:58,2022,729,310.53,4,0.210526316,4,5,5,Champions,1.997260274,9303.138493
16294,477,1,126.05,20-08-2010 12:01,20-08-2010 12:01,54,477,126.05,0,0,1,1,1,lost,1.306849315,164.7283562
16295,10,4,1328.55,06-10-2011 10:45,30-11-2011 08:17,841,65,332.1375,0,0,5,4,4,Champions,0.178082192,236.5910959
16296,626,4,1313.67,18-12-2009 12:03,23-03-2010 13:11,645,722,328.4175,2,0.333333333,1,4,4,At_Risk,1.978082192,2598.547233
16297,269,1,301.9,16-03-2011 08:29,16-03-2011 08:29,206,269,301.9,3,0.75,2,1,2,lost,0.736986301,222.4961644
16298,23,7,1085.7,23-09-2010 15:23,17-11-2011 11:59,308,442,155.1,2,0.222222222,4,4,3,Loyal_customers,1.210958904,1314.738082
16299,477,1,193.65,19-08-2010 17:46,19-08-2010 17:46,107,477,193.65,1,0.5,1,1,1,lost,1.306849315,253.0713699
16300,430,3,1392.43,02-02-2010 11:40,05-10-2010 13:14,658,676,464.1433333,0,0,1,3,4,At_Risk,1.852054795,2578.856658
16301,737,1,107.33,03-12-2009 10:20,03-12-2009 10:20,41,737,107.33,0,0,1,1,1,lost,2.019178082,216.7183836
16302,127,1,233.22,05-08-2011 09:44,05-08-2011 09:44,158,127,233.22,1,0.5,3,1,1,Needs_Attention,0.347945205,81.14778082
16303,26,7,7928.27,18-03-2010 14:12,14-11-2011 10:49,3859,631,1132.61,2,0.222222222,4,4,5,Champions,1.728767123,13706.13252
16304,695,1,381.66,14-01-2010 08:30,14-01-2010 08:30,228,695,381.66,0,0,1,1,2,lost,1.904109589,726.7224658
16305,139,1,361.22,24-07-2011 12:18,24-07-2011 12:18,256,139,361.22,0,0,3,1,2,Needs_Attention,0.380821918,137.5604932
16306,214,7,1192.82,01-10-2010 09:36,10-05-2011 12:12,742,435,170.4028571,3,0.3,2,4,3,At_Risk,1.191780822,1421.58
16307,429,3,1194.92,11-05-2010 14:40,06-10-2010 14:31,1123,577,398.3066667,0,0,1,3,3,At_Risk,1.580821918,1888.955726
16308,38,7,5120,15-12-2009 15:48,02-11-2011 11:24,16000,724,731.4285714,0,0,4,4,5,Champions,1.983561644,10155.83562
16309,106,2,706.57,13-04-2011 11:46,25-08-2011 15:35,467,241,353.285,1,0.333333333,3,2,3,Needs_Attention,0.660273973,466.5297808
16310,414,2,460.08,07-03-2010 15:41,21-10-2010 14:47,270,642,230.04,0,0,1,2,2,lost,1.75890411,809.2366027
16311,18,2,616.26,21-10-2011 13:13,22-11-2011 08:54,394,49,308.13,0,0,5,2,2,New_customers,0.134246575,82.73079452
16312,432,1,171.15,03-10-2010 14:15,03-10-2010 14:15,53,432,171.15,0,0,1,1,1,lost,1.183561644,202.5665753
16313,3,2,274.15,21-10-2011 09:04,06-12-2011 13:02,165,50,137.075,0,0,5,2,1,New_customers,0.136986301,37.55479452
16314,390,3,1491.4,24-08-2010 11:52,15-11-2010 12:06,636,473,497.1333333,0,0,2,3,4,At_Risk,1.295890411,1932.690959
16315,331,2,402.71,21-06-2010 13:53,13-01-2011 11:57,143,536,201.355,0,0,2,2,2,lost,1.468493151,591.3768767
16316,64,13,5744.91,03-08-2010 14:38,06-10-2011 13:48,3057,493,441.9161538,6,0.315789474,3,5,5,Loyal_customers,1.350684932,7759.56337
16317,120,5,2192.51,04-05-2010 10:17,12-08-2011 12:46,1236,585,438.502,1,0.166666667,3,4,4,Loyal_customers,1.602739726,3514.022877
16318,35,1,328.15,04-11-2011 13:05,04-11-2011 13:05,199,35,328.15,0,0,4,1,2,New_customers,0.095890411,31.46643836
16319,218,1,404.4,06-05-2011 11:27,06-05-2011 11:27,72,218,404.4,0,0,2,1,2,lost,0.597260274,241.5320548
16320,172,6,5628.99,27-01-2010 13:29,20-06-2011 15:25,3319,681,938.165,2,0.25,3,4,5,Loyal_customers,1.865753425,10502.30737
16321,72,7,604.55,01-12-2009 10:36,28-09-2011 14:55,259,739,86.36428571,3,0.3,3,4,2,Needs_Attention,2.024657534,1224.006712
16322,1,2,326.75,03-11-2011 14:33,08-12-2011 15:41,231,36,163.375,0,0,5,2,2,New_customers,0.098630137,32.22739726
16323,196,2,353.66,11-05-2010 09:48,27-05-2011 14:48,146,578,176.83,0,0,2,2,2,lost,1.583561644,560.042411
16324,128,3,428.68,15-06-2011 14:26,03-08-2011 12:58,282,177,142.8933333,0,0,3,3,2,Needs_Attention,0.484931507,207.8804384
16325,47,12,3597.5,04-12-2009 13:21,24-10-2011 08:48,2464,735,299.7916667,5,0.294117647,4,5,5,Champions,2.01369863,7244.280822
16326,6,24,4826.99,28-01-2010 13:23,04-12-2011 10:11,1120,680,201.1245833,2,0.076923077,5,5,5,Champions,1.863013699,8992.748493
16327,14,16,10731.34,14-12-2009 13:06,25-11-2011 13:23,8540,725,670.70875,4,0.2,5,5,5,Champions,1.98630137,21315.67534
16328,563,1,310.83,25-05-2010 14:02,25-05-2010 14:02,141,563,310.83,0,0,1,1,2,lost,1.542465753,479.4446301
16329,428,4,1703.07,01-12-2009 11:34,08-10-2010 12:44,826,739,425.7675,0,0,1,4,4,At_Risk,2.024657534,3448.133507
16330,18,7,634.33,15-02-2010 12:36,22-11-2011 12:24,327,663,90.61857143,1,0.125,5,4,3,Loyal_customers,1.816438356,1152.221342
16331,432,6,2037.7,07-03-2010 10:55,03-10-2010 13:47,756,643,339.6166667,0,0,1,4,4,At_Risk,1.761643836,3589.701644
16332,28,11,2010.41,29-04-2010 13:41,11-11-2011 14:22,1132,589,182.7645455,2,0.153846154,4,5,4,Champions,1.61369863,3244.195863
16333,8,22,26626.8,03-02-2011 10:50,02-12-2011 12:19,32184,310,1210.309091,0,0,5,5,5,Champions,0.849315068,22614.54247
16334,492,1,277.48,04-08-2010 16:38,04-08-2010 16:38,211,492,277.48,0,0,1,1,1,lost,1.347945205,374.0278356
16335,552,7,2774,04-12-2009 10:18,06-06-2010 11:35,1016,736,396.2857143,1,0.125,1,4,4,At_Risk,2.016438356,5593.6
16336,421,4,3517.69,18-03-2010 08:05,15-10-2010 12:32,1473,632,879.4225,0,0,1,4,5,At_Risk,1.731506849,6090.904329
16337,37,1,151.05,03-11-2011 10:03,03-11-2011 10:03,87,37,151.05,0,0,4,1,1,New_customers,0.101369863,15.31191781
16338,157,1,214.8,05-07-2011 13:56,05-07-2011 13:56,94,157,214.8,0,0,3,1,1,Needs_Attention,0.430136986,92.39342466
16339,284,1,109.95,28-02-2011 13:41,28-02-2011 13:41,23,284,109.95,0,0,2,1,1,lost,0.778082192,85.55013699
16340,107,3,1526.06,06-06-2010 13:26,24-08-2011 14:53,1345,551,508.6866667,0,0,3,3,4,Loyal_customers,1.509589041,2303.723452
16341,25,7,3850.79,09-04-2010 10:30,15-11-2011 09:12,3022,610,550.1128571,3,0.3,4,4,5,Champions,1.671232877,6435.566849
16342,75,4,322.41,13-06-2011 10:10,25-09-2011 14:36,157,180,80.6025,0,0,3,4,2,Needs_Attention,0.493150685,158.9967123
16343,16,3,687.07,28-10-2010 14:15,23-11-2011 17:45,422,407,229.0233333,0,0,5,3,3,Loyal_customers,1.115068493,766.1301096
16344,158,4,842.42,09-02-2010 12:16,04-07-2011 15:50,706,669,210.605,0,0,3,4,3,Loyal_customers,1.832876712,1544.052
16345,44,2,1198.74,13-08-2010 17:13,26-10-2011 16:03,620,483,599.37,0,0,4,2,3,New_customers,1.323287671,1586.277863
16346,385,1,224.51,19-11-2010 15:55,19-11-2010 15:55,289,385,224.51,0,0,2,1,1,lost,1.054794521,236.8119178
16347,11,11,3509.41,12-03-2010 12:41,28-11-2011 13:14,1750,638,319.0372727,2,0.153846154,5,5,5,Champions,1.747945205,6134.256384
16348,32,8,1798.22,05-10-2010 13:57,07-11-2011 15:44,1178,430,224.7775,0,0,4,5,4,Champions,1.178082192,2118.450959
16349,291,1,53.5,22-02-2011 12:40,22-02-2011 12:40,9,291,53.5,0,0,2,1,1,lost,0.797260274,42.65342466
16350,21,9,2253.89,07-10-2010 16:33,18-11-2011 15:53,1077,428,250.4322222,3,0.25,4,5,4,Champions,1.17260274,2642.917589
16351,333,13,3330.03,04-12-2009 16:12,11-01-2011 10:26,2165,735,256.1561538,5,0.277777778,2,5,5,At_Risk,2.01369863,6705.676849
16352,18,2,494.44,02-11-2011 08:44,22-11-2011 10:32,300,38,247.22,0,0,5,2,2,New_customers,0.104109589,51.47594521
16353,4,38,9999.46,07-12-2009 13:55,06-12-2011 12:23,3531,732,263.1436842,3,0.073170732,5,5,5,Champions,2.005479452,20053.71156
16354,63,5,1129.51,27-04-2010 13:33,07-10-2011 14:28,599,591,225.902,0,0,3,4,3,Loyal_customers,1.619178082,1828.877836
16355,375,1,416.35,29-11-2010 14:21,29-11-2010 14:21,179,375,416.35,1,0.5,2,1,2,lost,1.02739726,427.7568493
16356,198,6,415.87,06-06-2010 11:26,26-05-2011 11:51,190,552,69.31166667,1,0.142857143,2,4,2,At_Risk,1.512328767,628.9321644
16357,33,4,868.37,23-11-2010 18:52,06-11-2011 16:04,389,381,217.0925,0,0,4,4,3,Loyal_customers,1.043835616,906.4355342
16358,1,5,2919.65,10-11-2010 11:36,08-12-2011 15:09,2065,395,583.93,1,0.166666667,5,4,4,Champions,1.082191781,3159.621233
16359,7,16,2697.75,16-02-2010 10:39,02-12-2011 17:04,1764,662,168.609375,4,0.2,5,5,4,Champions,1.81369863,4892.905479
16360,5,6,3512.53,12-09-2011 13:50,05-12-2011 12:16,2144,88,585.4216667,2,0.25,5,4,5,Champions,0.24109589,846.8565479
16361,10,4,896.66,29-09-2011 13:13,30-11-2011 12:32,421,71,224.165,0,0,5,4,3,Loyal_customers,0.194520548,174.4187945
16362,32,6,946.94,28-09-2010 09:24,07-11-2011 13:01,478,438,157.8233333,5,0.454545455,4,4,3,Loyal_customers,1.2,1136.328
16363,53,1,109.36,17-10-2011 14:14,17-10-2011 14:14,52,53,109.36,0,0,4,1,1,New_customers,0.145205479,15.87967123
16364,12,2,707.04,25-07-2011 14:35,28-11-2011 11:27,280,137,353.52,0,0,5,2,3,New_customers,0.375342466,265.382137
16365,18,15,3307.2,11-12-2009 12:41,22-11-2011 11:24,1135,729,220.48,1,0.0625,5,5,5,Champions,1.997260274,6605.339178
16366,19,4,1548.13,16-12-2009 10:39,21-11-2011 08:19,882,724,387.0325,0,0,5,4,4,Champions,1.983561644,3070.811288
16367,37,3,1362.4,21-11-2010 13:23,02-11-2011 13:13,1117,383,454.1333333,0,0,4,3,4,Loyal_customers,1.049315068,1429.586849
16368,2,3,640.21,30-09-2010 11:30,07-12-2011 13:12,317,436,213.4033333,0,0,5,3,3,Loyal_customers,1.194520548,764.744
16369,18,7,2664.81,07-04-2010 16:52,21-11-2011 16:25,1594,611,380.6871429,0,0,5,4,4,Champions,1.673972603,4460.818932
16370,82,4,1320.56,28-04-2011 16:40,18-09-2011 15:55,647,225,330.14,0,0,3,4,4,Loyal_customers,0.616438356,814.0438356
16371,449,1,157.2,17-09-2010 12:09,17-09-2010 12:09,108,449,157.2,0,0,1,1,1,lost,1.230136986,193.3775342
16372,33,5,1328.61,11-04-2010 15:20,06-11-2011 13:08,748,607,265.722,1,0.166666667,4,4,4,Champions,1.663013699,2209.49663
16373,382,2,309.49,24-10-2010 13:10,22-11-2010 15:50,119,411,154.745,0,0,2,2,2,lost,1.126027397,348.4942192
16374,66,5,1771.45,30-04-2010 13:10,04-10-2011 15:21,800,588,354.29,0,0,3,4,4,Loyal_customers,1.610958904,2853.733151
16375,470,2,104,26-08-2010 14:12,26-08-2010 14:25,74,470,52,0,0,1,2,1,lost,1.287671233,133.9178082
16376,9,2,987.01,22-11-2011 16:47,01-12-2011 11:38,694,17,493.505,1,0.333333333,5,2,3,New_customers,0.046575342,45.97032877
16377,267,2,1308.48,01-04-2010 10:36,17-03-2011 15:41,2928,618,654.24,0,0,2,2,4,Needs_Attention,1.693150685,2215.453808
16378,247,3,362.95,02-02-2011 12:42,06-04-2011 15:07,267,311,120.9833333,0,0,2,3,2,At_Risk,0.852054795,309.2532877
16379,4,4,2157.4,22-09-2011 09:33,05-12-2011 15:38,1410,79,539.35,1,0.2,5,4,4,Champions,0.216438356,466.9441096
16380,61,1,1780.59,09-10-2011 15:40,09-10-2011 15:40,1524,61,1780.59,0,0,3,1,4,Needs_Attention,0.167123288,297.5780548
16381,396,2,258.7,17-10-2010 13:06,09-11-2010 09:56,112,418,129.35,0,0,2,2,1,lost,1.145205479,296.2646575
16382,408,2,353.1,07-06-2010 12:42,27-10-2010 16:23,167,551,176.55,0,0,2,2,2,lost,1.509589041,533.0358904
16383,75,7,2974.84,04-02-2010 13:18,26-09-2011 12:45,1620,673,424.9771429,2,0.222222222,3,4,5,Loyal_customers,1.843835616,5485.115945
16384,90,4,1358.95,28-04-2010 14:01,11-09-2011 11:19,861,590,339.7375,0,0,3,4,4,Loyal_customers,1.616438356,2196.658904
16385,60,5,1030.61,18-03-2010 12:45,10-10-2011 13:12,549,632,206.122,0,0,3,4,3,Loyal_customers,1.731506849,1784.508274
16386,29,3,1102.59,17-11-2010 11:19,11-11-2011 12:28,723,388,367.53,0,0,4,3,3,Loyal_customers,1.063013699,1172.068274
16387,323,5,918.55,11-03-2010 12:22,21-01-2011 11:34,457,639,183.71,0,0,2,4,3,At_Risk,1.750684932,1608.091644
16388,654,1,186.05,24-02-2010 10:20,24-02-2010 10:20,83,654,186.05,0,0,1,1,1,lost,1.791780822,333.3608219
16389,53,4,1382.07,01-03-2011 15:47,17-10-2011 14:41,1242,283,345.5175,1,0.2,4,4,4,Champions,0.775342466,1071.577562
16390,537,3,467.5,29-01-2010 15:25,21-06-2010 10:11,122,679,155.8333333,0,0,1,3,2,At_Risk,1.860273973,869.6780822
16391,401,4,1103.61,27-05-2010 11:27,04-11-2010 12:27,748,562,275.9025,0,0,2,4,3,At_Risk,1.539726027,1699.257041
16392,270,3,763.05,27-05-2010 11:17,15-03-2011 12:11,609,562,254.35,0,0,2,3,3,At_Risk,1.539726027,1174.887945
16393,2,23,5561.66,01-12-2009 12:13,07-12-2011 12:51,3132,739,241.8113043,7,0.233333333,5,5,5,Champions,2.024657534,11260.45682
16394,57,5,1555.34,23-02-2011 10:58,14-10-2011 09:48,2604,290,311.068,4,0.444444444,4,4,4,Champions,0.794520548,1235.749589
16395,61,14,3537.85,06-12-2009 12:26,10-10-2011 12:50,2919,734,252.7035714,3,0.176470588,3,5,5,Loyal_customers,2.010958904,7114.470959
16396,476,1,137.8,20-08-2010 14:17,20-08-2010 14:17,80,476,137.8,2,0.666666667,1,1,1,lost,1.304109589,179.7063014
16397,628,1,127.88,21-03-2010 15:36,21-03-2010 15:36,50,628,127.88,0,0,1,1,1,lost,1.720547945,220.0236712
16398,154,2,1705.8,31-03-2011 09:38,08-07-2011 15:16,758,254,852.9,2,0.5,3,2,4,Needs_Attention,0.695890411,1187.049863
16399,19,3,641.82,15-11-2010 15:03,20-11-2011 16:12,456,389,213.94,0,0,5,3,3,Loyal_customers,1.065753425,684.021863
16400,95,9,3159.44,08-12-2009 12:38,06-09-2011 12:27,2159,732,351.0488889,0,0,3,5,5,Loyal_customers,2.005479452,6336.192
16401,1,23,6849.15,02-06-2010 13:13,08-12-2011 18:15,6035,555,297.7891304,16,0.41025641,5,5,5,Champions,1.520547945,10414.46096
16402,265,2,511.4,05-12-2010 13:42,20-03-2011 12:25,254,369,255.7,0,0,2,2,2,lost,1.010958904,517.0043836
16403,312,1,177.5,31-01-2011 13:39,31-01-2011 13:39,114,312,177.5,1,0.5,2,1,1,lost,0.854794521,151.7260274
16404,70,1,443.05,30-09-2011 14:55,30-09-2011 14:55,157,70,443.05,1,0.5,3,1,2,Needs_Attention,0.191780822,84.96849315
16405,302,2,167.25,02-02-2011 17:08,10-02-2011 15:24,187,310,83.625,0,0,2,2,1,lost,0.849315068,142.0479452
16406,19,3,552.68,24-02-2010 11:51,21-11-2011 11:57,271,654,184.2266667,1,0.25,5,3,2,Needs_Attention,1.791780822,990.2814247
16407,13,14,2821.65,03-10-2010 13:56,27-11-2011 11:05,1484,432,201.5464286,0,0,5,5,4,Champions,1.183561644,3339.596712
16408,591,1,231.93,27-04-2010 14:08,27-04-2010 14:08,227,591,231.93,0,0,1,1,1,lost,1.619178082,375.5359726
16409,36,12,5709.04,13-12-2009 15:38,03-11-2011 16:45,3706,726,475.7533333,0,0,4,5,5,Champions,1.989041096,11355.51518
16410,734,1,130.32,05-12-2009 14:51,05-12-2009 14:51,348,734,130.32,0,0,1,1,1,lost,2.010958904,262.0681644
16411,19,4,910.19,07-10-2010 15:09,20-11-2011 13:23,543,428,227.5475,0,0,5,4,3,Loyal_customers,1.17260274,1067.291288
16412,54,5,647.23,04-02-2010 13:46,17-10-2011 12:35,311,673,129.446,0,0,4,4,3,Loyal_customers,1.843835616,1193.385726
16413,57,2,528.98,29-11-2010 12:49,14-10-2011 12:08,284,376,264.49,0,0,4,2,2,New_customers,1.030136986,544.921863
16414,22,5,559.71,14-01-2010 10:21,18-11-2011 09:42,202,695,111.942,0,0,4,4,2,Needs_Attention,1.904109589,1065.749178
16415,44,3,719.44,01-02-2010 12:30,26-10-2011 13:35,527,677,239.8133333,0,0,4,3,3,Loyal_customers,1.854794521,1334.41337
16416,27,9,2972.88,23-02-2010 12:00,13-11-2011 12:50,2210,655,330.32,1,0.1,4,5,5,Champions,1.794520548,5334.894247
16417,493,1,35.7,04-08-2010 09:08,04-08-2010 09:08,6,493,35.7,0,0,1,1,1,lost,1.350684932,48.21945205
16418,45,5,1101.94,13-10-2010 12:31,26-10-2011 12:39,580,423,220.388,0,0,4,4,3,Loyal_customers,1.15890411,1277.042795
16419,113,8,1487.42,09-02-2010 13:26,19-08-2011 12:33,721,668,185.9275,1,0.111111111,3,5,4,Loyal_customers,1.830136986,2722.182356
16420,396,1,75,08-11-2010 15:15,08-11-2010 15:15,120,396,75,0,0,2,1,1,lost,1.084931507,81.36986301
16421,376,3,526.27,27-08-2010 12:02,28-11-2010 13:31,123,470,175.4233333,0,0,2,3,2,At_Risk,1.287671233,677.6627397
16422,17,109,63651.47,12-01-2010 11:57,22-11-2011 14:00,66369,697,583.9584404,37,0.253424658,5,5,5,Champions,1.909589041,121548.1496
16423,25,1,346.12,15-11-2011 09:21,15-11-2011 09:21,230,25,346.12,0,0,4,1,2,New_customers,0.068493151,23.70684932
16424,191,2,443.06,22-11-2010 11:24,01-06-2011 13:40,212,383,221.53,1,0.333333333,2,2,2,lost,1.049315068,464.9095342
16425,302,1,302.7,10-02-2011 14:30,10-02-2011 14:30,199,302,302.7,0,0,2,1,2,lost,0.82739726,250.4531507
16426,2,10,1908.25,08-03-2011 15:45,07-12-2011 14:01,1243,276,190.825,0,0,5,5,4,Champions,0.756164384,1442.950685
16427,263,2,241.06,28-02-2011 15:18,21-03-2011 17:10,156,284,120.53,0,0,2,2,1,lost,0.778082192,187.5644932
16428,414,3,660.28,30-07-2010 12:10,22-10-2010 12:22,595,498,220.0933333,1,0.25,1,3,3,At_Risk,1.364383562,900.8751781
16429,106,1,284.55,25-08-2011 13:54,25-08-2011 13:54,9,106,284.55,0,0,3,1,1,Needs_Attention,0.290410959,82.63643836
16430,57,7,1117.94,27-01-2010 12:45,13-10-2011 14:47,307,682,159.7057143,0,0,4,4,3,Loyal_customers,1.868493151,2088.863233
16431,213,3,642.81,15-02-2011 14:02,10-05-2011 14:09,453,297,214.27,0,0,2,3,3,At_Risk,0.81369863,523.0536164
16432,64,1,287.4,06-10-2011 13:59,06-10-2011 13:59,276,64,287.4,0,0,3,1,1,Needs_Attention,0.175342466,50.39342466
16433,28,2,384.52,27-10-2010 12:26,11-11-2011 14:09,214,409,192.26,0,0,4,2,2,New_customers,1.120547945,430.8730959
16434,29,12,2741.74,17-01-2010 14:51,10-11-2011 14:28,1338,691,228.4783333,1,0.076923077,4,5,4,Champions,1.893150685,5190.526959
16435,512,3,1011.57,13-07-2010 13:29,15-07-2010 18:22,609,514,337.19,0,0,1,3,3,At_Risk,1.408219178,1424.512274
16436,668,3,329.34,06-12-2009 16:02,09-02-2010 13:19,239,733,109.78,1,0.25,1,3,2,At_Risk,2.008219178,661.3869041
16437,381,2,301.25,06-10-2010 12:34,23-11-2010 16:59,197,430,150.625,0,0,2,2,2,lost,1.178082192,354.8972603
16438,6,5,798.35,18-09-2011 13:31,04-12-2011 10:51,463,82,159.67,0,0,5,4,3,Loyal_customers,0.224657534,179.3553425
16439,722,1,310.7,17-12-2009 14:22,17-12-2009 14:22,74,722,310.7,0,0,1,1,2,lost,1.978082192,614.590137
16440,8,6,3856.97,03-08-2010 11:32,02-12-2011 12:02,2108,494,642.8283333,0,0,5,4,5,Champions,1.353424658,5220.118301
16441,67,5,1034.43,22-03-2010 18:00,03-10-2011 17:48,484,627,206.886,1,0.166666667,3,4,3,Loyal_customers,1.717808219,1776.952356
16442,2,5,899.47,13-12-2009 11:05,08-12-2011 11:43,583,727,179.894,0,0,5,4,3,Loyal_customers,1.991780822,1791.547096
16443,521,1,162.24,07-07-2010 11:57,07-07-2010 11:57,96,521,162.24,0,0,1,1,1,lost,1.42739726,231.5809315
16444,46,17,3656.58,24-03-2010 14:06,24-10-2011 13:50,1959,625,215.0929412,3,0.15,4,5,5,Champions,1.712328767,6261.267123
16445,34,4,602.73,24-10-2010 12:39,06-11-2011 12:32,299,412,150.6825,0,0,4,4,2,Needs_Attention,1.128767123,680.3418082
16446,1,2,168472.5,18-05-2011 09:52,09-12-2011 09:15,80997,206,84236.25,2,0.5,5,2,5,New_customers,0.564383562,95083.10959
16447,136,3,775.14,17-02-2010 14:09,27-07-2011 12:45,323,660,258.38,0,0,3,3,3,Loyal_customers,1.808219178,1401.623014
16448,198,2,367.87,25-08-2010 16:58,25-05-2011 16:28,179,471,183.935,0,0,2,2,2,lost,1.290410959,474.7034795
16449,198,2,707.69,04-03-2011 12:15,26-05-2011 10:25,367,281,353.845,1,0.333333333,2,2,3,Needs_Attention,0.769863014,544.8243562
16450,150,3,1505.73,21-02-2010 15:46,13-07-2011 11:47,681,656,501.91,1,0.25,3,3,4,Loyal_customers,1.797260274,2706.188712
16451,88,3,1013.15,04-12-2009 15:11,13-09-2011 09:17,524,735,337.7166667,1,0.25,3,3,3,Loyal_customers,2.01369863,2040.178767
16452,631,2,332.17,15-01-2010 12:22,19-03-2010 12:39,199,694,166.085,0,0,1,2,2,lost,1.901369863,631.5780274
16453,531,2,251.71,09-06-2010 13:15,27-06-2010 12:46,139,548,125.855,0,0,1,2,1,lost,1.501369863,377.9098082
16454,45,4,30.95,07-04-2010 15:54,26-10-2011 11:40,9,611,7.7375,4,0.5,4,4,1,Needs_Attention,1.673972603,51.80945205
16455,64,11,4384.37,30-03-2010 10:31,07-10-2011 12:17,3103,620,398.5790909,2,0.153846154,3,5,5,Loyal_customers,1.698630137,7447.423014
16456,99,13,6862.91,29-03-2010 11:16,01-09-2011 13:50,3725,621,527.9161538,1,0.071428571,3,5,5,Loyal_customers,1.701369863,11676.34825
16457,218,1,208.36,05-05-2011 13:19,05-05-2011 13:19,140,218,208.36,0,0,2,1,1,lost,0.597260274,124.4451507
16458,3,30,5715.34,26-05-2010 14:38,07-12-2011 09:34,3406,562,190.5113333,0,0,5,5,5,Champions,1.539726027,8800.057753
16459,730,1,71.79,10-12-2009 12:42,10-12-2009 12:42,59,730,71.79,0,0,1,1,1,lost,2,143.58
16460,28,3,814.72,19-09-2011 10:15,11-11-2011 13:46,879,82,271.5733333,0,0,4,3,3,Loyal_customers,0.224657534,183.0329863
16461,178,3,1615.22,03-03-2010 13:57,15-06-2011 12:07,1039,646,538.4066667,0,0,3,3,4,Loyal_customers,1.769863014,2858.718137
16462,74,3,136,01-03-2011 08:58,27-09-2011 10:24,16,284,45.33333333,1,0.25,3,3,1,Needs_Attention,0.778082192,105.8191781
16463,21,4,1422.4,19-05-2011 14:45,18-11-2011 14:01,1163,204,355.6,3,0.428571429,4,4,4,Champions,0.55890411,794.9852055
16464,20,3,1314.68,20-07-2011 13:53,20-11-2011 12:11,963,142,438.2266667,0,0,4,3,4,Loyal_customers,0.389041096,511.4645479
16465,421,2,746.24,21-09-2010 10:46,15-10-2010 09:27,504,445,373.12,1,0.333333333,1,2,3,Needs_Attention,1.219178082,909.7994521
16466,34,15,3838.59,07-03-2010 14:31,06-11-2011 11:35,1806,642,255.906,1,0.0625,4,5,5,Champions,1.75890411,6751.711726
16467,509,7,2869.16,02-12-2009 11:59,19-07-2010 11:49,7384,738,409.88,1,0.125,1,4,4,At_Risk,2.021917808,5801.205699
16468,74,3,787.52,15-08-2010 13:10,26-09-2011 14:13,371,481,262.5066667,0,0,3,3,3,Loyal_customers,1.317808219,1037.800329
16469,24,5,828.91,13-07-2010 13:17,16-11-2011 12:25,345,514,165.782,0,0,4,4,3,Loyal_customers,1.408219178,1167.286959
16470,52,11,2458.6,11-12-2009 12:21,19-10-2011 12:11,1357,729,223.5090909,1,0.083333333,4,5,4,Champions,1.997260274,4910.46411
16471,275,4,1189.98,25-02-2010 10:07,10-03-2011 09:41,670,653,297.495,2,0.333333333,2,4,3,At_Risk,1.789041096,2128.923123
16472,434,2,789.6,21-04-2010 11:48,01-10-2010 13:56,252,598,394.8,0,0,1,2,3,Needs_Attention,1.638356164,1293.646027
16473,165,4,470.83,30-11-2010 16:29,28-06-2011 09:10,296,374,117.7075,1,0.2,3,4,2,Needs_Attention,1.024657534,482.4395068
16474,7,7,1871.5,17-07-2011 14:51,02-12-2011 13:02,943,145,267.3571429,4,0.363636364,5,4,4,Champions,0.397260274,743.4726027
16475,88,4,544.3,11-03-2011 09:39,12-09-2011 14:37,319,274,136.075,0,0,3,4,2,Needs_Attention,0.750684932,408.5978082
16476,432,1,350.35,04-10-2010 10:29,04-10-2010 10:29,187,432,350.35,2,0.666666667,1,1,2,lost,1.183561644,414.6608219
16477,64,11,4320.02,12-08-2010 09:43,07-10-2011 09:44,2632,485,392.7290909,0,0,3,5,5,Loyal_customers,1.328767123,5740.300548
16478,25,3,331,05-10-2011 12:02,14-11-2011 15:51,224,66,110.3333333,0,0,4,3,2,Needs_Attention,0.180821918,59.85205479
16479,10,2,300.83,29-11-2011 13:04,29-11-2011 13:40,102,10,150.415,0,0,5,2,2,New_customers,0.02739726,8.241917808
16480,76,1,769.29,25-09-2011 11:40,25-09-2011 11:40,455,76,769.29,0,0,3,1,3,Needs_Attention,0.208219178,160.1809315
16481,682,1,453.38,26-01-2010 13:09,26-01-2010 13:09,201,682,453.38,2,0.666666667,1,1,2,lost,1.868493151,847.1374247
16482,16,1,220.62,24-11-2011 12:33,24-11-2011 12:33,346,16,220.62,0,0,5,1,1,New_customers,0.043835616,9.671013699
16483,192,1,139.35,31-05-2011 13:08,31-05-2011 13:08,44,192,139.35,0,0,2,1,1,lost,0.526027397,73.30191781
16484,174,2,404.3,02-06-2011 10:39,19-06-2011 12:06,200,191,202.15,1,0.333333333,3,2,2,Needs_Attention,0.523287671,211.5652055
16485,77,5,2294.68,06-12-2009 12:28,23-09-2011 15:50,1154,734,458.936,2,0.285714286,3,4,4,Loyal_customers,2.010958904,4614.507178
16486,538,1,134.36,20-06-2010 12:16,20-06-2010 12:16,24,538,134.36,0,0,1,1,1,lost,1.473972603,198.0429589
16487,577,2,209.4,18-02-2010 17:36,11-05-2010 13:38,163,659,104.7,0,0,1,2,1,lost,1.805479452,378.0673973
16488,33,3,498.8,14-07-2011 11:46,06-11-2011 13:42,728,149,166.2666667,1,0.25,4,3,2,Needs_Attention,0.408219178,203.619726
16489,380,2,303.7,29-09-2010 15:02,24-11-2010 14:40,38,436,151.85,0,0,2,2,2,lost,1.194520548,362.7758904
16490,436,1,205.41,29-09-2010 16:30,29-09-2010 16:30,113,436,205.41,1,0.5,1,1,1,lost,1.194520548,245.3664658
16491,47,2,1533.16,22-10-2010 15:42,24-10-2011 10:18,1060,413,766.58,1,0.333333333,4,2,4,New_customers,1.131506849,1734.781041
16492,541,1,385.56,17-06-2010 08:20,17-06-2010 08:20,235,541,385.56,0,0,1,1,2,lost,1.482191781,571.473863
16493,80,7,2132.09,26-03-2010 13:05,21-09-2011 11:10,1988,623,304.5842857,2,0.222222222,3,4,4,Loyal_customers,1.706849315,3639.156356
16494,297,1,826.53,16-02-2011 12:49,16-02-2011 12:49,675,297,826.53,0,0,2,1,3,Needs_Attention,0.81369863,672.5463288
16495,3,3,684.41,08-03-2011 16:38,06-12-2011 13:20,337,276,228.1366667,0,0,5,3,3,Loyal_customers,0.756164384,517.5264658
16496,9,6,2330.77,18-07-2010 13:42,01-12-2011 10:31,1764,509,388.4616667,1,0.142857143,5,4,4,Champions,1.394520548,3250.306658
16497,50,23,6695.28,03-12-2009 14:11,21-10-2011 10:55,3050,736,291.0991304,0,0,4,5,5,Champions,2.016438356,13500.6194
16498,161,2,100.97,30-06-2011 19:52,01-07-2011 15:07,45,162,50.485,1,0.333333333,3,2,1,Needs_Attention,0.443835616,44.81408219
16499,360,8,2578.34,11-06-2010 12:22,14-12-2010 13:31,1364,547,322.2925,5,0.384615385,2,5,4,At_Risk,1.498630137,3863.978027
16500,5,9,843.91,14-06-2010 14:54,05-12-2011 12:04,386,543,93.76777778,1,0.1,5,5,3,Loyal_customers,1.487671233,1255.46063
16501,383,1,1237.23,21-11-2010 14:10,21-11-2010 14:10,642,383,1237.23,0,0,2,1,3,Needs_Attention,1.049315068,1298.244082
16502,620,2,266.5,29-03-2010 13:39,29-03-2010 13:44,251,620,133.25,0,0,1,2,1,lost,1.698630137,452.6849315
16503,107,11,3614.34,21-06-2010 14:07,25-08-2011 11:46,1535,536,328.5763636,2,0.153846154,3,5,5,Loyal_customers,1.468493151,5307.633534
16504,25,1,484.38,14-11-2011 15:18,14-11-2011 15:18,524,25,484.38,0,0,4,1,2,New_customers,0.068493151,33.17671233
16505,32,1,777.6,08-11-2011 12:14,08-11-2011 12:14,576,32,777.6,0,0,4,1,3,New_customers,0.087671233,68.17315068
16506,20,2,90.3,30-10-2011 15:50,20-11-2011 12:17,42,40,45.15,0,0,4,2,1,New_customers,0.109589041,9.895890411
16507,572,1,152.76,16-05-2010 12:56,16-05-2010 12:56,116,572,152.76,0,0,1,1,1,lost,1.567123288,239.3937534
16508,630,1,248.8,19-03-2010 13:41,19-03-2010 13:41,106,630,248.8,0,0,1,1,1,lost,1.726027397,429.4356164
16509,297,1,363.7,16-02-2011 09:25,16-02-2011 09:25,64,297,363.7,0,0,2,1,2,lost,0.81369863,295.9421918
16510,372,6,2100,17-01-2010 12:30,02-12-2010 13:39,1076,692,350,0,0,2,4,4,At_Risk,1.895890411,3981.369863
16511,22,6,1819.02,01-03-2010 12:21,18-11-2011 10:41,787,649,303.17,0,0,4,4,4,Champions,1.778082192,3234.367068
16513,5,4,874.59,27-10-2011 14:56,05-12-2011 10:18,407,43,218.6475,0,0,5,4,3,Loyal_customers,0.117808219,103.0338904
16515,52,10,3216.3,17-06-2010 12:17,18-10-2011 13:10,1601,541,321.63,0,0,4,5,5,Champions,1.482191781,4767.173425
16516,30,1,101.7,09-11-2011 14:59,09-11-2011 14:59,58,30,101.7,0,0,4,1,1,New_customers,0.082191781,8.35890411
16517,277,1,162.7,07-03-2011 13:50,07-03-2011 13:50,96,277,162.7,0,0,2,1,1,lost,0.75890411,123.4736986
16518,61,4,959.37,01-06-2010 13:31,09-10-2011 15:04,524,556,239.8425,2,0.333333333,3,4,3,Loyal_customers,1.523287671,1461.396493
16519,25,4,556.26,01-03-2010 13:51,14-11-2011 15:41,176,648,139.065,0,0,4,4,2,Needs_Attention,1.775342466,987.552
16520,186,6,2482.62,02-03-2010 16:50,06-06-2011 13:24,1266,647,413.77,2,0.25,3,4,4,Loyal_customers,1.77260274,4400.699014
16521,415,3,1148.01,01-03-2010 13:22,20-10-2010 13:09,1016,648,382.67,0,0,1,3,3,At_Risk,1.775342466,2038.110904
16522,436,2,433.36,15-09-2010 13:32,30-09-2010 10:54,212,450,216.68,0,0,1,2,2,lost,1.232876712,534.2794521
16523,2,28,11916.33,24-01-2010 13:14,08-12-2011 09:06,4979,684,425.5832143,11,0.282051282,5,5,5,Champions,1.873972603,22330.87595
16524,446,2,308.14,17-01-2010 13:16,19-09-2010 13:37,260,691,154.07,0,0,1,2,2,lost,1.893150685,583.3554521
16525,2,48,24582.64,02-12-2009 13:53,07-12-2011 15:07,14630,737,512.1383333,6,0.111111111,5,5,5,Champions,2.019178082,49636.72789
16526,172,2,717.21,04-05-2010 16:34,21-06-2011 12:02,279,584,358.605,0,0,3,2,3,Needs_Attention,1.6,1147.536
16527,81,2,1272.44,11-10-2010 13:25,19-09-2011 16:21,726,424,636.22,0,0,3,2,4,Needs_Attention,1.161643836,1478.122082
16528,4,1,244.41,06-12-2011 12:45,06-12-2011 12:45,171,4,244.41,0,0,5,1,1,New_customers,0.010958904,2.678465753
16529,190,4,2012,27-06-2010 13:29,02-06-2011 17:23,751,530,503,0,0,2,4,4,At_Risk,1.452054795,2921.534247
16530,668,1,48.35,09-02-2010 15:30,09-02-2010 15:30,17,668,48.35,0,0,1,1,1,lost,1.830136986,88.48712329
16531,22,11,2298.33,24-09-2010 09:49,17-11-2011 16:29,1863,442,208.9390909,1,0.083333333,4,5,4,Champions,1.210958904,2783.183178
16532,18,5,8756.64,29-03-2010 10:26,22-11-2011 11:08,2544,621,1751.328,0,0,5,4,5,Champions,1.701369863,14898.2834
16533,19,3,1095.56,02-10-2011 15:07,20-11-2011 13:08,612,68,365.1866667,2,0.4,5,3,3,Loyal_customers,0.18630137,204.1043288
16534,642,1,635.9,07-03-2010 15:47,07-03-2010 15:47,168,642,635.9,0,0,1,1,3,Needs_Attention,1.75890411,1118.487123
16535,5,3,1001.59,28-01-2010 15:26,04-12-2011 15:18,685,680,333.8633333,0,0,5,3,3,Loyal_customers,1.863013699,1865.97589
16536,110,1,548.97,21-08-2011 15:54,21-08-2011 15:54,251,110,548.97,1,0.5,3,1,2,Needs_Attention,0.301369863,165.4430137
16537,641,1,23.35,08-03-2010 13:41,08-03-2010 13:41,59,641,23.35,0,0,1,1,1,lost,1.756164384,41.00643836
16538,541,3,399.62,23-04-2010 16:25,16-06-2010 16:59,257,595,133.2066667,0,0,1,3,2,At_Risk,1.630136986,651.4353425
16539,3,10,3732.01,25-06-2010 15:24,07-12-2011 08:41,1315,532,373.201,0,0,5,5,5,Champions,1.457534247,5439.532384
16540,414,1,226.7,21-10-2010 17:22,21-10-2010 17:22,114,414,226.7,0,0,1,1,1,lost,1.134246575,257.1336986
16541,735,1,424.03,04-12-2009 13:22,04-12-2009 13:22,173,735,424.03,1,0.5,1,1,2,lost,2.01369863,853.8686301
16542,54,2,257.32,03-11-2010 14:44,17-10-2011 10:47,142,401,128.66,0,0,4,2,1,New_customers,1.098630137,282.6995068
16543,592,1,292.21,27-04-2010 11:38,27-04-2010 11:38,317,592,292.21,1,0.5,1,1,2,lost,1.621917808,473.9406027
16544,520,4,376.7,15-02-2010 13:20,08-07-2010 11:11,150,662,94.175,2,0.333333333,1,4,2,At_Risk,1.81369863,683.220274
16545,165,2,689.82,29-11-2010 10:39,28-06-2011 10:37,322,376,344.91,0,0,3,2,3,Needs_Attention,1.030136986,710.6090959
16546,291,5,5606.47,23-09-2010 15:43,22-02-2011 11:20,4367,442,1121.294,2,0.285714286,2,4,5,At_Risk,1.210958904,6789.204767
16547,546,1,111.71,11-06-2010 13:02,11-06-2010 13:02,113,546,111.71,0,0,1,1,1,lost,1.495890411,167.1059178
16548,599,1,30.15,19-04-2010 16:15,19-04-2010 16:15,6,599,30.15,0,0,1,1,1,lost,1.64109589,49.4790411
16549,10,34,13182.19,28-03-2010 15:45,29-11-2011 15:06,7278,621,387.7114706,3,0.081081081,5,5,5,Champions,1.701369863,22427.78079
16550,109,18,9435.13,02-12-2009 11:24,23-08-2011 11:12,5727,738,524.1738889,11,0.379310345,3,5,5,Loyal_customers,2.021917808,19077.05737
16551,96,7,2237.12,13-12-2009 16:12,05-09-2011 09:38,2076,726,319.5885714,0,0,3,4,4,Loyal_customers,1.989041096,4449.723616
16552,243,2,475.02,01-12-2010 12:36,11-04-2011 10:04,258,374,237.51,0,0,2,2,2,lost,1.024657534,486.7328219
16553,163,33,16644.01,11-02-2010 18:46,29-06-2011 15:42,16475,666,504.3639394,3,0.083333333,3,5,5,Loyal_customers,1.824657534,30369.61825
16554,42,8,2841.72,15-12-2009 09:42,28-10-2011 14:51,1346,725,355.215,10,0.555555556,4,5,4,Champions,1.98630137,5644.512329
16555,35,6,1915.68,22-07-2010 13:39,04-11-2011 14:31,1816,505,319.28,4,0.4,4,4,4,Champions,1.383561644,2650.46137
16556,67,17,8012.58,07-12-2009 10:51,04-10-2011 11:36,4353,733,471.3282353,7,0.291666667,3,5,5,Loyal_customers,2.008219178,16091.01682
16557,24,2,281.85,25-07-2011 13:28,15-11-2011 14:04,111,137,140.925,0,0,4,2,1,New_customers,0.375342466,105.790274
16558,1,38,13873.51,03-12-2009 18:11,09-12-2011 10:20,8088,736,365.0923684,9,0.191489362,5,5,5,Champions,2.016438356,27975.0777
16559,397,1,185.2,07-11-2010 13:52,07-11-2010 13:52,73,397,185.2,0,0,2,1,1,lost,1.087671233,201.4367123
16560,27,8,3048.38,08-12-2009 12:05,13-11-2011 10:35,1603,732,381.0475,2,0.2,4,5,5,Champions,2.005479452,6113.463452
16561,6,2,511.12,11-10-2011 09:53,04-12-2011 11:50,244,60,255.56,0,0,5,2,2,New_customers,0.164383562,84.01972603
16562,477,1,223.86,20-08-2010 11:45,20-08-2010 11:45,264,477,223.86,0,0,1,1,1,lost,1.306849315,292.5512877
16563,54,6,4422.76,01-12-2009 18:35,17-10-2011 11:51,2596,738,737.1266667,1,0.142857143,4,4,5,Champions,2.021917808,8942.457205
16564,569,1,87.8,19-05-2010 14:41,19-05-2010 14:41,40,569,87.8,0,0,1,1,1,lost,1.55890411,136.8717808
16565,364,4,773.05,02-06-2010 12:47,10-12-2010 15:21,211,556,193.2625,1,0.2,2,4,3,At_Risk,1.523287671,1177.577534
16566,15,5,614.66,20-02-2011 10:29,24-11-2011 16:34,362,293,122.932,1,0.166666667,5,4,2,Needs_Attention,0.802739726,493.412
16567,194,2,865.6,07-01-2011 09:31,29-05-2011 13:57,996,337,432.8,0,0,2,2,3,Needs_Attention,0.923287671,799.1978082
16568,428,2,1020.9,08-03-2010 14:51,08-10-2010 10:54,366,641,510.45,0,0,1,2,3,Needs_Attention,1.756164384,1792.868219
16569,3,5,1455.23,16-12-2009 15:05,06-12-2011 15:32,988,723,291.046,0,0,5,4,4,Champions,1.980821918,2882.551479
16570,15,20,7434.31,30-03-2010 09:32,24-11-2011 17:02,4292,620,371.7155,11,0.35483871,5,5,5,Champions,1.698630137,12628.14301
16571,27,10,4248.74,18-03-2010 09:12,13-11-2011 11:46,3703,632,424.874,7,0.411764706,4,5,5,Champions,1.731506849,7356.722411
16572,127,3,1009.6,09-03-2011 12:04,04-08-2011 16:34,532,276,336.5333333,1,0.25,3,3,3,Loyal_customers,0.756164384,763.4235616
16573,85,2,663.61,22-02-2011 15:14,16-09-2011 09:13,360,290,331.805,2,0.5,3,2,3,Needs_Attention,0.794520548,527.2517808
16574,71,3,1301.78,19-02-2010 11:46,29-09-2011 13:39,1002,659,433.9266667,0,0,3,3,4,Loyal_customers,1.805479452,2350.337041
16576,420,2,540.87,06-07-2010 10:42,15-10-2010 13:37,323,522,270.435,3,0.6,1,2,2,lost,1.430136986,773.5181918
16577,667,1,380,11-02-2010 09:45,11-02-2010 09:45,142,667,380,0,0,1,1,2,lost,1.82739726,694.4109589
16578,626,1,156.6,23-03-2010 15:11,23-03-2010 15:11,108,626,156.6,0,0,1,1,1,lost,1.715068493,268.579726
16579,426,1,295.05,10-10-2010 11:58,10-10-2010 11:58,119,426,295.05,1,0.5,1,1,2,lost,1.167123288,344.359726
16581,183,1,105.84,10-06-2011 10:05,10-06-2011 10:05,134,183,105.84,1,0.5,3,1,1,Needs_Attention,0.501369863,53.0649863
16582,113,1,313.62,18-08-2011 17:02,18-08-2011 17:02,164,113,313.62,0,0,3,1,2,Needs_Attention,0.309589041,97.09331507
16583,374,2,531.4,04-02-2010 12:18,01-12-2010 12:03,264,674,265.7,0,0,2,2,2,lost,1.846575342,981.270137
16584,80,5,3163.67,16-02-2010 10:41,20-09-2011 13:45,1919,662,632.734,2,0.285714286,3,4,5,Loyal_customers,1.81369863,5737.943945
16585,594,2,341.59,13-01-2010 13:31,25-04-2010 10:34,151,695,170.795,0,0,1,2,2,lost,1.904109589,650.4247945
16586,249,3,1462.78,14-03-2010 11:24,05-04-2011 09:32,348,636,487.5933333,0,0,2,3,4,At_Risk,1.742465753,2548.844055
16587,232,1,225.15,21-04-2011 15:51,21-04-2011 15:51,71,232,225.15,0,0,2,1,1,lost,0.635616438,143.1090411
16588,386,4,1361.28,14-05-2010 13:43,18-11-2010 17:56,882,574,340.32,0,0,2,4,4,At_Risk,1.57260274,2140.752658
16589,71,4,612.36,15-09-2010 14:56,29-09-2011 14:50,536,450,153.09,0,0,3,4,2,Needs_Attention,1.232876712,754.9643836
16590,401,2,605.9,21-10-2010 12:09,04-11-2010 09:06,240,415,302.95,1,0.333333333,2,2,2,lost,1.136986301,688.9
16591,69,1,213.5,02-10-2011 10:43,02-10-2011 10:43,41,69,213.5,0,0,3,1,1,Needs_Attention,0.189041096,40.36027397
16592,4,28,7807.91,18-12-2009 15:57,05-12-2011 13:49,5504,721,278.8539286,6,0.176470588,5,5,5,Champions,1.975342466,15423.29619
16593,51,8,1071.14,05-12-2009 10:44,20-10-2011 12:41,377,735,133.8925,1,0.111111111,4,5,3,Loyal_customers,2.01369863,2156.953151
16594,75,1,181.09,25-09-2011 14:08,25-09-2011 14:08,64,75,181.09,0,0,3,1,1,Needs_Attention,0.205479452,37.21027397
16595,61,5,1810.18,17-01-2010 12:12,09-10-2011 13:15,1378,692,362.036,0,0,3,4,4,Loyal_customers,1.895890411,3431.902904
16596,16,4,579.63,10-12-2009 13:09,24-11-2011 10:02,227,729,144.9075,0,0,5,4,2,Needs_Attention,1.997260274,1157.671973
16597,4,1,90.04,05-12-2011 15:44,05-12-2011 15:44,184,4,90.04,0,0,5,1,1,New_customers,0.010958904,0.986739726
16598,286,1,145.05,27-02-2011 11:42,27-02-2011 11:42,73,286,145.05,1,0.5,2,1,1,lost,0.783561644,113.6556164
16599,386,1,172.8,19-11-2010 12:45,19-11-2010 12:45,159,386,172.8,0,0,2,1,1,lost,1.057534247,182.7419178
16600,4,13,2153.41,18-12-2009 12:59,05-12-2011 16:00,2420,721,165.6469231,3,0.1875,5,5,4,Champions,1.975342466,4253.722219
16601,41,3,684.25,26-03-2010 13:39,30-10-2011 11:09,395,623,228.0833333,0,0,4,3,3,Loyal_customers,1.706849315,1167.911644
16602,36,2,763.33,16-11-2010 09:13,03-11-2011 15:54,429,389,381.665,3,0.6,4,2,3,New_customers,1.065753425,813.5215616
16603,75,2,482.47,09-09-2011 13:02,26-09-2011 10:06,480,91,241.235,0,0,3,2,2,Needs_Attention,0.249315068,120.2870411
16604,563,2,432.45,20-05-2010 16:34,26-05-2010 09:10,175,568,216.225,1,0.333333333,1,2,2,lost,1.556164384,672.9632877
16605,724,1,60.48,15-12-2009 19:03,15-12-2009 19:03,144,724,60.48,0,0,1,1,1,lost,1.983561644,119.9658082
16606,404,2,357.66,01-10-2010 13:21,31-10-2010 13:57,148,434,178.83,0,0,2,2,2,lost,1.189041096,425.2724384
16607,18,25,5706.87,29-04-2010 14:01,22-11-2011 10:24,4436,589,228.2748,4,0.137931034,5,5,5,Champions,1.61369863,9209.168301
16608,454,2,1288.72,14-02-2010 11:57,12-09-2010 11:44,613,664,644.36,0,0,1,2,4,Needs_Attention,1.819178082,2344.411178
16609,15,7,5493.46,01-04-2011 10:11,24-11-2011 13:32,2420,253,784.78,2,0.222222222,5,4,5,Champions,0.693150685,3807.795562
16610,219,1,75.66,04-05-2011 13:13,04-05-2011 13:13,66,219,75.66,0,0,2,1,1,lost,0.6,45.396
16611,186,6,1785.13,10-03-2010 16:07,06-06-2011 15:46,874,639,297.5216667,1,0.142857143,3,4,4,Loyal_customers,1.750684932,3125.200192
16612,33,9,3245.43,03-12-2009 15:54,07-11-2011 07:38,1419,736,360.6033333,1,0.1,4,5,5,Champions,2.016438356,6544.209534
16613,70,1,618.59,30-09-2011 15:52,30-09-2011 15:52,293,70,618.59,0,0,3,1,3,Needs_Attention,0.191780822,118.6336986
16614,183,3,1179.79,10-05-2010 15:18,10-06-2011 11:36,349,578,393.2633333,0,0,3,3,3,Loyal_customers,1.583561644,1868.270192
16615,626,1,291.5,23-03-2010 15:13,23-03-2010 15:13,211,626,291.5,1,0.5,1,1,2,lost,1.715068493,499.9424658
16616,15,2,500.42,05-07-2011 13:38,24-11-2011 16:31,370,157,250.21,0,0,5,2,2,New_customers,0.430136986,215.2491507
16617,236,1,151.85,18-04-2011 10:35,18-04-2011 10:35,91,236,151.85,0,0,2,1,1,lost,0.646575342,98.18246575
16618,31,5,2647.59,21-01-2011 11:55,08-11-2011 13:52,1363,323,529.518,1,0.166666667,4,4,4,Champions,0.884931507,2342.935808
16619,264,4,1938.33,22-02-2010 12:05,21-03-2011 08:18,1055,656,484.5825,1,0.2,2,4,4,At_Risk,1.797260274,3483.683507
16620,4,6,1758.93,01-12-2009 14:35,06-12-2011 12:19,1146,738,293.155,0,0,5,4,4,Champions,2.021917808,3556.41189
16621,52,4,813.48,07-03-2011 11:32,19-10-2011 11:38,302,278,203.37,0,0,4,4,3,Loyal_customers,0.761643836,619.5820274
16622,544,1,225.4,14-06-2010 10:44,14-06-2010 10:44,44,544,225.4,1,0.5,1,1,1,lost,1.490410959,335.9386301
16623,246,4,1015.24,26-04-2010 14:04,08-04-2011 10:09,442,592,253.81,1,0.2,2,4,3,At_Risk,1.621917808,1646.635836
16624,81,2,810.57,26-05-2011 14:20,20-09-2011 12:39,488,197,405.285,0,0,3,2,3,Needs_Attention,0.539726027,437.485726
16625,275,5,1654.03,14-06-2010 11:56,10-03-2011 12:50,1057,544,330.806,1,0.166666667,2,4,4,At_Risk,1.490410959,2465.184438
16626,1,17,4413.1,18-03-2011 12:27,09-12-2011 11:56,2690,267,259.5941176,3,0.15,5,5,5,Champions,0.731506849,3228.212877
16627,79,1,322.8,21-09-2011 14:38,21-09-2011 14:38,162,79,322.8,0,0,3,1,2,Needs_Attention,0.216438356,69.86630137
16628,30,7,2318.1,08-03-2010 12:24,10-11-2011 12:45,1260,642,331.1571429,1,0.125,4,4,4,Champions,1.75890411,4077.315616
16629,74,2,417.73,04-09-2011 16:12,27-09-2011 10:34,493,96,208.865,0,0,3,2,2,Needs_Attention,0.263013699,109.8687123
16630,407,1,106.8,28-10-2010 14:30,28-10-2010 14:30,72,407,106.8,1,0.5,2,1,1,lost,1.115068493,119.0893151
16631,482,7,1892.52,26-02-2010 10:49,15-08-2010 11:20,775,652,270.36,1,0.125,1,4,4,At_Risk,1.78630137,3380.611068
16632,486,2,406.4,07-05-2010 16:46,11-08-2010 11:39,256,581,203.2,0,0,1,2,2,lost,1.591780822,646.899726
16633,17,6,2883.1,19-04-2011 14:36,22-11-2011 13:41,1138,234,480.5166667,1,0.142857143,5,4,4,Champions,0.64109589,1848.343562
16634,223,6,1814.61,21-01-2010 09:30,01-05-2011 12:09,1321,688,302.435,4,0.4,2,4,4,At_Risk,1.884931507,3420.415562
16635,407,1,473,29-10-2010 09:41,29-10-2010 09:41,277,407,473,0,0,2,1,2,lost,1.115068493,527.4273973
16636,438,4,3802.04,03-03-2010 14:06,27-09-2010 13:13,2186,646,950.51,0,0,1,4,5,At_Risk,1.769863014,6729.089973
16637,32,4,1154.47,28-04-2011 10:20,07-11-2011 13:17,927,226,288.6175,1,0.2,4,4,3,Loyal_customers,0.619178082,714.8225205
16638,23,15,2430.53,18-08-2010 13:33,17-11-2011 11:09,1651,478,162.0353333,1,0.0625,4,5,4,Champions,1.309589041,3182.995452
16639,31,4,1747.98,26-10-2010 18:23,08-11-2011 13:20,751,409,436.995,1,0.2,4,4,4,Champions,1.120547945,1958.695397
16640,398,1,179.4,07-11-2010 10:48,07-11-2010 10:48,146,398,179.4,0,0,2,1,1,lost,1.090410959,195.619726
16641,106,2,554.5,07-01-2010 12:22,26-08-2011 12:49,454,702,277.25,0,0,3,2,2,Needs_Attention,1.923287671,1066.463014
16642,5,3,1077.45,20-10-2010 14:22,05-12-2011 11:31,775,415,359.15,2,0.4,5,3,3,Loyal_customers,1.136986301,1225.04589
16643,246,2,923.11,13-10-2010 09:47,08-04-2011 08:24,553,423,461.555,1,0.333333333,2,2,3,Needs_Attention,1.15890411,1069.795973
16644,178,2,833.78,11-05-2011 12:53,15-06-2011 12:39,826,212,416.89,0,0,3,2,3,Needs_Attention,0.580821918,484.2776986
16645,736,1,160.39,04-12-2009 09:49,04-12-2009 09:49,117,736,160.39,0,0,1,1,1,lost,2.016438356,323.4165479
16646,449,1,678.8,16-09-2010 13:28,16-09-2010 13:28,1072,449,678.8,1,0.5,1,1,3,Needs_Attention,1.230136986,835.0169863
16647,170,4,541.9,13-06-2010 15:52,23-06-2011 11:47,396,544,135.475,0,0,3,4,2,Needs_Attention,1.490410959,807.6536986
16648,43,3,672.8,28-04-2010 14:58,28-10-2011 08:58,503,590,224.2666667,1,0.25,4,3,3,Loyal_customers,1.616438356,1087.539726
16649,520,1,306.58,07-07-2010 15:41,07-07-2010 15:41,82,520,306.58,0,0,1,1,2,lost,1.424657534,436.7715068
16650,72,7,1916.11,08-07-2010 14:18,29-09-2011 09:51,1511,519,273.73,0,0,3,4,4,Loyal_customers,1.421917808,2724.550932
16651,587,1,136.2,02-05-2010 11:46,02-05-2010 11:46,60,587,136.2,0,0,1,1,1,lost,1.608219178,219.0394521
16652,59,16,17550.39,17-03-2010 10:22,12-10-2011 09:38,7477,633,1096.899375,8,0.333333333,4,5,5,Champions,1.734246575,30436.70375
16653,16,2,1212.66,29-09-2011 13:38,23-11-2011 14:51,733,71,606.33,1,0.333333333,5,2,3,New_customers,0.194520548,235.8872877
16654,141,8,1711.47,06-04-2010 13:29,21-07-2011 15:23,703,612,213.93375,1,0.111111111,3,5,4,Loyal_customers,1.676712329,2869.642849
16655,18,13,6548.37,31-01-2010 15:40,22-11-2011 11:25,4013,677,503.7207692,1,0.071428571,5,5,5,Champions,1.854794521,12145.88079
16656,22,30,16833.17,04-12-2009 12:59,17-11-2011 14:43,15433,735,561.1056667,14,0.318181818,4,5,5,Champions,2.01369863,33896.93137
16657,10,4,933.62,30-03-2011 12:02,30-11-2011 11:48,1229,255,233.405,0,0,5,4,3,Loyal_customers,0.698630137,652.2550685
16658,368,6,814.07,30-03-2010 16:24,06-12-2010 13:47,317,619,135.6783333,3,0.333333333,2,4,3,At_Risk,1.695890411,1380.573507
16659,189,1,39.12,03-06-2011 15:03,03-06-2011 15:03,72,189,39.12,0,0,3,1,1,Needs_Attention,0.517808219,20.25665753
16660,16,7,1879.55,14-01-2010 11:09,23-11-2011 14:53,991,695,268.5071429,1,0.125,5,4,4,Champions,1.904109589,3578.869178
16661,540,4,986.63,17-12-2009 15:39,17-06-2010 15:24,385,722,246.6575,1,0.2,1,4,3,At_Risk,1.978082192,1951.635233
16662,394,1,163.8,10-11-2010 16:56,10-11-2010 16:56,36,394,163.8,0,0,2,1,1,lost,1.079452055,176.8142466
16663,729,1,165,10-12-2009 13:12,10-12-2009 13:12,100,729,165,0,0,1,2,1,lost,1.997260274,329.5479452
16664,569,1,109.2,19-05-2010 17:11,19-05-2010 17:11,24,569,109.2,0,0,1,2,1,lost,1.55890411,170.2323288
16665,362,1,135.4,12-12-2010 14:03,12-12-2010 14:03,59,362,135.4,0,0,2,2,1,lost,0.991780822,134.2871233
16666,19,2,225.94,28-03-2010 15:13,20-11-2011 14:01,367,621,112.97,0,0,5,2,1,New_customers,1.701369863,384.4075068
16667,68,2,570.13,28-02-2011 12:57,02-10-2011 15:26,237,284,285.065,0,0,3,2,2,Needs_Attention,0.778082192,443.608
16668,15,13,862.42,18-03-2010 18:25,24-11-2011 17:43,773,631,66.34,0,0,5,5,3,Loyal_customers,1.728767123,1490.923342
16669,24,3,1374.87,22-09-2011 14:13,16-11-2011 12:26,888,78,458.29,2,0.4,4,3,4,Loyal_customers,0.21369863,293.8078356
16670,17,20,8030.15,10-12-2009 15:28,23-11-2011 09:34,4534,729,401.5075,13,0.393939394,5,5,5,Champions,1.997260274,16038.29959
16671,28,3,1692.27,28-06-2011 11:20,11-11-2011 13:40,875,165,564.09,0,0,4,3,4,Loyal_customers,0.452054795,764.9987671
16672,2,20,8134.94,18-03-2011 10:15,07-12-2011 16:29,2832,267,406.747,3,0.130434783,5,5,5,Champions,0.731506849,5950.764329
16673,679,1,188.83,29-01-2010 14:22,29-01-2010 14:22,101,679,188.83,0,0,1,2,1,lost,1.860273973,351.2755342
16674,55,2,319.61,02-09-2011 13:59,16-10-2011 11:31,188,98,159.805,0,0,4,2,2,New_customers,0.268493151,85.81309589
16675,442,2,608.86,18-08-2010 13:11,24-09-2010 12:15,296,478,304.43,0,0,1,2,2,lost,1.309589041,797.3563836
16676,34,6,2361.9,17-10-2010 13:07,06-11-2011 12:01,927,418,393.65,1,0.142857143,4,4,4,Champions,1.145205479,2704.860822
16677,411,2,880.62,25-02-2010 16:11,24-10-2010 14:53,457,652,440.31,1,0.333333333,1,2,3,Needs_Attention,1.78630137,1573.052712
16678,3,12,3109.99,02-03-2011 09:24,07-12-2011 12:17,2397,283,259.1658333,5,0.294117647,5,5,5,Champions,0.775342466,2411.307315
16679,366,3,793.06,10-06-2010 18:35,08-12-2010 13:51,276,547,264.3533333,0,0,2,3,3,At_Risk,1.498630137,1188.503616
16680,43,3,821.45,23-06-2010 09:30,27-10-2011 17:35,377,535,273.8166667,0,0,4,3,3,Loyal_customers,1.465753425,1204.043151
16681,73,7,1921.84,08-03-2010 14:10,28-09-2011 11:11,1492,641,274.5485714,0,0,3,4,4,Loyal_customers,1.756164384,3375.066959
16682,5,5,1028,05-06-2011 11:02,05-12-2011 12:13,1040,188,205.6,0,0,5,4,3,Loyal_customers,0.515068493,529.490411
16683,534,1,320.25,24-06-2010 10:36,24-06-2010 10:36,190,534,320.25,1,0.5,1,2,2,lost,1.463013699,468.530137
16684,4,55,147142.77,07-12-2009 12:56,05-12-2011 14:06,104810,732,2675.323091,10,0.153846154,5,5,5,Champions,2.005479452,295091.8018
16685,61,2,324.24,09-10-2011 13:44,09-10-2011 13:58,396,61,162.12,0,0,3,2,2,Needs_Attention,0.167123288,54.18805479
16686,47,16,5070.92,06-12-2009 15:48,23-10-2011 13:49,3510,733,316.9325,2,0.111111111,4,5,5,Champions,2.008219178,10183.51879
16687,391,1,157.63,14-11-2010 11:46,14-11-2010 11:46,141,391,157.63,0,0,2,2,1,lost,1.071232877,168.8584384
16688,1,4,1260.86,10-10-2011 12:23,08-12-2011 15:24,804,61,315.215,0,0,5,4,4,Champions,0.167123288,210.7190685
16689,76,2,422.6,18-09-2011 13:29,25-09-2011 11:39,330,82,211.3,1,0.333333333,3,2,2,Needs_Attention,0.224657534,94.94027397
16690,72,4,353.03,14-09-2010 15:00,28-09-2011 15:02,209,451,88.2575,1,0.2,3,4,2,Needs_Attention,1.235616438,436.2096712
16691,418,2,178.83,27-05-2010 14:55,17-10-2010 15:03,92,561,89.415,0,0,1,2,1,lost,1.536986301,274.8592603
16692,256,4,1914.7,24-09-2010 11:31,28-03-2011 14:46,878,442,478.675,0,0,2,4,4,At_Risk,1.210958904,2318.623014
16693,69,5,1199.46,21-02-2010 12:42,02-10-2011 11:10,688,657,239.892,0,0,3,4,3,Loyal_customers,1.8,2159.028
16694,723,1,98.3,16-12-2009 15:45,16-12-2009 15:45,26,723,98.3,0,0,1,2,1,lost,1.980821918,194.7147945
16695,562,2,193.15,27-05-2010 12:24,27-05-2010 12:36,185,562,96.575,0,0,1,2,1,lost,1.539726027,297.3980822
16696,135,4,657.9,05-04-2011 15:20,27-07-2011 14:23,146,248,164.475,0,0,3,4,3,Loyal_customers,0.679452055,447.0115068
16697,241,1,112.75,12-04-2011 17:12,12-04-2011 17:12,27,241,112.75,0,0,2,2,1,lost,0.660273973,74.44589041
16698,227,2,1998,31-03-2011 13:33,27-04-2011 10:52,840,253,999,0,0,2,2,4,Needs_Attention,0.693150685,1384.915068
16699,380,7,994.6,04-12-2009 13:31,24-11-2010 14:38,640,735,142.0857143,1,0.125,2,4,3,At_Risk,2.01369863,2002.824658
16700,9,25,9167.71,02-12-2009 10:51,01-12-2011 11:00,6882,738,366.7084,6,0.193548387,5,5,5,Champions,2.021917808,18536.35611
16701,9,26,9916.73,01-12-2009 19:19,01-12-2011 11:10,11046,738,381.4126923,8,0.235294118,5,5,5,Champions,2.021917808,20050.81299
16702,415,4,1110.83,07-12-2009 16:40,20-10-2010 14:10,692,732,277.7075,1,0.2,1,4,3,At_Risk,2.005479452,2227.74674
16704,618,2,695.66,05-02-2010 14:14,31-03-2010 14:02,455,672,347.83,0,0,1,2,3,Needs_Attention,1.84109589,1280.776767
16705,1,42,43515.051,09-12-2009 13:34,09-12-2011 12:08,22302,730,1036.072643,19,0.31147541,5,5,5,Champions,2,87030.102
16706,37,3,531.35,17-08-2011 15:53,02-11-2011 13:50,249,114,177.1166667,0,0,4,3,2,Needs_Attention,0.312328767,165.9558904
16707,400,4,551.11,09-03-2010 15:16,04-11-2010 14:39,402,640,137.7775,0,0,2,4,2,At_Risk,1.753424658,966.329863
16708,46,1,656.63,25-10-2011 12:20,25-10-2011 12:20,285,46,656.63,0,0,4,2,3,New_customers,0.126027397,82.75336986
16709,85,14,9087.46,09-12-2009 13:16,16-09-2011 10:56,3276,730,649.1042857,0,0,3,5,5,Loyal_customers,2,18174.92
16710,19,22,6349.09,04-12-2009 13:41,20-11-2011 14:50,4399,735,288.595,1,0.043478261,5,5,5,Champions,2.01369863,12785.15384
16711,3,9,2868.48,02-12-2009 13:22,06-12-2011 16:32,1212,737,318.72,1,0.1,5,5,4,Champions,2.019178082,5791.971945
16712,9,13,4266.99,03-11-2010 15:45,30-11-2011 13:48,2093,401,328.23,0,0,5,5,5,Champions,1.098630137,4687.843808
16713,19,32,14560.69,15-12-2009 12:49,21-11-2011 12:36,8683,725,455.0215625,9,0.219512195,5,5,5,Champions,1.98630137,28921.91849
16714,219,4,1529.8,07-02-2010 11:17,05-05-2011 11:09,849,671,382.45,3,0.428571429,2,4,4,At_Risk,1.838356164,2812.31726
16715,78,2,625.52,26-05-2010 12:35,22-09-2011 18:15,1174,563,312.76,0,0,3,2,3,Needs_Attention,1.542465753,964.8431781
16716,267,3,2149.68,19-03-2010 11:05,18-03-2011 10:03,912,631,716.56,1,0.25,2,3,4,At_Risk,1.728767123,3716.29611
16717,24,14,6986.23,07-12-2009 15:55,16-11-2011 12:16,3226,732,499.0164286,6,0.3,4,5,5,Champions,2.005479452,14010.74071
16718,369,5,3647.53,06-12-2009 13:07,05-12-2010 13:03,2343,733,729.506,0,0,2,4,5,At_Risk,2.008219178,7325.039699
16719,15,14,3973.3,13-12-2009 10:59,25-11-2011 09:27,2536,727,283.8071429,3,0.176470588,5,5,5,Champions,1.991780822,7913.94274
16720,26,3,795.48,17-12-2009 17:54,13-11-2011 16:22,479,722,265.16,1,0.25,4,3,3,Loyal_customers,1.978082192,1573.524822
16721,262,1,292.47,22-03-2011 16:08,22-03-2011 16:08,172,262,292.47,0,0,2,2,2,lost,0.717808219,209.9373699
16722,17,22,8989.08,03-12-2009 19:23,22-11-2011 13:28,8580,736,408.5945455,4,0.153846154,5,5,5,Champions,2.016438356,18125.9257
16723,91,4,1301.63,04-12-2009 13:23,09-09-2011 13:01,1002,735,325.4075,0,0,3,4,4,Loyal_customers,2.01369863,2621.090548
16724,405,1,147.35,31-10-2010 11:40,31-10-2010 11:40,69,405,147.35,0,0,2,2,1,lost,1.109589041,163.4979452
16725,302,14,1882.11,13-12-2009 15:54,10-02-2011 16:52,784,726,134.4364286,2,0.125,2,5,4,At_Risk,1.989041096,3743.594137
16726,26,7,2088.41,24-10-2010 16:09,13-11-2011 14:53,1356,411,298.3442857,0,0,4,4,4,Champions,1.126027397,2351.606877
16727,364,4,1437.42,20-01-2010 10:48,10-12-2010 13:48,1109,689,359.355,0,0,2,4,4,At_Risk,1.887671233,2713.376384
16728,46,4,1054.67,20-03-2011 13:28,24-10-2011 14:36,677,264,263.6675,0,0,4,4,3,Loyal_customers,0.723287671,762.8298082
16729,38,21,7239.92,12-04-2011 14:22,01-11-2011 14:29,5783,241,344.7580952,5,0.192307692,4,5,5,Champions,0.660273973,4780.33074
16730,52,3,743.11,24-01-2011 14:01,18-10-2011 14:11,994,319,247.7033333,1,0.25,4,3,3,Loyal_customers,0.873972603,649.4577808
16731,648,1,174.05,01-03-2010 15:05,01-03-2010 15:05,127,648,174.05,0,0,1,2,1,lost,1.775342466,308.9983562
16732,32,4,4387.64,08-12-2009 13:04,08-11-2011 09:54,2414,731,1096.91,5,0.555555556,4,4,5,Champions,2.002739726,8787.300932
16733,530,1,259.68,28-06-2010 10:12,28-06-2010 10:12,112,530,259.68,0,0,1,2,1,lost,1.452054795,377.069589
16734,52,3,650.51,17-08-2011 15:00,18-10-2011 13:44,346,114,216.8366667,0,0,4,3,3,Loyal_customers,0.312328767,203.1729863
16735,79,14,6270.56,08-12-2009 09:24,22-09-2011 11:49,4281,732,447.8971429,8,0.363636364,3,5,5,Loyal_customers,2.005479452,12575.47923
16736,506,5,2956.56,03-12-2009 16:12,22-07-2010 10:09,1050,736,591.312,3,0.375,1,4,4,At_Risk,2.016438356,5961.720986
16737,53,2,835.2,11-05-2010 09:53,17-10-2011 13:03,576,578,417.6,0,0,4,2,3,New_customers,1.583561644,1322.590685
16738,298,1,3.75,15-02-2011 09:46,15-02-2011 09:46,3,298,3.75,0,0,2,2,1,lost,0.816438356,3.061643836
16739,177,2,786.43,21-06-2010 09:38,16-06-2011 09:17,391,537,393.215,2,0.5,3,2,3,Needs_Attention,1.471232877,1157.021671
16740,395,1,236.81,09-11-2010 13:34,09-11-2010 13:34,116,395,236.81,0,0,2,2,1,lost,1.082191781,256.2738356
16741,625,1,173.06,24-03-2010 15:15,24-03-2010 15:15,81,625,173.06,0,0,1,2,1,lost,1.712328767,296.3356164
16742,47,14,2852.61,16-12-2009 17:22,24-10-2011 12:02,2600,723,203.7578571,1,0.066666667,4,5,4,Champions,1.980821918,5650.512411
16743,29,14,4253.26,22-04-2010 13:21,10-11-2011 13:13,3738,596,303.8042857,1,0.066666667,4,5,5,Champions,1.632876712,6945.049205
16744,11,7,1304.76,19-06-2011 15:13,28-11-2011 13:06,805,173,186.3942857,0,0,5,4,4,Champions,0.473972603,618.4204932
16745,87,17,7194.3,01-02-2011 11:31,14-09-2011 11:58,6735,312,423.1941176,1,0.055555556,3,5,5,Loyal_customers,0.854794521,6149.648219
16746,5,42,18066.4,04-12-2009 13:00,05-12-2011 12:33,11906,735,430.152381,4,0.086956522,5,5,5,Champions,2.01369863,36380.28493
16747,38,2,836.06,03-10-2011 10:18,02-11-2011 11:37,583,68,418.03,2,0.5,4,2,3,New_customers,0.18630137,155.7591233
16748,18,14,3637.33,10-12-2009 12:28,22-11-2011 10:17,2127,730,259.8092857,1,0.066666667,5,5,5,Champions,2,7274.66
16749,591,2,4387.08,15-12-2009 14:05,27-04-2010 13:06,2078,724,2193.54,0,0,1,2,5,Needs_Attention,1.983561644,8702.043616
16750,45,5,623.93,21-04-2011 16:53,26-10-2011 12:48,214,232,124.786,0,0,4,4,3,Loyal_customers,0.635616438,396.5801644
16751,31,1,1764.72,09-11-2011 10:48,09-11-2011 10:48,1031,31,1764.72,0,0,4,2,4,New_customers,0.084931507,149.8803288
16752,373,1,415,02-12-2010 12:18,02-12-2010 12:18,108,373,415,0,0,2,2,2,lost,1.021917808,424.0958904
16753,58,1,223.92,12-10-2011 13:14,12-10-2011 13:14,189,58,223.92,0,0,4,2,1,New_customers,0.15890411,35.58180822
16754,372,29,67502.47,08-03-2010 11:32,02-12-2010 17:38,67831,642,2327.671379,6,0.171428571,2,5,5,At_Risk,1.75890411,118730.3719
16755,114,7,2900.58,09-12-2009 14:25,17-08-2011 13:21,1999,730,414.3685714,3,0.3,3,4,4,Loyal_customers,2,5801.16
16756,215,7,1312.37,09-03-2010 15:56,09-05-2011 09:33,707,640,187.4814286,2,0.222222222,2,4,4,At_Risk,1.753424658,2301.141918
16757,319,2,270.48,26-10-2010 15:09,25-01-2011 11:59,180,409,135.24,0,0,2,2,1,lost,1.120547945,303.0858082
16758,65,1,369.34,05-10-2011 14:47,05-10-2011 14:47,203,65,369.34,0,0,3,2,2,Needs_Attention,0.178082192,65.77287671
16759,8,3,789.79,09-11-2011 09:06,02-12-2011 12:42,609,31,263.2633333,1,0.25,5,3,3,Loyal_customers,0.084931507,67.07805479
16760,430,1,228,05-10-2010 15:55,05-10-2010 15:55,168,430,228,0,0,1,2,1,lost,1.178082192,268.6027397
16761,97,1,316.62,04-09-2011 11:15,04-09-2011 11:15,341,97,316.62,0,0,3,2,2,Needs_Attention,0.265753425,84.14284932
16762,20,3,1501.38,18-07-2011 12:52,20-11-2011 11:43,618,144,500.46,0,0,4,3,4,Loyal_customers,0.394520548,592.3252603
16763,199,2,964.7,01-12-2009 15:26,25-05-2011 11:52,492,738,482.35,1,0.333333333,2,2,3,Needs_Attention,2.021917808,1950.54411
16764,4,13,2799.25,19-07-2011 17:17,06-12-2011 11:41,1259,143,215.3269231,5,0.277777778,5,5,4,Champions,0.391780822,1096.692466
16765,294,2,454.75,22-11-2010 13:42,18-02-2011 15:41,311,382,227.375,0,0,2,2,2,lost,1.046575342,475.930137
16766,273,2,1145.6,11-03-2011 13:34,11-03-2011 15:22,536,273,572.8,0,0,2,2,3,Needs_Attention,0.747945205,856.8460274
16767,31,15,8073.8,28-04-2010 16:49,09-11-2011 09:42,7121,590,538.2533333,1,0.0625,4,5,5,Champions,1.616438356,13050.8
16768,48,9,1708.12,07-12-2009 11:47,23-10-2011 10:38,777,733,189.7911111,5,0.357142857,4,5,4,Champions,2.008219178,3430.279342
16769,260,4,1141.75,14-12-2009 11:10,24-03-2011 13:41,301,726,285.4375,0,0,2,4,3,At_Risk,1.989041096,2270.987671
16770,58,9,1932.13,22-08-2010 16:08,13-10-2011 12:21,1120,474,214.6811111,2,0.181818182,4,5,4,Champions,1.298630137,2509.122247
16771,33,10,3967.6,09-12-2009 11:52,06-11-2011 13:28,2314,731,396.76,0,0,4,5,5,Champions,2.002739726,7946.070137
16772,423,3,3723.55,18-12-2009 10:50,12-10-2010 13:19,689,722,1241.183333,2,0.4,1,3,5,At_Risk,1.978082192,7365.487945
16773,57,3,421.24,06-12-2009 15:01,13-10-2011 14:37,252,733,140.4133333,0,0,4,3,2,Needs_Attention,2.008219178,845.9422466
16774,68,8,1594.45,16-02-2010 16:53,03-10-2011 12:41,785,661,199.30625,1,0.111111111,3,5,4,Loyal_customers,1.810958904,2887.483425
16775,10,16,3056.89,23-09-2010 17:34,29-11-2011 15:22,1020,442,191.055625,1,0.058823529,5,5,5,Champions,1.210958904,3701.768164
16776,60,2,619.85,20-10-2010 12:13,10-10-2011 13:04,450,416,309.925,0,0,3,2,3,Needs_Attention,1.139726027,706.4591781
16777,80,5,1307.76,17-03-2010 12:42,20-09-2011 13:41,475,633,261.552,1,0.166666667,3,4,4,Loyal_customers,1.734246575,2267.978301
16778,74,2,245.94,10-03-2011 15:21,26-09-2011 13:48,194,274,122.97,0,0,3,2,1,Needs_Attention,0.750684932,184.6234521
16779,2,53,33268.24,03-12-2009 13:03,07-12-2011 14:54,19626,736,627.7026415,9,0.14516129,5,5,5,Champions,2.016438356,67083.35518
16780,100,3,605.55,28-10-2010 19:41,31-08-2011 16:09,355,407,201.85,0,0,3,3,2,Needs_Attention,1.115068493,675.229726
16781,372,2,934.25,08-02-2010 13:56,02-12-2010 14:26,305,669,467.125,1,0.333333333,2,2,3,Needs_Attention,1.832876712,1712.365068
16782,10,38,10438.41,09-12-2009 11:58,29-11-2011 13:20,4285,731,274.695,12,0.24,5,5,5,Champions,2.002739726,20905.41838
16783,437,1,391.95,29-09-2010 11:53,29-09-2010 11:53,163,437,391.95,0,0,1,2,2,lost,1.197260274,469.2661644
16784,20,5,896.53,28-03-2010 12:55,20-11-2011 12:20,496,621,179.306,0,0,4,4,3,Loyal_customers,1.701369863,1525.329123
16785,410,1,533.78,26-10-2010 10:36,26-10-2010 10:36,313,410,533.78,0,0,2,2,2,lost,1.123287671,599.5884932
16786,394,1,51.84,11-11-2010 08:25,11-11-2010 08:25,72,394,51.84,0,0,2,2,1,lost,1.079452055,55.95879452
16787,398,4,1035.43,10-01-2010 11:12,07-11-2010 11:01,474,699,258.8575,0,0,2,4,3,At_Risk,1.915068493,1982.91937
16788,123,5,1950.3,07-02-2010 12:40,08-08-2011 14:53,985,671,390.06,0,0,3,4,4,Loyal_customers,1.838356164,3585.346027
16789,8,1,80.8,01-12-2011 15:12,01-12-2011 15:12,32,8,80.8,0,0,5,2,1,New_customers,0.021917808,1.770958904
16790,4,6,1545.62,02-11-2011 11:23,06-12-2011 11:53,898,38,257.6033333,2,0.25,5,4,4,Champions,0.104109589,160.913863
16791,29,15,4038.69,03-12-2009 18:08,10-11-2011 19:12,1874,736,269.246,3,0.166666667,4,5,5,Champions,2.016438356,8143.769425
16792,282,5,623.46,04-01-2010 13:47,02-03-2011 14:41,324,704,124.692,0,0,2,4,3,At_Risk,1.928767123,1202.509151
16793,57,1,243.84,13-10-2011 15:08,13-10-2011 15:08,146,57,243.84,0,0,4,2,1,New_customers,0.156164384,38.07912329
16794,1,15,2090.91,25-03-2010 15:17,08-12-2011 17:54,1602,624,139.394,2,0.117647059,5,5,4,Champions,1.709589041,3574.596822
16795,365,3,2492.39,25-01-2010 13:14,09-12-2010 14:08,1459,683,830.7966667,2,0.4,2,3,4,At_Risk,1.871232877,4663.84211
16796,89,1,305.62,11-09-2011 14:01,11-09-2011 14:01,186,89,305.62,0,0,3,2,2,Needs_Attention,0.243835616,74.5210411
16797,393,5,1827.77,02-12-2009 13:33,11-11-2010 19:14,909,737,365.554,4,0.444444444,2,4,4,At_Risk,2.019178082,3690.593123
16798,554,3,848.71,10-12-2009 19:35,03-06-2010 19:01,209,729,282.9033333,1,0.25,1,3,3,At_Risk,1.997260274,1695.094767
16799,432,2,495.98,12-09-2010 12:46,03-10-2010 14:28,176,454,247.99,1,0.333333333,1,2,2,lost,1.243835616,616.917589
16800,11,1,1201.49,28-11-2011 14:06,28-11-2011 14:06,540,11,1201.49,0,0,5,2,3,New_customers,0.030136986,36.20928767
16801,163,4,1619.73,11-03-2011 13:56,29-06-2011 15:33,499,273,404.9325,1,0.2,3,4,4,Loyal_customers,0.747945205,1211.469288
16802,679,2,582.61,09-12-2009 13:00,29-01-2010 13:44,369,730,291.305,0,0,1,2,2,lost,2,1165.22
16803,65,1,332.3,05-10-2011 14:28,05-10-2011 14:28,245,65,332.3,0,0,3,2,2,Needs_Attention,0.178082192,59.17671233
16804,23,3,536.99,14-03-2011 15:48,16-11-2011 16:43,246,270,178.9966667,0,0,4,3,2,Needs_Attention,0.739726027,397.2254795
16805,174,5,1097.24,08-12-2009 14:29,19-06-2011 11:23,1122,731,219.448,0,0,3,4,3,Loyal_customers,2.002739726,2197.486137
16806,103,4,801.49,14-04-2011 19:59,28-08-2011 15:27,378,239,200.3725,0,0,3,4,3,Loyal_customers,0.654794521,524.8112603
16807,143,6,2123.88,26-03-2010 14:38,20-07-2011 12:00,1433,623,353.98,2,0.25,3,4,4,Loyal_customers,1.706849315,3625.143123
16808,99,2,288.42,10-03-2011 19:05,01-09-2011 19:34,196,274,144.21,0,0,3,2,1,Needs_Attention,0.750684932,216.5125479
16809,23,9,1727.43,13-04-2010 15:34,16-11-2011 15:45,1093,605,191.9366667,1,0.1,4,5,4,Champions,1.657534247,2863.274384
16810,192,2,842.04,15-10-2010 15:32,31-05-2011 15:32,372,420,421.02,2,0.5,2,2,3,Needs_Attention,1.150684932,968.9227397
16811,5,2,547.07,22-11-2011 17:19,05-12-2011 11:39,477,17,273.535,0,0,5,2,2,New_customers,0.046575342,25.4799726
16812,361,4,2392,22-11-2010 14:36,14-12-2010 12:35,1116,382,598,1,0.2,2,4,4,At_Risk,1.046575342,2503.408219
16813,8,10,1692.98,19-05-2011 13:28,01-12-2011 14:03,1525,204,169.298,0,0,5,5,4,Champions,0.55890411,946.2134795
16814,14,36,12499.71,11-04-2010 12:45,25-11-2011 13:27,5066,608,347.2141667,1,0.027027027,5,5,5,Champions,1.665753425,20821.43474
16815,454,2,410.97,21-06-2010 12:05,12-09-2010 10:59,238,537,205.485,0,0,1,2,2,lost,1.471232877,604.6325753
16816,103,4,417.06,16-12-2010 17:01,28-08-2011 14:16,274,358,104.265,0,0,3,4,2,Needs_Attention,0.980821918,409.061589
16817,3,13,2804.9,04-10-2010 09:06,07-12-2011 11:03,1565,432,215.7615385,5,0.277777778,5,5,4,Champions,1.183561644,3319.772055
16818,11,11,3349.57,18-05-2011 11:42,29-11-2011 10:41,2164,206,304.5063636,2,0.153846154,5,5,5,Champions,0.564383562,1890.442247
16819,465,2,182.59,31-08-2010 17:31,31-08-2010 17:37,253,465,91.295,0,0,1,2,1,lost,1.273972603,232.6146575
16820,96,1,497.61,05-09-2011 12:06,05-09-2011 12:06,307,96,497.61,0,0,3,2,2,Needs_Attention,0.263013699,130.8782466
16821,382,1,113.35,23-11-2010 10:04,23-11-2010 10:04,13,382,113.35,0,0,2,2,1,lost,1.046575342,118.6293151
16822,686,1,181.39,22-01-2010 14:22,22-01-2010 14:22,171,686,181.39,2,0.666666667,1,2,1,lost,1.879452055,340.9138082
16823,227,7,2260.09,02-12-2009 09:57,26-04-2011 15:00,1168,738,322.87,1,0.125,2,4,4,At_Risk,2.021917808,4569.716219
16824,16,3,686.24,11-11-2010 12:21,24-11-2011 12:38,390,394,228.7466667,0,0,5,3,3,Loyal_customers,1.079452055,740.7631781
16825,39,5,1826.89,23-06-2010 13:14,01-11-2011 11:51,1297,534,365.378,0,0,4,4,4,Champions,1.463013699,2672.765096
16826,51,1,341.7,19-10-2011 14:05,19-10-2011 14:05,158,51,341.7,0,0,4,2,2,New_customers,0.139726027,47.74438356
16827,393,5,392.13,29-04-2010 19:07,11-11-2010 14:04,125,589,78.426,0,0,2,4,2,At_Risk,1.61369863,632.7796438
16828,93,2,128.5,19-08-2011 13:24,07-09-2011 15:10,59,112,64.25,0,0,3,2,1,Needs_Attention,0.306849315,39.43013699
16829,157,2,513.32,16-11-2010 18:11,06-07-2011 10:48,215,388,256.66,0,0,3,2,2,Needs_Attention,1.063013699,545.6661918
16830,39,4,1207.5,13-12-2009 12:11,01-11-2011 11:35,699,727,301.875,1,0.2,4,4,3,Loyal_customers,1.991780822,2405.075342
16831,565,1,91.8,24-05-2010 09:08,24-05-2010 09:08,48,565,91.8,0,0,1,2,1,lost,1.547945205,142.1013699
16832,184,5,417.61,07-09-2010 12:35,08-06-2011 15:36,179,459,83.522,0,0,3,4,2,Needs_Attention,1.257534247,525.1588767
16833,1,6,2409.04,26-03-2010 15:31,08-12-2011 14:39,878,623,401.5066667,0,0,5,4,4,Champions,1.706849315,4111.868274
16834,228,2,898.96,03-02-2010 14:24,26-04-2011 09:37,760,674,449.48,0,0,2,3,3,At_Risk,1.846575342,1659.99737
16835,128,6,1538.41,19-05-2010 08:41,03-08-2011 13:50,515,570,256.4016667,4,0.4,3,4,4,Loyal_customers,1.561643836,2402.448493
16836,40,4,782.37,14-05-2010 12:52,31-10-2011 10:05,539,574,195.5925,0,0,4,4,3,Loyal_customers,1.57260274,1230.357205
16837,31,11,3170.98,08-04-2011 08:48,08-11-2011 14:27,1563,246,288.2709091,1,0.083333333,4,5,5,Champions,0.673972603,2137.153644
16838,197,4,1159.61,14-02-2010 15:27,26-05-2011 13:13,509,663,289.9025,2,0.333333333,2,4,3,At_Risk,1.816438356,2106.360082
16839,9,44,22310.49,11-02-2010 15:02,01-12-2011 09:03,11527,666,507.0565909,7,0.137254902,5,5,5,Champions,1.824657534,40709.00367
16840,603,2,139.85,03-02-2010 12:42,15-04-2010 15:48,117,675,69.925,1,0.333333333,1,3,1,At_Risk,1.849315068,258.6267123
16841,37,12,4006.06,12-01-2010 11:32,03-11-2011 11:51,3478,697,333.8383333,2,0.142857143,4,5,5,Champions,1.909589041,7649.928274
16842,101,3,1264.19,10-02-2011 14:51,31-08-2011 10:42,693,302,421.3966667,1,0.25,3,3,4,Loyal_customers,0.82739726,1045.987342
16843,43,35,19571.43,10-12-2009 11:40,28-10-2011 09:06,18502,730,559.1837143,3,0.078947368,4,5,5,Champions,2,39142.86
16844,563,2,614.34,06-05-2010 09:16,26-05-2010 10:29,281,583,307.17,0,0,1,3,2,At_Risk,1.597260274,981.2608767
16845,618,1,253.88,31-03-2010 13:09,31-03-2010 13:09,167,618,253.88,0,0,1,2,1,lost,1.693150685,429.8570959
16846,50,3,842.41,10-03-2010 12:03,20-10-2011 13:55,517,640,280.8033333,0,0,4,3,3,Loyal_customers,1.753424658,1477.102466
16847,43,2,614.89,31-03-2010 13:32,27-10-2011 13:29,255,618,307.445,0,0,4,3,2,Needs_Attention,1.693150685,1041.101425
16848,53,4,1411.62,03-10-2010 11:01,18-10-2011 08:42,780,433,352.905,0,0,4,4,4,Champions,1.18630137,1674.60674
16849,187,1,124.57,06-06-2011 09:16,06-06-2011 09:16,33,187,124.57,0,0,3,2,1,Needs_Attention,0.512328767,63.82079452
16850,334,1,332.41,10-01-2011 11:09,10-01-2011 11:09,249,334,332.41,0,0,2,2,2,lost,0.915068493,304.1779178
16851,4,3,342.45,19-10-2011 09:48,05-12-2011 13:32,271,52,114.15,0,0,5,3,2,Needs_Attention,0.142465753,48.78739726
16852,10,2,144.91,16-06-2011 15:49,29-11-2011 13:22,56,176,72.455,0,0,5,3,1,Needs_Attention,0.482191781,69.87441096
16854,417,2,1408.96,09-03-2010 14:32,18-10-2010 16:31,997,640,704.48,0,0,1,3,4,At_Risk,1.753424658,2470.505205
16855,24,2,328.4,27-10-2011 16:31,16-11-2011 12:03,164,43,164.2,0,0,4,3,2,Needs_Attention,0.117808219,38.68821918
16856,15,3,358.49,23-09-2010 13:11,25-11-2011 08:59,171,442,119.4966667,0,0,5,3,2,Needs_Attention,1.210958904,434.1166575
16857,443,1,352.8,23-09-2010 10:49,23-09-2010 10:49,168,443,352.8,0,0,1,2,2,lost,1.21369863,428.1928767
16858,369,10,4668.28,15-12-2009 11:09,06-12-2010 09:52,1514,725,466.828,6,0.375,2,5,5,At_Risk,1.98630137,9272.610959
16859,145,7,1932.41,04-03-2010 12:37,18-07-2011 12:19,1899,646,276.0585714,3,0.3,3,4,4,Loyal_customers,1.769863014,3420.100986
16860,453,3,1610.62,15-02-2010 13:46,13-09-2010 10:05,625,662,536.8733333,1,0.25,1,3,4,At_Risk,1.81369863,2921.179288
16861,60,5,946.59,19-07-2010 11:44,11-10-2011 09:05,616,509,189.318,1,0.166666667,3,4,3,Loyal_customers,1.394520548,1320.039205
16862,547,4,662.33,07-01-2010 12:57,10-06-2010 13:05,513,701,165.5825,0,0,1,4,3,At_Risk,1.920547945,1272.036521
16863,31,3,998.52,26-10-2010 10:03,08-11-2011 15:26,745,410,332.84,2,0.4,4,3,3,Loyal_customers,1.123287671,1121.625205
16864,434,2,409.25,20-04-2010 11:56,01-10-2010 16:16,283,599,204.625,0,0,1,3,2,At_Risk,1.64109589,671.6184932
16865,402,1,130.95,03-11-2010 11:34,03-11-2010 11:34,157,402,130.95,0,0,2,2,1,lost,1.101369863,144.2243836
16866,141,3,207.74,01-07-2011 12:34,22-07-2011 10:06,60,162,69.24666667,0,0,3,3,1,Needs_Attention,0.443835616,92.20241096
16867,690,1,76.74,19-01-2010 09:11,19-01-2010 09:11,58,690,76.74,0,0,1,2,1,lost,1.890410959,145.070137
16868,394,3,393.39,25-04-2010 11:31,10-11-2010 13:17,116,594,131.13,0,0,2,3,2,At_Risk,1.62739726,640.2018082
16869,23,4,825.42,17-06-2011 13:01,17-11-2011 12:02,585,175,206.355,1,0.2,4,4,3,Loyal_customers,0.479452055,395.7493151
16870,469,1,450.16,27-08-2010 13:53,27-08-2010 13:53,278,469,450.16,0,0,1,2,2,lost,1.284931507,578.4247671
16871,22,6,2812.34,14-03-2011 10:31,17-11-2011 19:27,1253,271,468.7233333,1,0.142857143,4,4,4,Champions,0.742465753,2088.066137
16872,77,6,1213.13,02-09-2010 17:36,23-09-2011 16:05,1079,463,202.1883333,0,0,3,4,3,Loyal_customers,1.268493151,1538.847096
16873,5,12,14617.39,09-02-2010 14:17,05-12-2011 12:05,8601,668,1218.115833,5,0.294117647,5,5,5,Champions,1.830136986,26751.82608
16874,379,1,217.74,25-11-2010 13:08,25-11-2010 13:08,81,379,217.74,0,0,2,2,1,lost,1.038356164,226.0916712
16875,67,11,4234.53,05-01-2010 09:16,03-10-2011 13:39,2099,704,384.9572727,9,0.45,3,5,5,Loyal_customers,1.928767123,8167.422247
16876,404,1,136.01,01-11-2010 11:59,01-11-2010 11:59,181,404,136.01,0,0,2,2,1,lost,1.106849315,150.5425753
16877,12,6,853.72,15-05-2011 16:13,27-11-2011 13:47,463,208,142.2866667,0,0,5,4,3,Loyal_customers,0.569863014,486.5034521
16878,84,1,13.3,16-09-2011 17:39,16-09-2011 17:39,12,84,13.3,1,0.5,3,2,1,Needs_Attention,0.230136986,3.060821918
16880,31,8,1840.86,03-08-2010 13:54,09-11-2011 11:33,911,493,230.1075,0,0,4,5,4,Champions,1.350684932,2486.421863
16881,67,1,432,04-10-2011 10:33,04-10-2011 10:33,600,67,432,0,0,3,2,2,Needs_Attention,0.183561644,79.29863014
16882,67,3,705.12,26-01-2011 17:43,04-10-2011 10:42,424,317,235.04,0,0,3,3,3,Loyal_customers,0.868493151,612.3918904
16883,187,19,2396.59,04-12-2009 12:07,05-06-2011 12:51,1080,736,126.1363158,1,0.05,3,5,4,Loyal_customers,2.016438356,4832.576
16884,38,4,1073.92,18-05-2010 12:00,02-11-2011 11:52,521,571,268.48,0,0,4,4,3,Loyal_customers,1.564383562,1680.022795
16885,15,4,710.74,19-11-2010 12:51,24-11-2011 13:40,376,385,177.685,0,0,5,4,3,Loyal_customers,1.054794521,749.6846575
16886,456,1,134,09-09-2010 15:08,09-09-2010 15:08,48,456,134,1,0.5,1,2,1,lost,1.249315068,167.4082192
16887,35,3,660.72,01-12-2009 13:41,04-11-2011 14:07,424,738,220.24,0,0,4,3,3,Loyal_customers,2.021917808,1335.921534
16888,401,3,437.15,07-01-2010 13:07,04-11-2010 12:39,147,701,145.7166667,0,0,2,3,2,At_Risk,1.920547945,839.5675342
16889,195,6,2530.9,23-05-2010 10:46,29-05-2011 11:05,1616,566,421.8166667,0,0,2,4,4,At_Risk,1.550684932,3924.628493
16890,477,3,285.41,06-05-2010 16:27,20-08-2010 11:23,243,582,95.13666667,0,0,1,3,1,At_Risk,1.594520548,455.0921096
16891,2,11,2056.82,04-12-2009 12:37,08-12-2011 11:15,774,736,186.9836364,0,0,5,5,4,Champions,2.016438356,4147.45074
16892,1,7,762.1,08-12-2009 14:20,08-12-2011 13:18,370,731,108.8714286,2,0.222222222,5,4,3,Loyal_customers,2.002739726,1526.287945
16893,367,2,401.77,28-11-2010 15:14,08-12-2010 12:06,182,376,200.885,0,0,2,3,2,At_Risk,1.030136986,413.878137
16894,502,3,1324.06,22-06-2010 14:21,25-07-2010 15:43,507,535,441.3533333,2,0.4,1,3,4,At_Risk,1.465753425,1940.745479
16895,65,5,1121.42,12-02-2010 11:07,06-10-2011 12:15,433,666,224.284,0,0,3,4,3,Loyal_customers,1.824657534,2046.207452
16896,555,1,103.95,02-06-2010 15:40,02-06-2010 15:40,18,555,103.95,0,0,1,2,1,lost,1.520547945,158.0609589
16897,299,2,289.78,30-01-2011 11:52,13-02-2011 15:02,73,314,144.89,1,0.333333333,2,3,1,At_Risk,0.860273973,249.2901918
16898,26,5,1016.37,12-05-2010 12:18,13-11-2011 15:44,805,577,203.274,1,0.166666667,4,4,3,Loyal_customers,1.580821918,1606.699973
16899,8,8,1721.02,07-11-2010 15:00,02-12-2011 12:03,818,397,215.1275,0,0,5,5,4,Champions,1.087671233,1871.903945
16900,17,3,887.11,07-10-2011 13:17,23-11-2011 10:32,833,63,295.7033333,2,0.4,5,3,3,Loyal_customers,0.17260274,153.1176164
16901,729,1,204.26,10-12-2009 16:30,10-12-2009 16:30,42,729,204.26,0,0,1,2,1,lost,1.997260274,407.9603836
16902,116,1,1706.88,15-08-2011 14:17,15-08-2011 14:17,629,116,1706.88,0,0,3,2,4,Needs_Attention,0.317808219,542.4604932
16903,29,3,1062.28,20-10-2010 14:42,10-11-2011 15:32,747,415,354.0933333,1,0.25,4,3,3,Loyal_customers,1.136986301,1207.797808
16904,4,21,5132.37,24-10-2010 16:03,05-12-2011 13:10,2809,411,244.3985714,0,0,5,5,5,Champions,1.126027397,5779.189233
16905,5,17,5034.15,10-12-2009 20:04,04-12-2011 14:01,2059,729,296.1264706,3,0.15,5,5,5,Champions,1.997260274,10054.50781
16906,82,7,1448.8,13-05-2010 13:23,19-09-2011 11:49,613,575,206.9714286,0,0,3,4,4,Loyal_customers,1.575342466,2282.356164
16907,29,9,1707.9,01-07-2010 17:30,10-11-2011 18:04,532,526,189.7666667,0,0,4,5,4,Champions,1.44109589,2461.247671
16908,722,1,252.59,17-12-2009 13:35,17-12-2009 13:35,61,722,252.59,1,0.5,1,2,1,lost,1.978082192,499.6437808
16909,72,1,379.14,28-09-2011 16:45,28-09-2011 16:45,436,72,379.14,1,0.5,3,2,2,Needs_Attention,0.197260274,74.78926027
16910,4,8,1510.06,09-09-2011 14:14,05-12-2011 12:51,886,91,188.7575,0,0,5,5,4,Champions,0.249315068,376.4807123
16911,636,2,255.25,16-02-2010 16:12,14-03-2010 12:18,161,661,127.625,1,0.333333333,1,3,1,At_Risk,1.810958904,462.2472603
16912,29,15,4480.31,09-12-2009 12:32,11-11-2011 12:18,1693,731,298.6873333,3,0.166666667,4,5,5,Champions,2.002739726,8972.894822
16913,290,3,423.91,26-02-2010 12:06,22-02-2011 12:56,229,652,141.3033333,0,0,2,3,2,At_Risk,1.78630137,757.2310137
16914,36,1,208.46,03-11-2011 15:27,03-11-2011 15:27,121,36,208.46,0,0,4,2,1,New_customers,0.098630137,20.56043836
16915,9,11,1543.18,19-05-2010 13:32,30-11-2011 16:39,190,569,140.2890909,0,0,5,5,4,Champions,1.55890411,2405.669644
16916,24,4,1123.4,20-10-2010 12:56,16-11-2011 12:08,764,415,280.85,0,0,4,4,3,Loyal_customers,1.136986301,1277.290411
16917,277,2,1857.83,17-03-2010 15:24,08-03-2011 11:55,793,632,928.915,1,0.333333333,2,3,4,At_Risk,1.731506849,3216.84537
16918,50,16,3213.29,03-12-2009 12:27,21-10-2011 12:50,2069,737,200.830625,3,0.157894737,4,5,5,Champions,2.019178082,6488.20474
16919,156,24,5125.91,19-08-2010 15:28,06-07-2011 13:35,2425,477,213.5795833,4,0.142857143,3,5,5,Loyal_customers,1.306849315,6698.791973
16920,411,1,355.45,24-10-2010 14:07,24-10-2010 14:07,81,411,355.45,0,0,1,2,2,lost,1.126027397,400.2464384
16921,61,3,446.67,18-04-2010 15:34,09-10-2011 16:22,299,600,148.89,0,0,3,3,2,Needs_Attention,1.643835616,734.2520548
16922,573,1,611.08,16-05-2010 11:24,16-05-2010 11:24,281,573,611.08,0,0,1,2,2,lost,1.569863014,959.3118904
16923,12,32,13378.36,31-01-2010 11:14,27-11-2011 13:00,6269,678,418.07375,9,0.219512195,5,5,5,Champions,1.857534247,24850.76186
16924,21,3,846.75,16-09-2011 12:54,18-11-2011 12:53,493,84,282.25,1,0.25,4,3,3,Loyal_customers,0.230136986,194.8684932
16925,540,1,125.65,17-06-2010 15:03,17-06-2010 15:03,123,540,125.65,0,0,1,2,1,lost,1.479452055,185.8931507
16926,371,5,1421.35,01-07-2010 12:57,03-12-2010 13:42,237,526,284.27,1,0.166666667,2,4,4,At_Risk,1.44109589,2048.301644
16927,116,3,543.05,13-12-2010 11:57,16-08-2011 11:10,993,362,181.0166667,0,0,3,3,2,Needs_Attention,0.991780822,538.5865753
16928,80,29,4113.23,03-02-2010 12:30,20-09-2011 15:10,2755,675,141.8355172,4,0.121212121,3,5,5,Loyal_customers,1.849315068,7606.658219
16929,4,7,1295.39,07-07-2011 12:39,06-12-2011 08:37,929,156,185.0557143,0,0,5,4,4,Champions,0.42739726,553.646137
16930,26,3,380.55,02-10-2011 14:25,13-11-2011 16:13,341,68,126.85,0,0,4,3,2,Needs_Attention,0.18630137,70.8969863
16931,5,23,5233.62,07-11-2010 13:24,04-12-2011 13:15,3463,397,227.5486957,0,0,5,5,5,Champions,1.087671233,5692.457918
16932,53,3,440.71,17-05-2010 14:15,17-10-2011 14:12,229,571,146.9033333,0,0,4,3,2,Needs_Attention,1.564383562,689.4394795
16933,1,9,3181.25,09-12-2009 15:03,08-12-2011 12:54,1547,730,353.4722222,7,0.4375,5,5,5,Champions,2,6362.5
16934,55,6,2110.99,28-03-2010 12:43,16-10-2011 12:40,939,622,351.8316667,1,0.142857143,4,4,4,Champions,1.704109589,3597.358301
16935,382,3,535.1,14-10-2010 13:09,23-11-2010 09:16,278,421,178.3666667,0,0,2,3,2,At_Risk,1.153424658,617.1975342
16936,26,2,551.17,19-11-2010 11:54,14-11-2011 11:04,342,386,275.585,0,0,4,3,2,Needs_Attention,1.057534247,582.8811507
16937,499,1,202.1,28-07-2010 17:56,28-07-2010 17:56,126,499,202.1,0,0,1,2,1,lost,1.367123288,276.2956164
16938,9,9,7043.18,17-02-2010 14:47,01-12-2011 10:20,5084,660,782.5755556,1,0.1,5,5,5,Champions,1.808219178,12735.61315
16939,489,3,449,28-02-2010 13:33,08-08-2010 12:24,232,649,149.6666667,0,0,1,3,2,At_Risk,1.778082192,798.3589041
16940,52,8,6427.66,08-12-2009 13:08,18-10-2011 13:15,4503,731,803.4575,3,0.272727273,4,5,5,Champions,2.002739726,12872.93003
16941,612,1,33,07-04-2010 11:13,07-04-2010 11:13,12,612,33,0,0,1,2,1,lost,1.676712329,55.33150685
16942,13,9,1920.59,26-04-2011 11:59,27-11-2011 12:40,811,228,213.3988889,1,0.1,5,5,4,Champions,0.624657534,1199.711014
16943,212,5,1299.49,25-03-2010 13:34,12-05-2011 11:57,147,624,259.898,2,0.285714286,2,4,4,At_Risk,1.709589041,2221.593863
16944,610,1,101.36,09-04-2010 11:03,09-04-2010 11:03,27,610,101.36,0,0,1,2,1,lost,1.671232877,169.3961644
16945,22,33,8548.16,09-12-2009 11:33,18-11-2011 11:39,5889,731,259.0351515,2,0.057142857,4,5,5,Champions,2.002739726,17119.73962
16946,383,5,1222.04,02-03-2010 10:49,21-11-2010 14:06,509,648,244.408,1,0.166666667,2,4,3,At_Risk,1.775342466,2169.539507
16947,236,5,955.21,03-03-2010 10:54,18-04-2011 09:38,655,647,191.042,5,0.5,2,4,3,At_Risk,1.77260274,1693.207863
16948,139,7,868.77,21-02-2010 13:48,24-07-2011 12:46,2091,656,124.11,0,0,3,4,3,Loyal_customers,1.797260274,1561.405808
16949,4,6,1286.27,27-01-2011 12:11,06-12-2011 11:07,791,317,214.3783333,1,0.142857143,5,4,4,Champions,0.868493151,1117.116685
16950,57,10,3784.37,24-01-2010 11:26,14-10-2011 09:06,2492,685,378.437,2,0.166666667,4,5,5,Champions,1.876712329,7102.173836
16951,135,3,1277.75,08-02-2011 14:58,28-07-2011 12:05,1318,304,425.9166667,1,0.25,3,3,4,Loyal_customers,0.832876712,1064.208219
16952,109,5,798.78,11-12-2009 13:52,22-08-2011 13:03,344,728,159.756,0,0,3,4,3,Loyal_customers,1.994520548,1593.183123
16953,30,1,20.8,09-11-2011 15:54,09-11-2011 15:54,10,30,20.8,0,0,4,2,1,New_customers,0.082191781,1.709589041
16954,1,20,6081.88,18-01-2010 14:49,09-12-2011 09:46,4086,690,304.094,1,0.047619048,5,5,5,Champions,1.890410959,11497.2526
16955,185,6,1309.41,31-01-2010 11:38,08-06-2011 10:36,823,678,218.235,3,0.333333333,3,4,4,Loyal_customers,1.857534247,2432.273918
16956,18,1,308.74,22-11-2011 08:56,22-11-2011 08:56,114,18,308.74,1,0.5,5,2,2,New_customers,0.049315068,15.22553425
16957,239,2,416.64,03-03-2011 09:25,14-04-2011 13:56,172,282,208.32,0,0,2,3,2,At_Risk,0.77260274,321.8972055
16958,435,1,809.44,30-09-2010 14:25,30-09-2010 14:25,561,435,809.44,0,0,1,2,3,Needs_Attention,1.191780822,964.6750685
16959,87,1,117.35,13-09-2011 15:03,13-09-2011 15:03,49,87,117.35,0,0,3,2,1,Needs_Attention,0.238356164,27.97109589
16960,39,8,2043.43,02-03-2010 13:36,01-11-2011 11:35,1515,647,255.42875,1,0.111111111,4,5,4,Champions,1.77260274,3622.189616
16961,116,3,794.56,25-06-2010 14:36,15-08-2011 13:46,482,532,264.8533333,3,0.5,3,3,3,Loyal_customers,1.457534247,1158.098411
16962,410,1,251.04,26-10-2010 11:36,26-10-2010 11:36,158,410,251.04,0,0,2,2,1,lost,1.123287671,281.990137
16963,187,1,110.55,05-06-2011 13:48,05-06-2011 13:48,35,187,110.55,0,0,3,2,1,Needs_Attention,0.512328767,56.63794521
16964,733,2,207.85,06-12-2009 12:51,06-12-2009 12:53,49,733,103.925,0,0,1,3,1,At_Risk,2.008219178,417.4083562
16965,227,1,201.19,27-04-2011 12:08,27-04-2011 12:08,291,227,201.19,0,0,2,2,1,lost,0.621917808,125.1236438
16966,8,7,2154.97,13-04-2011 14:17,01-12-2011 13:40,1981,240,307.8528571,3,0.3,5,4,4,Champions,0.657534247,1416.966575
16967,189,1,319.02,03-06-2011 14:24,03-06-2011 14:24,333,189,319.02,0,0,3,2,2,Needs_Attention,0.517808219,165.1911781
16968,4,2,439.43,24-08-2011 10:51,05-12-2011 15:02,326,108,219.715,0,0,5,3,2,Needs_Attention,0.295890411,130.0231233
16969,39,3,650.41,01-06-2011 12:10,31-10-2011 13:12,816,192,216.8033333,0,0,4,3,3,Loyal_customers,0.526027397,342.1334795
16970,626,1,71.4,23-03-2010 13:50,23-03-2010 13:50,12,626,71.4,0,0,1,2,1,lost,1.715068493,122.4558904
16971,38,1,357.21,01-11-2011 15:06,01-11-2011 15:06,72,38,357.21,1,0.5,4,2,2,New_customers,0.104109589,37.1889863
16972,383,2,786.25,09-09-2010 11:20,22-11-2010 10:59,190,457,393.125,0,0,2,3,3,At_Risk,1.252054795,984.4280822
16973,386,1,127,18-11-2010 13:56,18-11-2010 13:56,60,386,127,0,0,2,2,1,lost,1.057534247,134.3068493
16974,523,2,365.5,24-05-2010 10:43,05-07-2010 10:18,70,565,182.75,0,0,1,3,2,At_Risk,1.547945205,565.7739726
16975,423,3,926.12,22-07-2010 11:38,12-10-2010 17:53,586,506,308.7066667,2,0.4,1,3,3,At_Risk,1.38630137,1283.881425
16976,267,1,251.52,17-03-2011 16:33,17-03-2011 16:33,88,267,251.52,0,0,2,2,1,lost,0.731506849,183.9886027
16977,395,4,496,18-03-2010 11:06,09-11-2010 13:17,142,632,124,0,0,2,4,2,At_Risk,1.731506849,858.8273973
16978,78,3,768.88,11-02-2010 16:27,23-09-2011 12:50,285,666,256.2933333,0,0,3,3,3,Loyal_customers,1.824657534,1402.942685
16979,4,9,2859.74,15-09-2010 14:30,06-12-2011 12:21,1451,450,317.7488889,3,0.25,5,5,4,Champions,1.232876712,3525.706849
16980,255,3,1473.33,07-10-2010 14:05,29-03-2011 16:36,1039,428,491.11,0,0,2,3,4,At_Risk,1.17260274,1727.630795
16982,61,1,384.06,10-10-2011 12:28,10-10-2011 12:28,182,61,384.06,0,0,3,2,2,Needs_Attention,0.167123288,64.18536986
16983,13,11,3710.22,19-09-2010 12:38,27-11-2011 12:10,2508,447,337.2927273,1,0.083333333,5,5,5,Champions,1.224657534,4543.748877
16984,88,9,10754.8,07-03-2010 15:34,12-09-2011 13:43,5330,642,1194.977778,10,0.526315789,3,5,5,Loyal_customers,1.75890411,18916.66192
16985,17,23,10923.16,10-12-2009 13:34,22-11-2011 13:33,3103,729,474.92,3,0.115384615,5,5,5,Champions,1.997260274,21816.39353
16986,30,11,4888.75,04-02-2010 14:46,10-11-2011 11:55,2539,673,444.4318182,0,0,4,5,5,Champions,1.843835616,9014.05137
16987,3,11,2535.9,02-12-2009 14:34,06-12-2011 17:26,679,737,230.5363636,1,0.083333333,5,5,4,Champions,2.019178082,5120.433699
16988,5,2,382.67,25-11-2010 09:22,04-12-2011 16:02,158,380,191.335,0,0,5,3,2,Needs_Attention,1.04109589,398.3961644
16989,7,6,1133.25,12-07-2011 09:11,02-12-2011 16:39,1233,151,188.875,0,0,5,4,3,Loyal_customers,0.41369863,468.8239726
16990,219,2,344,13-10-2010 11:42,05-05-2011 08:30,200,423,172,0,0,2,3,2,At_Risk,1.15890411,398.6630137
16991,421,1,1041.21,14-10-2010 14:08,14-10-2010 14:08,793,421,1041.21,0,0,1,2,3,Needs_Attention,1.153424658,1200.957288
16992,11,13,5476.5,11-02-2010 12:36,29-11-2011 11:50,2061,667,421.2692308,2,0.133333333,5,5,5,Champions,1.82739726,10007.7411
16993,464,2,1950.95,12-05-2010 13:55,02-09-2010 12:16,285,576,975.475,1,0.333333333,1,3,4,At_Risk,1.578082192,3078.759452
16996,30,9,2123.61,18-10-2010 12:24,09-11-2011 16:43,919,418,235.9566667,4,0.307692308,4,5,4,Champions,1.145205479,2431.969808
16997,288,3,702,18-01-2011 11:51,24-02-2011 17:28,360,326,234,0,0,2,3,3,At_Risk,0.893150685,626.9917808
16998,150,5,402,21-09-2010 14:39,13-07-2011 09:44,104,444,80.4,2,0.285714286,3,4,2,Needs_Attention,1.216438356,489.0082192
16999,23,2,484.82,26-09-2011 15:43,16-11-2011 13:53,294,74,242.41,0,0,4,3,2,Needs_Attention,0.202739726,98.29227397
17000,396,2,406.3,27-10-2010 14:16,08-11-2010 13:35,305,408,203.15,0,0,2,3,2,At_Risk,1.117808219,454.1654795
17001,1,19,6640.8,25-03-2010 12:41,09-12-2011 09:38,3782,625,349.5157895,0,0,5,5,5,Champions,1.712328767,11371.23288
17002,86,7,2571.55,08-03-2010 15:46,15-09-2011 12:40,1265,641,367.3642857,1,0.125,3,4,4,Loyal_customers,1.756164384,4516.064521
17003,402,4,830.16,10-05-2010 11:20,02-11-2010 13:15,495,579,207.54,0,0,2,4,3,At_Risk,1.58630137,1316.883945
17004,46,4,2425.16,11-10-2010 15:43,24-10-2011 14:25,1281,424,606.29,0,0,4,4,4,Champions,1.161643836,2817.172164
17005,471,2,742.36,30-04-2010 10:55,26-08-2010 10:57,787,589,371.18,1,0.333333333,1,3,3,At_Risk,1.61369863,1197.945315
17006,5,8,1636.32,05-03-2010 13:33,05-12-2011 12:09,573,644,204.54,0,0,5,5,4,Champions,1.764383562,2887.09611
17007,51,7,1120.1,28-09-2010 13:51,20-10-2011 10:47,717,437,160.0142857,1,0.125,4,4,3,Loyal_customers,1.197260274,1341.051233
17008,429,1,81.36,06-10-2010 15:19,06-10-2010 15:19,24,429,81.36,0,0,1,2,1,lost,1.175342466,95.62586301
17009,551,1,242.06,06-06-2010 16:01,06-06-2010 16:01,336,551,242.06,0,0,1,2,1,lost,1.509589041,365.4111233
17010,18,1,195.36,21-11-2011 14:49,21-11-2011 14:49,118,18,195.36,1,0.5,5,2,1,New_customers,0.049315068,9.634191781
17011,30,3,671.7,26-02-2010 09:47,09-11-2011 13:30,792,652,223.9,1,0.25,4,3,3,Loyal_customers,1.78630137,1199.85863
17012,725,1,384.16,14-12-2009 17:34,14-12-2009 17:34,268,725,384.16,0,0,1,2,2,lost,1.98630137,763.0575342
17014,8,3,586.33,04-10-2011 11:36,01-12-2011 14:09,245,67,195.4433333,1,0.25,5,3,2,Needs_Attention,0.183561644,107.6276986
17015,29,3,1842.56,07-06-2011 13:19,11-11-2011 10:45,1981,185,614.1866667,0,0,4,3,4,Loyal_customers,0.506849315,933.900274
17016,577,1,552.4,12-05-2010 12:32,12-05-2010 12:32,309,577,552.4,0,0,1,2,2,lost,1.580821918,873.2460274
17017,3,29,14110.61,03-12-2009 13:22,07-12-2011 09:32,10591,736,486.5727586,12,0.292682927,5,5,5,Champions,2.016438356,28453.17523
17018,41,6,2287.7,05-12-2009 10:27,30-10-2011 11:42,456,735,381.2833333,0,0,4,4,4,Champions,2.01369863,4606.738356
17019,11,11,4012.2,02-12-2009 11:52,28-11-2011 13:06,2643,738,364.7454545,2,0.153846154,5,5,5,Champions,2.021917808,8112.33863
17020,542,2,935.62,03-03-2010 12:27,15-06-2010 13:06,860,647,467.81,0,0,1,3,3,At_Risk,1.77260274,1658.482575
17021,442,6,1182.22,29-04-2010 20:05,23-09-2010 20:01,992,589,197.0366667,0,0,1,4,3,At_Risk,1.61369863,1907.746795
17022,31,2,260,03-10-2010 10:27,08-11-2011 17:09,180,433,130,0,0,4,3,1,Needs_Attention,1.18630137,308.4383562
17023,417,3,800.18,11-01-2010 15:09,18-10-2010 15:37,530,697,266.7266667,0,0,1,3,3,At_Risk,1.909589041,1528.014959
17024,45,3,95.85,05-07-2011 09:31,25-10-2011 13:47,69,158,31.95,0,0,4,3,1,Needs_Attention,0.432876712,41.49123288
17025,61,5,1510.64,08-03-2010 13:37,10-10-2011 09:06,1024,641,302.128,0,0,3,4,4,Loyal_customers,1.756164384,2652.932164
17026,185,3,208.98,18-10-2010 15:22,07-06-2011 14:28,132,417,69.66,0,0,3,3,1,Needs_Attention,1.142465753,238.7524932
17027,79,9,1327.11,10-12-2009 12:10,22-09-2011 12:24,653,730,147.4566667,1,0.1,3,5,4,Loyal_customers,2,2654.22
17028,581,3,1593.83,18-12-2009 14:28,07-05-2010 15:33,856,721,531.2766667,0,0,1,3,4,At_Risk,1.975342466,3148.360082
17029,111,7,2137.3,14-02-2010 10:19,21-08-2011 11:06,1265,664,305.3285714,0,0,3,4,4,Loyal_customers,1.819178082,3888.129315
17030,64,1,146.87,07-10-2011 08:49,07-10-2011 08:49,146,64,146.87,0,0,3,2,1,Needs_Attention,0.175342466,25.75254795
17031,12,6,2773.85,07-05-2010 14:52,28-11-2011 10:23,1595,581,462.3083333,0,0,5,4,4,Champions,1.591780822,4415.361233
17032,548,8,3004.6,10-12-2009 15:36,10-06-2010 12:16,1695,729,375.575,5,0.384615385,1,5,5,At_Risk,1.997260274,6000.968219
17033,86,4,1332.79,07-11-2010 12:55,14-09-2011 14:34,871,397,333.1975,0,0,3,4,4,Loyal_customers,1.087671233,1449.637342
17034,16,5,1283.92,14-07-2010 12:55,23-11-2011 15:14,700,513,256.784,2,0.285714286,5,4,4,Champions,1.405479452,1804.523178
17035,246,4,613.59,03-12-2009 10:37,08-04-2011 11:23,327,737,153.3975,1,0.2,2,4,2,At_Risk,2.019178082,1238.947479
17036,383,1,176.9,21-11-2010 14:26,21-11-2010 14:26,76,383,176.9,0,0,2,2,1,lost,1.049315068,185.6238356
17037,88,1,1267.32,13-09-2011 12:49,13-09-2011 12:49,656,88,1267.32,1,0.5,3,2,4,Needs_Attention,0.24109589,305.5456438
17038,30,2,743.17,20-10-2010 16:04,09-11-2011 13:50,535,415,371.585,0,0,4,3,3,Loyal_customers,1.136986301,844.9741096
17039,604,1,1954.99,14-04-2010 12:56,14-04-2010 12:56,689,604,1954.99,0,0,1,2,4,Needs_Attention,1.654794521,3235.10674
17040,138,2,463.25,07-06-2010 15:08,25-07-2011 10:19,189,550,231.625,0,0,3,3,2,Needs_Attention,1.506849315,698.0479452
17041,27,6,1686.28,18-04-2010 14:25,13-11-2011 11:21,1337,600,281.0466667,1,0.142857143,4,4,4,Champions,1.643835616,2771.967123
17042,3,5,1044.38,06-04-2011 14:53,07-12-2011 12:26,994,247,208.876,0,0,5,4,3,Loyal_customers,0.676712329,706.7448219
17043,32,8,2616.55,09-12-2009 15:20,07-11-2011 15:33,1624,730,327.06875,0,0,4,5,4,Champions,2,5233.1
17044,25,12,11962.3,07-12-2009 12:25,14-11-2011 14:28,5722,733,996.8583333,4,0.25,4,5,5,Champions,2.008219178,24022.92027
17045,113,5,827.68,06-10-2010 14:52,18-08-2011 17:09,294,429,165.536,0,0,3,4,3,Loyal_customers,1.175342466,972.8074521
17046,157,5,1906.07,29-03-2010 13:46,05-07-2011 14:24,1636,620,381.214,0,0,3,4,4,Loyal_customers,1.698630137,3237.707945
17047,85,6,2289.23,08-12-2009 08:48,15-09-2011 13:27,1184,732,381.5383333,0,0,3,4,4,Loyal_customers,2.005479452,4591.003726
17048,118,7,2071.68,18-01-2010 13:55,14-08-2011 11:49,1068,690,295.9542857,4,0.363636364,3,4,4,Loyal_customers,1.890410959,3916.326575
17049,3,19,9947.48,04-03-2010 10:23,07-12-2011 10:48,4276,646,523.5515789,6,0.24,5,5,5,Champions,1.769863014,17605.67693
17050,96,11,4691.79,26-01-2010 14:54,04-09-2011 13:48,2451,682,426.5263636,1,0.083333333,3,5,5,Loyal_customers,1.868493151,8766.577479
17051,194,4,714.39,21-03-2010 14:55,29-05-2011 14:13,513,628,178.5975,0,0,2,4,3,At_Risk,1.720547945,1229.142247
17052,28,1,413.75,11-11-2011 14:50,11-11-2011 14:50,261,28,413.75,0,0,4,2,2,New_customers,0.076712329,31.73972603
17053,131,1,498.48,01-08-2011 10:23,01-08-2011 10:23,122,131,498.48,1,0.5,3,2,2,Needs_Attention,0.35890411,178.9065205
17054,28,5,1356.33,08-04-2011 13:14,11-11-2011 12:56,804,245,271.266,1,0.166666667,4,4,4,Champions,0.671232877,910.4132877
17055,446,1,239.55,20-09-2010 12:21,20-09-2010 12:21,87,446,239.55,0,0,1,2,1,lost,1.221917808,292.710411
17056,738,1,128.6,01-12-2009 12:55,01-12-2009 12:55,26,738,128.6,0,0,1,2,1,lost,2.021917808,260.0186301
17057,596,1,294.74,22-04-2010 19:21,22-04-2010 19:21,129,596,294.74,0,0,1,2,2,lost,1.632876712,481.2740822
17058,82,3,1179.89,14-04-2011 09:18,19-09-2011 10:13,592,240,393.2966667,0,0,3,3,3,Loyal_customers,0.657534247,775.8180822
17059,30,9,5602.53,26-01-2010 14:43,10-11-2011 12:27,3584,682,622.5033333,1,0.1,4,5,5,Champions,1.868493151,10468.28893
17060,266,1,234.24,18-03-2011 13:27,18-03-2011 13:27,216,266,234.24,0,0,2,2,1,lost,0.728767123,170.706411
17061,74,11,5232.23,21-04-2011 13:29,27-09-2011 11:24,1526,232,475.6572727,1,0.083333333,3,5,5,Loyal_customers,0.635616438,3325.691397
17062,314,6,1208.22,26-09-2010 11:57,30-01-2011 11:01,922,440,201.37,1,0.142857143,2,4,3,At_Risk,1.205479452,1456.484384
17063,21,13,3638.53,01-12-2009 12:36,18-11-2011 16:19,1899,739,279.8869231,10,0.434782609,4,5,5,Champions,2.024657534,7366.777178
17064,59,3,859.35,16-01-2011 16:10,12-10-2011 10:18,318,327,286.45,0,0,4,3,3,Loyal_customers,0.895890411,769.8834247
17065,638,2,194.7,12-03-2010 11:40,12-03-2010 11:41,82,638,97.35,1,0.333333333,1,3,1,At_Risk,1.747945205,340.3249315
17066,726,1,228.34,13-12-2009 13:24,13-12-2009 13:24,93,726,228.34,0,0,1,2,1,lost,1.989041096,454.1776438
17067,725,3,454.54,08-12-2009 12:03,15-12-2009 08:39,322,732,151.5133333,0,0,1,3,2,At_Risk,2.005479452,911.5706301
17068,12,47,9161.08,28-03-2010 14:26,27-11-2011 13:14,4435,621,194.9165957,2,0.040816327,5,5,5,Champions,1.701369863,15586.38542
17069,28,14,5794.28,03-12-2009 12:27,11-11-2011 17:13,3333,737,413.8771429,7,0.333333333,4,5,5,Champions,2.019178082,11699.68318
17070,114,2,445.32,25-10-2010 15:57,17-08-2011 17:01,234,410,222.66,0,0,3,3,2,Needs_Attention,1.123287671,500.2224658
17071,28,13,3801.2,24-01-2010 13:05,11-11-2011 16:31,1935,684,292.4,7,0.35,4,5,5,Champions,1.873972603,7123.344658
17072,625,1,282.05,24-03-2010 16:33,24-03-2010 16:33,218,625,282.05,0,0,1,2,1,lost,1.712328767,482.9623288
17073,18,4,1446.09,22-08-2011 14:37,22-11-2011 11:47,759,109,361.5225,0,0,5,4,4,Champions,0.298630137,431.8460548
17074,563,1,203.05,26-05-2010 12:04,26-05-2010 12:04,19,563,203.05,0,0,1,2,1,lost,1.542465753,313.1976712
17075,18,10,2241.73,14-12-2009 11:24,22-11-2011 11:58,787,726,224.173,1,0.090909091,5,5,4,Champions,1.989041096,4458.893096
17076,36,6,1242.75,04-12-2009 12:12,03-11-2011 17:53,514,736,207.125,0,0,4,4,3,Loyal_customers,2.016438356,2505.928767
17077,578,1,306,10-05-2010 16:36,10-05-2010 16:36,36,578,306,0,0,1,2,2,lost,1.583561644,484.569863
17078,36,2,378.2,03-11-2011 18:49,03-11-2011 19:17,788,36,189.1,0,0,4,3,2,Needs_Attention,0.098630137,37.30191781
17079,78,1,118.8,22-09-2011 15:34,22-09-2011 15:34,24,78,118.8,0,0,3,2,1,Needs_Attention,0.21369863,25.38739726
17080,22,7,957.53,01-07-2010 16:03,17-11-2011 12:59,569,526,136.79,1,0.125,4,4,3,Loyal_customers,1.44109589,1379.892548
17081,25,6,964.39,22-02-2010 13:19,14-11-2011 12:56,389,655,160.7316667,0,0,4,4,3,Loyal_customers,1.794520548,1730.617671
17082,33,6,4732.03,15-12-2009 11:25,06-11-2011 15:17,2526,725,788.6716667,0,0,4,4,5,Champions,1.98630137,9399.237671
17083,109,9,4049.79,09-02-2010 11:46,22-08-2011 15:43,1955,669,449.9766667,2,0.181818182,3,5,5,Loyal_customers,1.832876712,7422.765781
17084,35,3,5202.97,08-11-2010 14:20,04-11-2011 14:54,3292,396,1734.323333,1,0.25,4,3,5,Loyal_customers,1.084931507,5644.866082
17085,123,28,7891.41,06-12-2009 12:16,08-08-2011 14:15,3603,734,281.8360714,4,0.125,3,5,5,Loyal_customers,2.010958904,15869.30121
17086,7,6,2050.08,07-10-2011 11:22,02-12-2011 13:54,1859,64,341.68,0,0,5,4,4,Champions,0.175342466,359.4660822
17087,738,1,221.53,02-12-2009 10:41,02-12-2009 10:41,113,738,221.53,0,0,1,2,1,lost,2.021917808,447.9154521
17088,28,4,1991.01,31-03-2011 09:48,11-11-2011 14:23,868,254,497.7525,0,0,4,4,4,Champions,0.695890411,1385.524767
17089,386,1,128.45,18-11-2010 15:33,18-11-2010 15:33,35,386,128.45,0,0,2,2,1,lost,1.057534247,135.840274
17090,4,13,3149.48,19-07-2010 16:02,05-12-2011 13:44,1362,508,242.2676923,2,0.133333333,5,5,5,Champions,1.391780822,4383.385863
17091,3,19,7811.1,16-12-2009 15:45,07-12-2011 10:43,3845,723,411.1105263,4,0.173913043,5,5,5,Champions,1.980821918,15472.39808
17092,50,11,5594.96,02-02-2010 16:42,20-10-2011 19:51,3801,675,508.6327273,3,0.214285714,4,5,5,Champions,1.849315068,10346.84384
17093,593,1,235.88,26-04-2010 10:22,26-04-2010 10:22,114,593,235.88,0,0,1,2,1,lost,1.624657534,383.2242192
17094,322,2,402.2,12-10-2010 10:48,21-01-2011 13:09,212,424,201.1,1,0.333333333,2,3,2,At_Risk,1.161643836,467.2131507
17095,23,7,2572.25,15-12-2009 12:32,17-11-2011 12:21,1695,725,367.4642857,5,0.416666667,4,4,4,Champions,1.98630137,5109.263699
17096,15,11,3759.18,02-06-2010 14:48,24-11-2011 15:01,1571,555,341.7436364,6,0.352941176,5,5,5,Champions,1.520547945,5716.013425
17097,2,9,1340.45,05-10-2010 14:09,07-12-2011 17:05,660,430,148.9388889,1,0.1,5,5,4,Champions,1.178082192,1579.160274
17098,382,3,591.07,17-06-2010 10:30,23-11-2010 12:13,125,541,197.0233333,0,0,2,3,2,At_Risk,1.482191781,876.0790959
17099,533,1,582.17,24-06-2010 16:25,24-06-2010 16:25,317,533,582.17,0,0,1,2,2,lost,1.460273973,850.1276986
17100,18,2,971.74,21-11-2011 16:36,21-11-2011 16:36,800,18,485.87,0,0,5,3,3,Loyal_customers,0.049315068,47.92142466
17101,10,7,2507.05,07-06-2010 15:12,29-11-2011 13:57,1175,550,358.15,0,0,5,4,4,Champions,1.506849315,3777.746575
17102,262,1,25.5,23-03-2011 10:08,23-03-2011 10:08,2,262,25.5,0,0,2,2,1,lost,0.717808219,18.30410959
17103,722,1,424.3,17-12-2009 14:08,17-12-2009 14:08,471,722,424.3,0,0,1,2,2,lost,1.978082192,839.300274
17104,424,1,474.03,12-10-2010 12:21,12-10-2010 12:21,149,424,474.03,0,0,1,2,2,lost,1.161643836,550.6540274
17105,159,2,665.78,06-02-2011 14:46,03-07-2011 15:53,693,306,332.89,0,0,3,3,3,Loyal_customers,0.838356164,558.1607671
17106,389,1,491.23,15-11-2010 14:11,15-11-2010 14:11,156,389,491.23,0,0,2,2,2,lost,1.065753425,523.5300548
17107,33,10,16075.42,31-01-2010 15:47,06-11-2011 14:14,7544,677,1607.542,3,0.230769231,4,5,5,Champions,1.854794521,29816.60093
17108,664,1,174.95,14-02-2010 12:22,14-02-2010 12:22,31,664,174.95,0,0,1,2,1,lost,1.819178082,318.2652055
17109,29,8,1295.46,30-07-2010 12:42,10-11-2011 16:59,789,498,161.9325,2,0.2,4,5,4,Champions,1.364383562,1767.504329
17110,165,3,510.7,08-04-2010 13:32,27-06-2011 12:58,142,610,170.2333333,0,0,3,3,2,Needs_Attention,1.671232877,853.4986301
17111,47,2,476.58,10-10-2010 15:21,23-10-2011 15:59,601,425,238.29,0,0,4,3,2,Needs_Attention,1.164383562,554.9219178
17112,503,1,205.17,25-07-2010 11:14,25-07-2010 11:14,134,503,205.17,0,0,1,2,1,lost,1.378082192,282.7411233
17113,574,6,2322.59,11-01-2010 10:14,14-05-2010 13:59,915,698,387.0983333,2,0.25,1,4,4,At_Risk,1.912328767,4441.555671
17114,6,8,808.62,09-01-2011 11:39,04-12-2011 12:17,219,335,101.0775,2,0.2,5,5,3,Loyal_customers,0.917808219,742.1580822
17115,8,7,2761.49,05-12-2009 12:13,01-12-2011 14:30,885,735,394.4985714,6,0.461538462,5,4,4,Champions,2.01369863,5560.80863
17116,648,1,389.78,01-03-2010 16:29,01-03-2010 16:29,392,648,389.78,0,0,1,2,2,lost,1.775342466,691.9929863
17117,288,1,116.2,24-02-2011 13:54,24-02-2011 13:54,68,288,116.2,0,0,2,2,1,lost,0.789041096,91.68657534
17118,318,1,157.02,26-01-2011 12:19,26-01-2011 12:19,154,318,157.02,0,0,2,2,1,lost,0.871232877,136.8009863
17119,3,2,606.91,11-10-2011 11:03,06-12-2011 14:40,334,60,303.455,1,0.333333333,5,3,2,Needs_Attention,0.164383562,99.7660274
17120,233,1,307.46,20-04-2011 15:21,20-04-2011 15:21,120,233,307.46,0,0,2,2,2,lost,0.638356164,196.2689863
17121,403,1,314.74,02-11-2010 11:47,02-11-2010 11:47,106,403,314.74,0,0,2,2,2,lost,1.104109589,347.5074521
17122,119,4,570.5,28-07-2010 09:34,12-08-2011 14:33,368,500,142.625,0,0,3,4,2,Needs_Attention,1.369863014,781.5068493
17123,162,3,977.17,16-05-2010 11:52,01-07-2011 10:47,676,573,325.7233333,0,0,3,3,3,Loyal_customers,1.569863014,1534.023041
17124,185,1,298.89,07-06-2011 14:02,07-06-2011 14:02,130,185,298.89,0,0,3,2,2,Needs_Attention,0.506849315,151.4921918
17125,50,1,259.35,20-10-2011 14:41,20-10-2011 14:41,291,50,259.35,0,0,4,2,1,New_customers,0.136986301,35.52739726
17126,152,9,2070.44,31-08-2010 13:41,10-07-2011 13:52,1468,465,230.0488889,2,0.181818182,3,5,4,Loyal_customers,1.273972603,2637.683836
17127,429,5,1155.03,04-12-2009 15:18,07-10-2010 09:54,340,735,231.006,0,0,1,4,3,At_Risk,2.01369863,2325.882329
17128,335,1,157.09,09-01-2011 12:02,09-01-2011 12:02,76,335,157.09,0,0,2,2,1,lost,0.917808219,144.1784932
17129,520,1,31.85,07-07-2010 13:46,07-07-2010 13:46,5,520,31.85,0,0,1,2,1,lost,1.424657534,45.37534247
17131,5,5,2463.17,25-09-2011 12:42,04-12-2011 12:52,983,76,492.634,0,0,5,4,4,Champions,0.208219178,512.8792329
17132,452,2,1272.8,08-08-2010 13:49,13-09-2010 16:31,980,488,636.4,0,0,1,3,4,At_Risk,1.336986301,1701.716164
17133,16,12,14622.33,21-03-2010 12:31,24-11-2011 12:27,10107,629,1218.5275,1,0.076923077,5,5,5,Champions,1.723287671,25198.48101
17134,107,3,637.1,23-09-2010 18:32,25-08-2011 09:53,148,442,212.3666667,0,0,3,3,3,Loyal_customers,1.210958904,771.5019178
17135,16,10,1954.16,09-05-2010 16:03,23-11-2011 16:48,1922,579,195.416,1,0.090909091,5,5,4,Champions,1.58630137,3099.886685
17136,662,1,231.68,15-02-2010 13:13,15-02-2010 13:13,256,662,231.68,0,0,1,2,1,lost,1.81369863,420.1976986
17137,416,6,1133.63,31-01-2010 12:27,19-10-2010 14:51,697,678,188.9383333,0,0,1,4,3,At_Risk,1.857534247,2105.756548
17138,276,7,4417.27,04-02-2010 14:19,09-03-2011 11:54,2024,673,631.0385714,0,0,2,4,5,At_Risk,1.843835616,8144.719753
17139,16,25,19584.46,11-01-2010 11:31,24-11-2011 10:12,9859,698,783.3784,4,0.137931034,5,5,5,Champions,1.912328767,37451.92625
17140,247,1,465.32,06-04-2011 13:33,06-04-2011 13:33,302,247,465.32,0,0,2,2,2,lost,0.676712329,314.8877808
17141,418,4,754.33,24-01-2010 14:19,17-10-2010 14:54,436,684,188.5825,0,0,1,4,3,At_Risk,1.873972603,1413.593753
17142,239,4,1283.75,24-01-2010 15:23,14-04-2011 18:22,323,684,320.9375,0,0,2,4,4,At_Risk,1.873972603,2405.712329
17143,417,2,924.11,12-07-2010 13:26,18-10-2010 15:27,330,515,462.055,0,0,1,3,3,At_Risk,1.410958904,1303.881233
17144,1,2,984.57,16-09-2011 12:50,08-12-2011 17:57,483,85,492.285,0,0,5,3,3,Loyal_customers,0.232876712,229.2834247
17145,513,4,3120.91,19-02-2010 12:07,15-07-2010 09:02,2591,659,780.2275,3,0.428571429,1,4,5,At_Risk,1.805479452,5634.738877
17146,106,13,5860.24,02-02-2010 09:39,26-08-2011 12:44,2192,676,450.7876923,3,0.1875,3,5,5,Loyal_customers,1.852054795,10853.48559
17147,23,9,3199.95,11-01-2010 09:38,17-11-2011 12:32,1308,698,355.55,7,0.4375,4,5,5,Champions,1.912328767,6119.356438
17148,52,1,124.88,19-10-2011 09:59,19-10-2011 09:59,82,52,124.88,0,0,4,2,1,New_customers,0.142465753,17.79112329
17149,451,1,143.1,14-09-2010 14:56,14-09-2010 14:56,18,451,143.1,0,0,1,2,1,lost,1.235616438,176.8167123
17150,377,6,1375.65,06-12-2009 10:51,28-11-2010 11:27,403,734,229.275,0,0,2,4,4,At_Risk,2.010958904,2766.375616
17151,735,1,231.9,04-12-2009 14:56,04-12-2009 14:56,42,735,231.9,0,0,1,2,1,lost,2.01369863,466.9767123
17152,195,4,2016.5,10-10-2010 12:40,29-05-2011 12:19,577,426,504.125,1,0.2,2,4,4,At_Risk,1.167123288,2353.50411
17153,24,1,213.78,15-11-2011 13:42,15-11-2011 13:42,104,24,213.78,0,0,4,2,1,New_customers,0.065753425,14.05676712
17154,75,1,329.34,25-09-2011 13:42,25-09-2011 13:42,490,75,329.34,0,0,3,2,2,Needs_Attention,0.205479452,67.67260274
17155,18,7,892.46,03-12-2009 11:34,22-11-2011 12:38,987,737,127.4942857,0,0,5,4,3,Loyal_customers,2.019178082,1802.035671
17156,492,1,591.87,05-08-2010 11:30,05-08-2010 11:30,391,492,591.87,1,0.5,1,2,2,lost,1.347945205,797.8083288
17157,8,19,5151.9,04-12-2009 13:00,02-12-2011 09:10,2092,735,271.1526316,1,0.05,5,5,5,Champions,2.01369863,10374.37397
17158,32,5,1980,07-03-2010 15:50,07-11-2011 15:15,1147,642,396,1,0.166666667,4,4,4,Champions,1.75890411,3482.630137
17159,22,5,2099.59,04-03-2010 14:53,18-11-2011 10:52,1348,645,419.918,1,0.166666667,4,4,4,Champions,1.767123288,3710.234384
17160,31,17,10209.16,04-12-2009 10:57,08-11-2011 14:05,8390,736,600.5388235,1,0.055555556,4,5,5,Champions,2.016438356,20586.14181
17161,444,1,856.01,21-09-2010 16:44,21-09-2010 16:44,537,444,856.01,0,0,1,2,3,Needs_Attention,1.216438356,1041.283397
17162,29,10,1715.46,07-02-2011 12:27,11-11-2011 11:34,1001,306,171.546,1,0.090909091,4,5,4,Champions,0.838356164,1438.166466
17163,22,4,699.78,02-02-2010 10:39,18-11-2011 08:57,531,676,174.945,0,0,4,4,3,Loyal_customers,1.852054795,1296.030904
17164,33,7,2467.35,11-03-2011 14:26,07-11-2011 09:14,1501,273,352.4785714,1,0.125,4,4,4,Champions,0.747945205,1845.442603
17165,284,6,1794.32,11-12-2009 09:18,28-02-2011 16:39,788,729,299.0533333,2,0.25,2,4,4,At_Risk,1.997260274,3583.724055
17166,39,2,206.34,20-05-2011 08:18,01-11-2011 09:46,78,204,103.17,1,0.333333333,4,3,1,Needs_Attention,0.55890411,115.324274
17167,380,3,867.11,20-09-2010 14:02,25-11-2010 10:05,429,445,289.0366667,0,0,2,3,3,At_Risk,1.219178082,1057.161507
17168,499,1,400.2,29-07-2010 12:33,29-07-2010 12:33,220,499,400.2,0,0,1,2,2,lost,1.367123288,547.1227397
17169,58,3,1156.73,10-05-2010 13:00,13-10-2011 10:25,671,578,385.5766667,3,0.5,4,3,3,Loyal_customers,1.583561644,1831.75326
17170,374,2,178.68,15-11-2010 16:23,30-11-2010 15:55,152,389,89.34,1,0.333333333,2,3,1,At_Risk,1.065753425,190.4288219
17171,289,2,384.59,16-02-2010 12:02,23-02-2011 16:37,225,662,192.295,0,0,2,3,2,At_Risk,1.81369863,697.5303562
17172,79,3,956.57,13-12-2009 11:46,22-09-2011 09:36,1215,727,318.8566667,3,0.5,3,3,3,Loyal_customers,1.991780822,1905.277781
17173,5,8,3766.6,31-07-2011 15:26,04-12-2011 14:40,1122,131,470.825,1,0.111111111,5,5,5,Champions,0.35890411,1351.848219
17174,218,1,59.9,06-05-2011 11:47,06-05-2011 11:47,41,218,59.9,0,0,2,2,1,lost,0.597260274,35.77589041
17175,44,4,1443.69,16-02-2011 14:56,26-10-2011 15:31,866,296,360.9225,1,0.2,4,4,4,Champions,0.810958904,1170.77326
17176,202,3,902.32,31-01-2010 15:49,22-05-2011 12:41,576,677,300.7733333,0,0,2,3,3,At_Risk,1.854794521,1673.618192
17177,505,1,119.5,22-07-2010 14:53,22-07-2010 14:53,40,505,119.5,0,0,1,2,1,lost,1.383561644,165.3356164
17178,731,1,436.71,08-12-2009 16:20,08-12-2009 16:20,101,731,436.71,0,0,1,2,2,lost,2.002739726,874.6164658
17179,178,6,1507.26,26-05-2010 11:22,14-06-2011 16:48,625,563,251.21,0,0,3,4,4,Loyal_customers,1.542465753,2324.896932
17180,56,11,2256.98,21-01-2010 17:43,14-10-2011 15:46,1828,687,205.18,3,0.214285714,4,5,4,Champions,1.882191781,4248.069205
17181,57,3,465.37,23-04-2010 11:21,13-10-2011 14:48,484,596,155.1233333,0,0,4,3,2,Needs_Attention,1.632876712,759.8918356
17182,423,2,321.3,21-12-2009 15:22,13-10-2010 10:09,54,718,160.65,0,0,1,3,2,At_Risk,1.967123288,632.0367123
17183,8,6,3347.31,26-08-2011 15:25,02-12-2011 10:07,1296,105,557.885,2,0.25,5,4,5,Champions,0.287671233,962.9247945
17184,569,2,198.41,09-12-2009 14:17,19-05-2010 14:24,73,730,99.205,0,0,1,3,1,At_Risk,2,396.82
17185,592,3,229.46,20-04-2010 13:49,27-04-2010 12:15,119,598,76.48666667,0,0,1,3,1,At_Risk,1.638356164,375.9372055
17186,47,2,144,10-10-2011 12:52,24-10-2011 10:20,200,60,72,0,0,4,3,1,Needs_Attention,0.164383562,23.67123288
17187,227,2,467.71,01-07-2010 14:38,27-04-2011 12:39,426,526,233.855,0,0,2,3,2,At_Risk,1.44109589,674.0149589
17188,11,13,4592.93,08-12-2009 19:16,28-11-2011 13:53,2569,731,353.3023077,4,0.235294118,5,5,5,Champions,2.002739726,9198.44337
17189,106,5,957.63,02-12-2009 11:45,25-08-2011 19:39,604,738,191.526,0,0,3,4,3,Loyal_customers,2.021917808,1936.249151
17190,59,7,1743.04,05-03-2010 13:21,12-10-2011 11:33,2225,644,249.0057143,1,0.125,4,4,4,Champions,1.764383562,3075.391123
17191,28,15,4836.05,01-12-2009 16:34,11-11-2011 16:58,2536,738,322.4033333,1,0.0625,4,5,5,Champions,2.021917808,9778.095616
17192,536,1,77.83,21-06-2010 16:07,21-06-2010 16:07,46,536,77.83,0,0,1,2,1,lost,1.468493151,114.2928219
17193,36,9,2310.04,02-12-2009 10:02,04-11-2011 12:47,1668,738,256.6711111,3,0.25,4,5,4,Champions,2.021917808,4670.711014
17194,274,3,812.5,27-06-2010 13:16,11-03-2011 12:05,420,530,270.8333333,0,0,2,3,3,At_Risk,1.452054795,1179.794521
17195,655,1,562.98,22-02-2010 13:05,22-02-2010 13:05,486,655,562.98,0,0,1,2,2,lost,1.794520548,1010.279178
17196,428,1,352.9,08-10-2010 11:31,08-10-2010 11:31,168,428,352.9,0,0,1,2,2,lost,1.17260274,413.8115068
17197,30,1,1013.01,10-11-2011 10:32,10-11-2011 10:32,191,30,1013.01,0,0,4,2,3,New_customers,0.082191781,83.26109589
17198,24,3,1213.88,03-12-2010 14:54,16-11-2011 10:39,599,371,404.6266667,0,0,4,3,3,Loyal_customers,1.016438356,1233.834192
17199,582,1,145.12,06-05-2010 13:53,06-05-2010 13:53,304,582,145.12,0,0,1,2,1,lost,1.594520548,231.3968219
17200,387,4,356.71,25-02-2010 13:23,17-11-2010 13:04,367,652,89.1775,0,0,2,4,2,At_Risk,1.78630137,637.1915616
17201,54,4,1242.04,10-02-2010 12:26,17-10-2011 11:55,1075,668,310.51,1,0.2,4,4,3,Loyal_customers,1.830136986,2273.103342
17202,421,1,160.65,15-10-2010 11:25,15-10-2010 11:25,55,421,160.65,0,0,1,2,1,lost,1.153424658,185.2976712
17203,36,10,5575.88,16-11-2010 12:52,04-11-2011 12:27,4606,388,557.588,0,0,4,5,5,Champions,1.063013699,5927.236822
17204,175,9,5504.69,10-06-2010 11:37,17-06-2011 14:46,2651,548,611.6322222,6,0.4,3,5,5,Loyal_customers,1.501369863,8264.575671
17205,54,3,999.35,24-05-2010 15:36,17-10-2011 12:46,2214,564,333.1166667,0,0,4,3,3,Loyal_customers,1.545205479,1544.201096
17206,53,1,204.24,17-10-2011 13:25,17-10-2011 13:25,76,53,204.24,0,0,4,2,1,New_customers,0.145205479,29.65676712
17207,652,1,303.22,25-02-2010 19:08,25-02-2010 19:08,241,652,303.22,0,0,1,2,2,lost,1.78630137,541.6423014
17208,396,1,115.35,09-11-2010 12:50,09-11-2010 12:50,103,396,115.35,0,0,2,2,1,lost,1.084931507,125.1468493
17209,649,3,611.6,03-12-2009 11:10,28-02-2010 16:01,731,737,203.8666667,0,0,1,3,2,At_Risk,2.019178082,1234.929315
17210,393,1,253.37,12-11-2010 12:15,12-11-2010 12:15,243,393,253.37,0,0,2,2,1,lost,1.076712329,272.8066027
17211,27,13,4046.65,13-12-2009 13:17,13-11-2011 12:03,2345,726,311.2807692,2,0.133333333,4,5,5,Champions,1.989041096,8048.953151
17212,253,3,794.41,10-08-2010 09:22,31-03-2011 19:42,727,487,264.8033333,0,0,2,3,3,At_Risk,1.334246575,1059.938822
17213,40,13,5182.3,15-12-2009 10:28,30-10-2011 14:53,2179,725,398.6384615,7,0.35,4,5,5,Champions,1.98630137,10293.60959
17214,60,6,1069.12,15-12-2010 15:14,10-10-2011 13:17,276,359,178.1866667,1,0.142857143,3,4,3,Loyal_customers,0.983561644,1051.545425
17215,464,1,186.15,01-09-2010 13:39,01-09-2010 13:39,104,464,186.15,0,0,1,2,1,lost,1.271232877,236.64
17216,554,1,65.05,03-06-2010 13:03,03-06-2010 13:03,22,554,65.05,0,0,1,2,1,lost,1.517808219,98.73342466
17217,234,2,218,30-03-2010 13:35,19-04-2011 17:19,95,619,109,0,0,2,3,1,At_Risk,1.695890411,369.7041096
17218,4,18,4192.68,25-01-2010 16:12,05-12-2011 13:52,2200,683,232.9266667,0,0,5,5,5,Champions,1.871232877,7845.480658
17219,32,2,259.13,19-10-2010 11:29,08-11-2011 11:25,188,417,129.565,0,0,4,3,1,Needs_Attention,1.142465753,296.0471507
17220,24,21,4481.75,20-01-2010 11:57,15-11-2011 13:47,2699,689,213.4166667,0,0,4,5,5,Champions,1.887671233,8460.070548
17221,7,5,978.52,11-04-2010 15:34,02-12-2011 13:35,715,607,195.704,0,0,5,4,3,Loyal_customers,1.663013699,1627.292164
17222,65,6,1605.01,10-01-2010 15:24,05-10-2011 13:58,863,698,267.5016667,0,0,3,4,4,Loyal_customers,1.912328767,3069.306795
17223,310,3,873.53,29-11-2010 17:19,02-02-2011 15:57,222,375,291.1766667,0,0,2,3,3,At_Risk,1.02739726,897.4623288
17224,501,1,100.86,26-07-2010 13:30,26-07-2010 13:30,65,501,100.86,0,0,1,2,1,lost,1.37260274,138.4407123
17225,582,1,131.15,07-05-2010 11:38,07-05-2010 11:38,36,582,131.15,0,0,1,2,1,lost,1.594520548,209.1213699
17226,309,3,900.12,12-02-2010 14:31,04-02-2011 11:52,855,665,300.04,0,0,2,3,3,At_Risk,1.821917808,1639.944658
17227,19,12,2022.03,15-01-2010 15:05,21-11-2011 10:51,1774,693,168.5025,0,0,5,5,4,Champions,1.898630137,3839.087096
17228,16,13,3177.24,12-03-2010 11:54,24-11-2011 10:24,2568,638,244.4030769,0,0,5,5,5,Champions,1.747945205,5553.641425
17229,96,2,318.76,20-07-2011 12:38,04-09-2011 13:56,185,143,159.38,0,0,3,3,2,Needs_Attention,0.391780822,124.8840548
17230,264,18,9924.95,08-12-2009 13:41,20-03-2011 16:12,3903,731,551.3861111,5,0.217391304,2,5,5,At_Risk,2.002739726,19877.09164
17231,12,25,7197.04,07-12-2009 16:38,27-11-2011 15:18,3738,732,287.8816,10,0.285714286,5,5,5,Champions,2.005479452,14433.51584
17232,3,2,421.52,25-11-2011 12:24,07-12-2011 12:21,203,15,210.76,0,0,5,3,2,Needs_Attention,0.04109589,17.32273973
17233,35,3,560.86,15-12-2009 12:03,04-11-2011 14:06,298,725,186.9533333,0,0,4,3,2,Needs_Attention,1.98630137,1114.036986
17234,183,1,149.89,10-06-2011 11:20,10-06-2011 11:20,55,183,149.89,0,0,3,2,1,Needs_Attention,0.501369863,75.15032877
17235,25,8,1904.88,04-06-2010 17:01,14-11-2011 15:51,971,553,238.11,0,0,4,5,4,Champions,1.515068493,2886.023671
17236,13,12,1929.26,07-03-2010 13:00,27-11-2011 12:00,804,642,160.7716667,0,0,5,5,4,Champions,1.75890411,3393.383342
17237,11,4,1002.08,23-11-2010 11:45,28-11-2011 15:02,415,382,250.52,0,0,5,4,3,Loyal_customers,1.046575342,1048.752219
17238,3,32,7783.1,01-12-2009 10:59,07-12-2011 11:35,3720,739,243.221875,0,0,5,5,5,Champions,2.024657534,15758.11205
17239,313,4,1189.45,01-07-2010 10:53,31-01-2011 09:41,515,527,297.3625,2,0.333333333,2,4,3,At_Risk,1.443835616,1717.370274
17240,596,1,130.6,22-04-2010 15:44,22-04-2010 15:44,108,596,130.6,0,0,1,2,1,lost,1.632876712,213.2536986
17241,385,12,2744.14,15-02-2010 14:47,19-11-2010 13:01,865,662,228.6783333,0,0,2,5,4,At_Risk,1.81369863,4977.042959
17242,108,5,2889.28,24-01-2010 10:27,23-08-2011 14:55,1459,685,577.856,0,0,3,4,4,Loyal_customers,1.876712329,5422.347397
17243,1,69,20889.86,01-12-2009 15:36,08-12-2011 13:26,8198,738,302.7515942,11,0.1375,5,5,5,Champions,2.021917808,42237.57995
17244,53,5,1826.04,06-12-2009 11:27,17-10-2011 15:19,1419,734,365.208,0,0,4,4,4,Champions,2.010958904,3672.091397
17245,205,2,371.63,19-01-2010 15:39,19-05-2011 10:43,307,689,185.815,0,0,2,3,2,At_Risk,1.887671233,701.5152603
17246,547,2,38.92,01-12-2009 17:45,11-06-2010 12:36,36,738,19.46,0,0,1,3,1,At_Risk,2.021917808,78.6930411
17247,15,1,282.19,24-11-2011 15:21,24-11-2011 15:21,106,15,282.19,0,0,5,2,1,New_customers,0.04109589,11.59684932
17248,120,2,546.16,15-08-2010 11:55,11-08-2011 13:34,292,482,273.08,0,0,3,3,2,Needs_Attention,1.320547945,721.2304658
17249,429,1,68.03,07-10-2010 11:33,07-10-2010 11:33,79,429,68.03,0,0,1,2,1,lost,1.175342466,79.95854795
17250,4,2,384.52,23-03-2011 16:45,06-12-2011 12:15,168,261,192.26,0,0,5,3,2,Needs_Attention,0.715068493,274.958137
17251,363,3,812.43,15-12-2009 10:36,12-12-2010 11:06,379,725,270.81,1,0.25,2,3,3,At_Risk,1.98630137,1613.730822
17252,117,2,353.86,06-06-2011 16:41,15-08-2011 09:45,193,186,176.93,0,0,3,3,2,Needs_Attention,0.509589041,180.3231781
17253,18,1,178.26,21-11-2011 12:59,21-11-2011 12:59,43,18,178.26,0,0,5,2,1,New_customers,0.049315068,8.79090411
17254,5,3,470.73,03-11-2010 14:00,05-12-2011 12:46,398,401,156.91,0,0,5,3,2,Needs_Attention,1.098630137,517.1581644
17255,41,4,799.13,19-09-2010 15:53,30-10-2011 12:18,594,446,199.7825,0,0,4,4,3,Loyal_customers,1.221917808,976.4711781
17256,107,5,498.93,18-04-2010 13:40,24-08-2011 13:30,299,600,99.786,0,0,3,4,2,Needs_Attention,1.643835616,820.1589041
17257,436,2,192.73,29-09-2010 12:49,29-09-2010 12:51,188,437,96.365,0,0,1,3,1,At_Risk,1.197260274,230.7479726
17258,397,2,417.3,12-02-2010 15:51,08-11-2010 12:37,188,665,208.65,0,0,2,3,2,At_Risk,1.821917808,760.2863014
17259,148,6,1889.34,22-02-2010 13:38,14-07-2011 15:01,1158,655,314.89,0,0,3,4,4,Loyal_customers,1.794520548,3390.459452
17260,411,1,120.95,24-10-2010 13:21,24-10-2010 13:21,23,411,120.95,0,0,1,2,1,lost,1.126027397,136.1930137
17261,510,1,230.44,18-07-2010 11:49,18-07-2010 11:49,98,510,230.44,0,0,1,2,1,lost,1.397260274,321.9846575
17262,52,11,2757.62,15-12-2009 11:26,18-10-2011 12:56,709,725,250.6927273,0,0,4,5,4,Champions,1.98630137,5477.464384
17263,208,1,63.44,15-05-2011 14:32,15-05-2011 14:32,36,208,63.44,0,0,2,2,1,lost,0.569863014,36.15210959
17264,424,1,279.59,11-10-2010 12:52,11-10-2010 12:52,227,424,279.59,0,0,1,2,1,lost,1.161643836,324.784
17265,139,2,562.9,12-06-2011 12:00,24-07-2011 10:49,394,181,281.45,0,0,3,3,2,Needs_Attention,0.495890411,279.1367123
17266,2,5,517.73,09-03-2010 10:42,07-12-2011 14:12,252,641,103.546,0,0,5,4,2,Needs_Attention,1.756164384,909.2189863
17267,127,2,317.62,04-08-2011 17:19,04-08-2011 17:22,159,127,158.81,0,0,3,3,2,Needs_Attention,0.347945205,110.5143562
17268,108,11,1733.89,08-12-2009 11:46,24-08-2011 10:06,1395,732,157.6263636,0,0,3,5,4,Loyal_customers,2.005479452,3477.280767
17269,386,1,537.46,19-11-2010 11:12,19-11-2010 11:12,336,386,537.46,0,0,2,2,2,lost,1.057534247,568.3823562
17270,469,2,604.4,07-12-2009 17:18,27-08-2010 14:09,421,732,302.2,0,0,1,3,2,At_Risk,2.005479452,1212.111781
17271,736,1,210.39,03-12-2009 13:49,03-12-2009 13:49,117,736,210.39,0,0,1,2,1,lost,2.016438356,424.2384658
17272,42,4,2148.63,22-03-2011 12:05,28-10-2011 16:37,1778,263,537.1575,1,0.2,4,4,4,Champions,0.720547945,1548.190932
17273,424,1,141.12,11-10-2010 15:57,11-10-2010 15:57,133,424,141.12,0,0,1,2,1,lost,1.161643836,163.9311781
17274,35,2,577.38,09-11-2010 12:06,04-11-2011 13:16,273,396,288.69,0,0,4,3,2,Needs_Attention,1.084931507,626.4177534
17275,383,1,114.52,21-11-2010 13:26,21-11-2010 13:26,72,383,114.52,0,0,2,2,1,lost,1.049315068,120.1675616
17276,402,1,508.39,02-11-2010 16:20,02-11-2010 16:20,189,402,508.39,1,0.5,2,2,2,lost,1.101369863,559.9254247
17277,228,2,1065.35,21-01-2011 12:37,26-04-2011 12:47,430,323,532.675,0,0,2,3,3,At_Risk,0.884931507,942.7617808
17278,241,2,271.24,23-05-2010 13:49,12-04-2011 13:10,195,565,135.62,0,0,2,3,1,At_Risk,1.547945205,419.8646575
17279,58,1,187.83,13-10-2011 11:58,13-10-2011 11:58,48,58,187.83,0,0,4,2,1,New_customers,0.15890411,29.8469589
17280,438,1,118.86,27-09-2010 16:46,27-09-2010 16:46,74,438,118.86,0,0,1,2,1,lost,1.2,142.632
17281,374,6,797.85,04-02-2010 13:00,30-11-2010 18:05,295,673,132.975,0,0,2,4,3,At_Risk,1.843835616,1471.104247
17282,130,5,2339.66,09-06-2010 12:07,01-08-2011 14:29,2351,549,467.932,0,0,3,4,4,Loyal_customers,1.504109589,3519.105041
17283,379,1,188.46,26-11-2010 11:53,26-11-2010 11:53,179,379,188.46,0,0,2,2,1,lost,1.038356164,195.6886027
17284,60,8,2793.16,20-09-2010 16:18,10-10-2011 14:38,2071,445,349.145,3,0.272727273,3,5,4,Loyal_customers,1.219178082,3405.359452
17285,628,2,428.34,14-02-2010 14:10,21-03-2010 13:38,140,663,214.17,0,0,1,3,2,At_Risk,1.816438356,778.0532055
17286,22,3,395.48,04-11-2010 13:43,18-11-2011 12:47,371,400,131.8266667,0,0,4,3,2,Needs_Attention,1.095890411,433.4027397
17287,26,21,4111.96,03-12-2009 12:45,13-11-2011 13:27,2101,737,195.807619,2,0.086956522,4,5,5,Champions,2.019178082,8302.779507
17288,9,11,2499.98,10-11-2010 14:44,30-11-2011 16:09,1706,394,227.2709091,0,0,5,5,4,Champions,1.079452055,2698.608548
17289,32,9,2079.39,08-03-2010 12:52,08-11-2011 12:01,1260,641,231.0433333,2,0.181818182,4,5,4,Champions,1.756164384,3651.750658
17290,4,8,1501.44,13-12-2009 13:28,06-12-2011 12:38,1147,726,187.68,0,0,5,5,4,Champions,1.989041096,2986.425863
17291,308,1,550.8,04-02-2011 13:04,04-02-2011 13:04,72,308,550.8,0,0,2,2,2,lost,0.843835616,464.7846575
17292,472,2,271.75,09-05-2010 14:52,24-08-2010 17:14,131,579,135.875,0,0,1,3,1,At_Risk,1.58630137,431.0773973
17293,8,17,3774.23,03-12-2009 15:09,01-12-2011 14:37,2234,736,222.0135294,0,0,5,5,5,Champions,2.016438356,7610.502137
17294,669,2,467.79,08-02-2010 14:21,08-02-2010 16:12,297,669,233.895,0,0,1,3,2,At_Risk,1.832876712,857.4013973
17295,29,3,556.95,06-10-2011 12:22,11-11-2011 10:49,294,65,185.65,0,0,4,3,2,Needs_Attention,0.178082192,99.18287671
17296,730,1,338.13,09-12-2009 14:01,09-12-2009 14:01,216,730,338.13,0,0,1,2,2,lost,2,676.26
17297,17,1,131.78,22-11-2011 14:43,22-11-2011 14:43,67,17,131.78,0,0,5,2,1,New_customers,0.046575342,6.13769863
17298,101,5,957.56,08-03-2010 08:56,30-08-2011 16:43,854,642,191.512,1,0.166666667,3,4,3,Loyal_customers,1.75890411,1684.256219
17299,12,6,1016.08,15-08-2010 16:00,28-11-2011 12:01,934,481,169.3466667,0,0,5,4,3,Loyal_customers,1.317808219,1338.998575
17300,391,2,393.64,15-08-2010 11:02,14-11-2010 10:56,467,482,196.82,0,0,2,3,2,At_Risk,1.320547945,519.8204932
17301,21,2,330.43,25-03-2010 13:16,18-11-2011 13:43,229,624,165.215,0,0,4,3,2,Needs_Attention,1.709589041,564.8995068
17302,15,5,1135.63,07-02-2011 10:14,25-11-2011 09:36,575,306,227.126,1,0.166666667,5,4,3,Loyal_customers,0.838356164,952.062411
17303,361,1,250.04,13-12-2010 13:32,13-12-2010 13:32,144,361,250.04,0,0,2,2,1,lost,0.989041096,247.2998356
17304,534,1,111.5,23-06-2010 16:23,23-06-2010 16:23,73,534,111.5,0,0,1,2,1,lost,1.463013699,163.1260274
17305,649,1,2135.46,01-03-2010 12:47,01-03-2010 12:47,1006,649,2135.46,0,0,1,2,4,Needs_Attention,1.778082192,3797.023397
17306,11,21,9782.35,01-11-2010 11:38,29-11-2011 12:14,13747,404,465.8261905,2,0.086956522,5,5,5,Champions,1.106849315,10827.5874
17307,395,11,3999.89,19-01-2010 16:38,09-11-2010 13:40,3667,689,363.6263636,4,0.266666667,2,5,5,At_Risk,1.887671233,7550.477288
17308,393,2,4511.76,13-09-2010 09:35,11-11-2010 13:19,5148,453,2255.88,0,0,2,3,5,At_Risk,1.24109589,5599.526795
17309,95,3,330.59,04-02-2010 15:49,05-09-2011 15:20,193,673,110.1966667,0,0,3,3,2,Needs_Attention,1.843835616,609.5536164
17310,387,2,1025.1,23-06-2010 11:38,17-11-2010 16:00,402,535,512.55,0,0,2,3,3,At_Risk,1.465753425,1502.543836
17311,78,6,3566.56,03-02-2010 12:38,22-09-2011 14:11,2755,675,594.4266667,1,0.142857143,3,4,5,Loyal_customers,1.849315068,6595.693151
17312,139,3,644.3,03-07-2011 13:12,24-07-2011 11:52,372,159,214.7666667,0,0,3,3,3,Loyal_customers,0.435616438,280.6676712
17313,31,1,2328.84,08-11-2011 15:45,08-11-2011 15:45,1402,31,2328.84,1,0.5,4,2,4,New_customers,0.084931507,197.7918904
17314,25,17,4904.43,03-12-2009 11:25,15-11-2011 09:41,3663,737,288.4958824,5,0.227272727,4,5,5,Champions,2.019178082,9902.917562
17315,2,43,9650.6,27-09-2010 12:45,08-12-2011 12:15,5124,439,224.4325581,6,0.12244898,5,5,5,Champions,1.202739726,11607.16
17316,420,1,124.45,15-10-2010 14:35,15-10-2010 14:35,44,420,124.45,0,0,1,2,1,lost,1.150684932,143.2027397
17317,46,3,2600.34,11-09-2011 12:45,24-10-2011 17:19,1146,90,866.78,2,0.4,4,3,4,Loyal_customers,0.246575342,641.179726
17318,725,1,164.28,14-12-2009 13:11,14-12-2009 13:11,60,725,164.28,0,0,1,2,1,lost,1.98630137,326.309589
17319,669,1,29.1,08-02-2010 15:47,08-02-2010 15:47,14,669,29.1,0,0,1,2,1,lost,1.832876712,53.33671233
17320,100,6,2895.77,21-01-2010 16:29,31-08-2011 13:31,1392,687,482.6283333,0,0,3,4,4,Loyal_customers,1.882191781,5450.394493
17321,8,6,1741.18,11-05-2010 12:10,01-12-2011 13:41,817,578,290.1966667,0,0,5,4,4,Champions,1.583561644,2757.265863
17322,376,5,922.59,03-12-2009 11:46,28-11-2010 14:41,631,737,184.518,2,0.285714286,2,4,3,At_Risk,2.019178082,1862.873507
17323,15,12,1565.59,10-01-2010 11:58,24-11-2011 17:29,1442,699,130.4658333,2,0.142857143,5,5,4,Champions,1.915068493,2998.212082
17324,18,12,2301.87,18-12-2009 15:29,22-11-2011 10:34,1537,721,191.8225,1,0.076923077,5,5,4,Champions,1.975342466,4546.981562
17325,280,3,609.57,08-03-2010 11:31,04-03-2011 13:09,465,642,203.19,0,0,2,3,2,At_Risk,1.75890411,1072.175178
17326,408,2,321.95,28-06-2010 14:05,27-10-2010 15:38,140,529,160.975,0,0,2,3,2,At_Risk,1.449315068,466.6069863
17327,410,2,152.35,26-05-2010 11:20,26-10-2010 09:54,59,563,76.175,0,0,2,3,1,At_Risk,1.542465753,234.9946575
17328,673,1,104.7,04-02-2010 17:11,04-02-2010 17:11,86,673,104.7,0,0,1,2,1,lost,1.843835616,193.049589
17329,14,5,1004.43,03-12-2009 16:09,25-11-2011 14:24,432,736,200.886,0,0,5,4,3,Loyal_customers,2.016438356,2025.371178
17330,23,4,423.8,02-03-2010 09:20,17-11-2011 08:56,122,648,105.95,0,0,4,4,2,Needs_Attention,1.775342466,752.390137
17331,124,1,175.2,08-08-2011 11:55,08-08-2011 11:55,16,124,175.2,0,0,3,2,1,Needs_Attention,0.339726027,59.52
17332,528,5,838.27,21-02-2010 14:41,29-06-2010 16:10,794,656,167.654,0,0,1,4,3,At_Risk,1.797260274,1506.58937
17333,86,1,494.25,15-09-2011 10:11,15-09-2011 10:11,375,86,494.25,0,0,3,2,2,Needs_Attention,0.235616438,116.4534247
17334,302,3,635.15,29-10-2010 12:16,10-02-2011 14:59,566,407,211.7166667,1,0.25,2,3,3,At_Risk,1.115068493,708.2357534
17335,384,2,508,24-01-2010 11:15,21-11-2010 10:17,216,685,254,0,0,2,3,2,At_Risk,1.876712329,953.369863
17336,472,1,81.12,24-08-2010 15:37,24-08-2010 15:37,48,472,81.12,0,0,1,2,1,lost,1.293150685,104.9003836
17337,151,4,2027.87,02-02-2011 17:06,11-07-2011 14:55,1269,310,506.9675,3,0.428571429,3,4,4,Loyal_customers,0.849315068,1722.300548
17338,17,17,12142.57,10-03-2010 16:09,22-11-2011 14:23,5879,639,714.2688235,3,0.15,5,5,5,Champions,1.750684932,21257.81433
17339,94,3,362.36,18-07-2010 13:08,06-09-2011 13:29,188,509,120.7866667,1,0.25,3,3,2,Needs_Attention,1.394520548,505.3184658
17340,30,18,22404.82,14-02-2010 14:54,10-11-2011 10:45,11210,663,1244.712222,12,0.4,4,5,5,Champions,1.816438356,40696.97441
17341,157,5,1889.83,17-06-2010 18:17,06-07-2011 12:33,1169,540,377.966,0,0,3,4,4,Loyal_customers,1.479452055,2795.912877
17342,380,4,1227.54,08-02-2010 09:16,25-11-2010 11:07,521,670,306.885,3,0.428571429,2,4,3,At_Risk,1.835616438,2253.292603
17343,355,6,1259.94,03-12-2009 18:30,19-12-2010 15:07,454,736,209.99,0,0,2,4,4,At_Risk,2.016438356,2540.591342
17344,46,2,468.11,11-12-2009 12:31,24-10-2011 12:56,213,729,234.055,1,0.333333333,4,3,2,Needs_Attention,1.997260274,934.9375068
17345,15,10,1604.68,01-12-2009 16:17,24-11-2011 15:03,2013,738,160.468,2,0.166666667,5,5,4,Champions,2.021917808,3244.531068
17346,4,26,5323,18-04-2010 12:18,06-12-2011 12:18,3653,601,204.7307692,1,0.037037037,5,5,5,Champions,1.646575342,8764.720548
17347,86,1,228.96,14-09-2011 13:12,14-09-2011 13:12,216,86,228.96,0,0,3,2,1,Needs_Attention,0.235616438,53.94673973
17348,15,9,2476.41,10-03-2010 12:13,25-11-2011 11:25,2793,640,275.1566667,0,0,5,5,4,Champions,1.753424658,4342.198356
17349,179,5,852.25,18-03-2010 14:26,13-06-2011 14:29,840,631,170.45,0,0,3,4,3,Loyal_customers,1.728767123,1473.341781
17350,8,7,1906.041,01-02-2010 15:38,01-12-2011 15:47,1216,676,272.2915714,1,0.125,5,4,4,Champions,1.852054795,3530.092373
17351,36,12,1988.23,10-12-2009 18:43,03-11-2011 18:45,383,729,165.6858333,0,0,4,5,4,Champions,1.997260274,3971.012795
17352,696,1,36.25,12-01-2010 16:13,12-01-2010 16:13,15,696,36.25,0,0,1,2,1,lost,1.906849315,69.12328767
17353,129,4,3242,25-03-2010 12:52,02-08-2011 17:19,2168,624,810.5,3,0.428571429,3,4,5,Loyal_customers,1.709589041,5542.487671
17354,51,4,3143.46,07-10-2010 13:22,20-10-2011 10:34,2535,428,785.865,0,0,4,4,5,Champions,1.17260274,3686.029808
17355,386,1,285.11,18-11-2010 13:18,18-11-2010 13:18,257,386,285.11,0,0,2,2,1,lost,1.057534247,301.513589
17356,312,5,946.47,20-01-2010 12:14,01-02-2011 11:07,925,689,189.294,0,0,2,4,3,At_Risk,1.887671233,1786.624192
17357,24,2,388.14,15-11-2011 16:29,15-11-2011 16:30,153,24,194.07,0,0,4,3,2,Needs_Attention,0.065753425,25.52153425
17358,303,5,866.05,24-02-2010 16:42,09-02-2011 16:57,442,653,173.21,0,0,2,4,3,At_Risk,1.789041096,1549.399041
17359,11,2,284.46,01-03-2010 14:48,28-11-2011 14:37,237,648,142.23,0,0,5,3,1,Needs_Attention,1.775342466,505.0139178
17360,17,6,1231.38,01-10-2010 12:07,22-11-2011 13:11,636,435,205.23,1,0.142857143,5,4,3,Loyal_customers,1.191780822,1467.535068
17361,49,5,880.64,01-02-2010 14:30,21-10-2011 15:43,383,676,176.128,0,0,4,4,3,Loyal_customers,1.852054795,1630.993534
17362,239,7,1024.04,06-01-2010 10:53,14-04-2011 14:43,549,703,146.2914286,1,0.125,2,4,3,At_Risk,1.926027397,1972.329096
17363,395,3,940.86,02-11-2010 17:25,09-11-2010 17:11,523,402,313.62,0,0,2,3,3,At_Risk,1.101369863,1036.234849
17364,1,28,12070.42,07-12-2009 15:28,09-12-2011 09:00,7513,732,431.0864286,3,0.096774194,5,5,5,Champions,2.005479452,24206.97929
17365,13,15,8224.98,01-02-2010 11:56,27-11-2011 12:13,8056,677,548.332,1,0.0625,5,5,5,Champions,1.854794521,15255.64784
17366,432,2,1096.24,09-09-2010 19:46,03-10-2010 16:04,510,456,548.12,1,0.333333333,1,3,3,At_Risk,1.249315068,1369.549151
17367,238,1,168.4,15-04-2011 14:21,15-04-2011 14:21,150,238,168.4,0,0,2,2,1,lost,0.652054795,109.8060274
17368,23,14,2826.14,15-12-2009 17:45,16-11-2011 15:26,2343,724,201.8671429,2,0.125,4,5,4,Champions,1.983561644,5605.822904
17369,456,1,979.2,10-09-2010 09:49,10-09-2010 09:49,1152,456,979.2,0,0,1,2,3,Needs_Attention,1.249315068,1223.329315
17370,73,4,446.18,23-06-2011 11:50,28-09-2011 10:14,540,170,111.545,0,0,3,4,2,Needs_Attention,0.465753425,207.809863
17371,17,6,662.55,08-12-2009 12:25,22-11-2011 13:30,283,732,110.425,0,0,5,4,3,Loyal_customers,2.005479452,1328.730411
17372,41,28,4377.56,03-12-2009 18:41,30-10-2011 11:37,1876,736,156.3414286,3,0.096774194,4,5,5,Champions,2.016438356,8827.07989
17373,40,7,1167.5,28-02-2010 14:17,30-10-2011 15:28,738,649,166.7857143,0,0,4,4,3,Loyal_customers,1.778082192,2075.910959
17374,219,3,727.11,09-11-2010 17:14,05-05-2011 09:05,155,395,242.37,1,0.25,2,3,3,At_Risk,1.082191781,786.8724658
17375,199,4,660.55,04-10-2010 09:14,24-05-2011 15:45,480,432,165.1375,1,0.2,2,4,3,At_Risk,1.183561644,781.8016438
17376,71,4,453.64,05-07-2010 11:11,30-09-2011 12:36,244,523,113.41,0,0,3,4,2,Needs_Attention,1.432876712,650.0101918
17377,24,78,18319.41,02-12-2009 12:39,16-11-2011 11:17,7589,738,234.8642308,13,0.142857143,4,5,5,Champions,2.021917808,37040.34132
17378,374,1,10.95,30-11-2010 18:46,30-11-2010 18:46,1,374,10.95,1,0.5,2,2,1,lost,1.024657534,11.22
17379,11,1,404.66,28-11-2011 13:56,28-11-2011 13:56,663,11,404.66,0,0,5,2,2,New_customers,0.030136986,12.19523288
17380,434,3,645,23-06-2010 11:24,01-10-2010 16:42,252,535,215,1,0.25,1,3,3,At_Risk,1.465753425,945.4109589
17381,9,38,40002.37,09-06-2010 12:55,01-12-2011 11:59,45767,548,1052.693947,1,0.025641026,5,5,5,Champions,1.501369863,60058.35277
17382,65,8,902.28,19-05-2010 11:33,05-10-2011 13:05,457,570,112.785,0,0,3,5,3,Loyal_customers,1.561643836,1409.04
17383,4,2,309.99,12-09-2010 14:54,05-12-2011 17:36,162,453,154.995,0,0,5,3,2,Needs_Attention,1.24109589,384.7273151
17384,19,3,507.55,29-08-2010 16:01,20-11-2011 15:48,121,467,169.1833333,0,0,5,3,2,Needs_Attention,1.279452055,649.3858904
17385,15,1,261.11,25-11-2011 11:02,25-11-2011 11:02,201,15,261.11,0,0,5,2,1,New_customers,0.04109589,10.73054795
17386,8,7,2812.77,19-11-2010 13:40,02-12-2011 11:28,1955,385,401.8242857,0,0,5,4,4,Champions,1.054794521,2966.894384
17387,20,2,784.11,06-11-2011 11:25,20-11-2011 11:00,542,34,392.055,0,0,4,3,3,Loyal_customers,0.093150685,73.04038356
17388,78,11,2691.57,10-12-2009 11:45,23-09-2011 10:31,2567,730,244.6881818,0,0,3,5,4,Loyal_customers,2,5383.14
17389,1,61,57224.68,04-12-2009 12:06,09-12-2011 09:38,17882,736,938.1095082,16,0.207792208,5,5,5,Champions,2.016438356,115390.0397
17390,421,1,149.3,15-10-2010 11:29,15-10-2010 11:29,49,421,149.3,0,0,1,2,1,lost,1.153424658,172.2063014
17391,164,2,508.8,28-06-2011 12:21,29-06-2011 09:58,480,165,254.4,0,0,3,3,2,Needs_Attention,0.452054795,230.0054795
17392,307,3,626.56,15-09-2010 16:17,06-02-2011 12:48,493,450,208.8533333,0,0,2,3,3,At_Risk,1.232876712,772.4712329
17393,411,2,381.15,08-08-2010 15:53,25-10-2010 11:10,238,488,190.575,0,0,1,3,2,At_Risk,1.336986301,509.5923288
17394,219,1,203.87,04-05-2011 13:22,04-05-2011 13:22,241,219,203.87,0,0,2,2,1,lost,0.6,122.322
17395,508,1,97.5,19-07-2010 15:34,19-07-2010 15:34,66,508,97.5,0,0,1,2,1,lost,1.391780822,135.6986301
17396,39,14,8807.1,24-09-2010 13:04,31-10-2011 14:12,2419,441,629.0785714,2,0.125,4,5,5,Champions,1.208219178,10640.90712
17397,22,3,1233.18,19-10-2010 13:20,17-11-2011 14:08,697,416,411.06,0,0,4,3,3,Loyal_customers,1.139726027,1405.487342
17398,115,3,653.38,29-03-2011 13:04,17-08-2011 09:48,310,255,217.7933333,0,0,3,3,3,Loyal_customers,0.698630137,456.4709589
17400,126,8,4677.05,17-12-2009 15:41,05-08-2011 15:38,2199,722,584.63125,0,0,3,5,5,Loyal_customers,1.978082192,9251.589315
17401,541,1,114.85,16-06-2010 16:54,16-06-2010 16:54,34,541,114.85,0,0,1,2,1,lost,1.482191781,170.229726
17402,5,23,5096.18,16-12-2009 17:40,05-12-2011 10:15,1571,723,221.5730435,3,0.115384615,5,5,5,Champions,1.980821918,10094.62504
17403,36,2,400.57,15-09-2010 12:29,03-11-2011 15:18,194,451,200.285,0,0,4,3,2,Needs_Attention,1.235616438,494.9508767
17404,4,23,47781.12,07-01-2010 11:31,05-12-2011 16:26,50679,702,2077.44,5,0.178571429,5,5,5,Champions,1.923287671,91896.83901
17405,1,3,1031.41,12-07-2011 14:17,08-12-2011 17:12,726,150,343.8033333,2,0.4,5,3,3,Loyal_customers,0.410958904,423.8671233
17406,333,13,4905.05,06-12-2009 13:45,10-01-2011 15:07,2124,733,377.3115385,5,0.277777778,2,5,5,At_Risk,2.008219178,9850.415479
17407,412,1,552.9,24-10-2010 11:57,24-10-2010 11:57,426,412,552.9,0,0,1,2,2,lost,1.128767123,624.0953425
17408,163,3,316.09,13-07-2010 14:02,29-06-2011 12:53,163,514,105.3633333,1,0.25,3,3,2,Needs_Attention,1.408219178,445.124
17409,185,10,7793.51,11-12-2009 12:17,08-06-2011 10:36,4089,729,779.351,0,0,3,5,5,Loyal_customers,1.997260274,15565.66792
17410,16,5,1214.72,08-05-2011 15:21,23-11-2011 15:46,616,215,242.944,0,0,5,4,3,Loyal_customers,0.589041096,715.52
17411,12,5,1425.38,03-12-2009 12:02,27-11-2011 14:25,608,737,285.076,4,0.444444444,5,4,4,Champions,2.019178082,2878.096055
17412,3,16,4417.52,02-12-2009 13:51,07-12-2011 11:36,2604,737,276.095,3,0.157894737,5,5,5,Champions,2.019178082,8919.759562
17413,405,2,560.14,19-05-2010 11:11,31-10-2010 12:33,302,570,280.07,0,0,2,3,2,At_Risk,1.561643836,874.7391781
17414,44,6,2249.52,03-12-2009 16:49,27-10-2011 12:13,6256,736,374.92,0,0,4,4,4,Champions,2.016438356,4536.018411
17415,80,1,507.84,21-09-2011 12:50,21-09-2011 12:50,114,80,507.84,0,0,3,2,2,Needs_Attention,0.219178082,111.3073973
17416,30,22,17298.45,14-12-2009 16:29,10-11-2011 12:47,8769,725,786.2931818,3,0.12,4,5,5,Champions,1.98630137,34359.93493
17417,549,1,164.18,09-06-2010 10:00,09-06-2010 10:00,76,549,164.18,0,0,1,2,1,lost,1.504109589,246.9447123
17418,42,3,670.06,17-11-2010 13:42,28-10-2011 13:00,521,387,223.3533333,0,0,4,3,3,Loyal_customers,1.060273973,710.4471781
17419,11,18,6500.52,25-01-2010 13:19,28-11-2011 13:47,3087,683,361.14,2,0.1,5,5,5,Champions,1.871232877,12163.98674
17420,50,6,1084.43,03-11-2010 13:09,20-10-2011 14:52,499,401,180.7383333,2,0.25,4,4,3,Loyal_customers,1.098630137,1191.387479
17421,386,3,1059.41,04-12-2009 15:43,18-11-2010 16:57,807,735,353.1366667,0,0,2,3,3,At_Risk,2.01369863,2133.332466
17422,16,11,3594.76,23-06-2010 10:19,23-11-2011 13:27,3538,535,326.7963636,9,0.45,5,5,5,Champions,1.465753425,5269.031781
17423,46,3,1118.95,11-11-2010 12:26,24-10-2011 13:36,790,394,372.9833333,2,0.4,4,3,3,Loyal_customers,1.079452055,1207.852877
17425,19,2,759.17,10-10-2011 11:37,20-11-2011 15:30,407,61,379.585,0,0,5,3,3,Loyal_customers,0.167123288,126.8749863
17426,8,13,8077.77,17-02-2010 13:39,01-12-2011 18:07,5187,660,621.3669231,4,0.235294118,5,5,5,Champions,1.808219178,14606.37863
17427,72,1,100.8,29-09-2011 11:29,29-09-2011 11:29,34,72,100.8,0,0,3,2,1,Needs_Attention,0.197260274,19.88383562
17428,1,45,31819.76,01-12-2009 17:28,09-12-2011 09:45,17504,738,707.1057778,6,0.117647059,5,5,5,Champions,2.021917808,64336.9394
17429,128,5,1357.46,06-10-2010 12:30,03-08-2011 13:22,1286,430,271.492,2,0.285714286,3,4,4,Loyal_customers,1.178082192,1599.199452
17430,33,4,735.17,17-08-2010 11:52,07-11-2011 09:24,515,480,183.7925,0,0,4,4,3,Loyal_customers,1.315068493,966.7989041
17431,313,1,403.3,30-01-2011 14:36,30-01-2011 14:36,292,313,403.3,0,0,2,2,2,lost,0.857534247,345.8435616
17432,18,9,1751.39,03-12-2009 19:13,21-11-2011 17:33,1016,736,194.5988889,0,0,5,5,4,Champions,2.016438356,3531.569973
17433,88,2,569.96,19-11-2010 13:37,12-09-2011 14:24,305,385,284.98,0,0,3,3,2,Needs_Attention,1.054794521,601.1906849
17434,2,7,2373.82,15-09-2011 13:54,07-12-2011 13:16,1693,85,339.1171429,2,0.222222222,5,4,4,Champions,0.232876712,552.8073973
17435,411,1,331.35,24-10-2010 13:55,24-10-2010 13:55,195,411,331.35,0,0,1,2,2,lost,1.126027397,373.1091781
17436,2,5,534.06,07-12-2009 12:31,08-12-2011 12:30,178,733,106.812,2,0.285714286,5,4,2,Needs_Attention,2.008219178,1072.509534
17437,530,1,373.17,28-06-2010 11:11,28-06-2010 11:11,284,530,373.17,0,0,1,2,2,lost,1.452054795,541.8632877
17438,254,5,1422.77,08-03-2010 16:53,31-03-2011 10:26,553,641,284.554,1,0.166666667,2,4,4,At_Risk,1.756164384,2498.618
17439,656,1,325.74,22-02-2010 12:48,22-02-2010 12:48,370,656,325.74,0,0,1,2,2,lost,1.797260274,585.4395616
17440,157,4,323.58,08-06-2010 14:40,06-07-2011 11:54,282,549,80.895,2,0.333333333,3,4,2,Needs_Attention,1.504109589,486.6997808
17441,732,1,293.35,07-12-2009 13:32,07-12-2009 13:32,245,732,293.35,0,0,1,2,2,lost,2.005479452,588.3073973
17442,37,15,4620.3,15-02-2010 15:54,03-11-2011 09:17,3134,662,308.02,8,0.347826087,4,5,5,Champions,1.81369863,8379.831781
17443,220,1,534.24,04-05-2011 10:47,04-05-2011 10:47,504,220,534.24,0,0,2,2,2,lost,0.602739726,322.0076712
17444,148,3,2940.04,20-06-2011 09:04,15-07-2011 12:05,2119,173,980.0133333,0,0,3,3,4,Loyal_customers,0.473972603,1393.498411
17446,177,2,120.9,02-02-2011 14:40,16-06-2011 10:42,198,310,60.45,0,0,3,3,1,Needs_Attention,0.849315068,102.6821918
17447,40,2,541.53,29-09-2011 10:10,30-10-2011 14:18,443,72,270.765,0,0,4,3,2,Needs_Attention,0.197260274,106.8223562
17448,497,46,14556.97,04-03-2010 17:29,30-07-2010 14:07,11548,645,316.4558696,8,0.148148148,1,5,5,At_Risk,1.767123288,25723.96068
17449,2,13,4951.15,09-12-2009 14:16,07-12-2011 16:56,2535,730,380.8576923,1,0.071428571,5,5,5,Champions,2,9902.3
17450,8,51,246973.09,27-09-2010 16:59,01-12-2011 13:29,84720,438,4842.609608,10,0.163934426,5,5,5,Champions,1.2,296367.708
17451,1,7,1721.4,26-08-2011 11:54,08-12-2011 15:02,1203,106,245.9142857,3,0.3,5,4,4,Champions,0.290410959,499.9134247
17453,18,2,486.72,06-10-2011 17:02,22-11-2011 09:42,219,64,243.36,0,0,5,3,2,Needs_Attention,0.175342466,85.34268493
17454,192,10,1547.94,15-01-2010 15:40,31-05-2011 13:58,727,693,154.794,1,0.090909091,2,5,4,At_Risk,1.898630137,2938.965534
17455,204,1,131.7,20-05-2011 12:31,20-05-2011 12:31,66,204,131.7,0,0,2,2,1,lost,0.55890411,73.60767123
17456,365,2,1225.42,09-09-2010 15:28,09-12-2010 15:23,730,456,612.71,0,0,2,3,3,At_Risk,1.249315068,1530.935671
17457,127,14,5984.81,07-12-2009 14:52,05-08-2011 12:48,2695,732,427.4864286,4,0.222222222,3,5,5,Loyal_customers,2.005479452,12002.41348
17458,15,2,529.58,23-11-2010 11:43,24-11-2011 13:01,282,382,264.79,0,0,5,3,2,Needs_Attention,1.046575342,554.2453699
17459,43,2,657.3,10-10-2011 17:00,27-10-2011 13:25,537,60,328.65,0,0,4,3,3,Loyal_customers,0.164383562,108.0493151
17460,94,16,2228.27,22-01-2010 13:25,06-09-2011 15:04,980,686,139.266875,5,0.238095238,3,5,4,Loyal_customers,1.879452055,4187.92663
17461,23,3,757.46,10-11-2011 12:01,17-11-2011 10:21,799,30,252.4866667,0,0,4,3,3,Loyal_customers,0.082191781,62.2569863
17462,60,2,675.69,28-02-2011 17:01,10-10-2011 13:56,227,284,337.845,1,0.333333333,3,3,3,Loyal_customers,0.778082192,525.7423562
17463,16,7,2557.91,29-04-2010 17:57,23-11-2011 13:40,1490,589,365.4157143,2,0.222222222,5,4,4,Champions,1.61369863,4127.695863
17464,158,3,1000.94,30-03-2010 13:15,04-07-2011 13:19,652,619,333.6466667,1,0.25,3,3,3,Loyal_customers,1.695890411,1697.484548
17465,426,7,2542.79,03-12-2009 13:25,10-10-2010 11:56,1477,736,363.2557143,2,0.222222222,1,4,4,At_Risk,2.016438356,5127.379288
17466,10,2,763.28,22-09-2011 09:16,29-11-2011 13:15,306,79,381.64,0,0,5,3,3,Loyal_customers,0.216438356,165.2030685
17467,395,1,102.6,09-11-2010 12:58,09-11-2010 12:58,20,395,102.6,0,0,2,2,1,lost,1.082191781,111.0328767
17468,10,3,194.8,29-11-2010 17:25,29-11-2011 15:33,184,375,64.93333333,0,0,5,3,1,Needs_Attention,1.02739726,200.1369863
17469,16,17,5051.25,16-12-2009 15:06,23-11-2011 13:15,2304,723,297.1323529,5,0.227272727,5,5,5,Champions,1.980821918,10005.62671
17470,45,11,2804.87,19-07-2010 16:16,26-10-2011 12:42,2843,508,254.9881818,0,0,4,5,4,Champions,1.391780822,3903.764274
17471,475,1,321.65,22-08-2010 11:53,22-08-2010 11:53,153,475,321.65,0,0,1,2,2,lost,1.301369863,418.5856164
17472,191,4,935.1,21-03-2010 13:27,01-06-2011 14:57,558,628,233.775,0,0,2,4,3,At_Risk,1.720547945,1608.884384
17473,409,2,607,09-09-2010 19:03,27-10-2010 11:45,270,456,303.5,1,0.333333333,2,3,2,At_Risk,1.249315068,758.3342466
17474,600,1,1047,19-04-2010 10:43,19-04-2010 10:43,200,600,1047,0,0,1,2,3,Needs_Attention,1.643835616,1721.09589
17475,79,1,194.37,21-09-2011 14:55,21-09-2011 14:55,178,79,194.37,0,0,3,2,1,Needs_Attention,0.216438356,42.06912329
17476,396,2,489.86,02-12-2009 12:09,09-11-2010 10:21,224,738,244.93,2,0.5,2,3,2,At_Risk,2.021917808,990.4566575
17477,613,2,1144.3,02-03-2010 11:53,06-04-2010 10:06,225,648,572.15,3,0.6,1,3,3,At_Risk,1.775342466,2031.524384
17478,408,2,1272.8,16-03-2010 14:19,27-10-2010 15:01,516,633,636.4,0,0,2,3,4,At_Risk,1.734246575,2207.349041
17479,633,1,389.26,17-03-2010 09:26,17-03-2010 09:26,266,633,389.26,0,0,1,2,2,lost,1.734246575,675.0728219
17480,78,2,902.03,21-09-2010 12:31,23-09-2011 11:39,593,445,451.015,1,0.333333333,3,3,3,Loyal_customers,1.219178082,1099.735205
17481,4,4,1255.59,07-09-2011 09:57,06-12-2011 12:28,1061,94,313.8975,1,0.2,5,4,4,Champions,0.257534247,323.3574247
17482,487,2,778.19,10-05-2010 14:10,09-08-2010 15:33,241,578,389.095,0,0,1,3,3,At_Risk,1.583561644,1232.311836
17483,65,4,591.73,21-10-2010 12:43,05-10-2011 13:10,265,415,147.9325,0,0,3,4,2,Needs_Attention,1.136986301,672.7889041
17484,576,2,209.57,25-03-2010 16:17,12-05-2010 15:41,339,624,104.785,0,0,1,3,1,At_Risk,1.709589041,358.2785753
17486,261,1,396.87,23-03-2011 14:00,23-03-2011 14:00,191,261,396.87,0,0,2,2,2,lost,0.715068493,283.7892329
17487,728,1,160.55,11-12-2009 15:06,11-12-2009 15:06,37,728,160.55,0,0,1,2,1,lost,1.994520548,320.220274
17488,641,1,336.5,08-03-2010 14:07,08-03-2010 14:07,136,641,336.5,0,0,1,2,2,lost,1.756164384,590.9493151
17489,59,2,376.64,11-05-2011 11:34,12-10-2011 08:56,428,213,188.32,0,0,4,3,2,Needs_Attention,0.583561644,219.7926575
17490,1,9,2750.5,19-05-2010 12:40,09-12-2011 09:08,1531,570,305.6111111,4,0.307692308,5,5,4,Champions,1.561643836,4295.30137
17491,1,17,5981.07,28-04-2010 11:57,08-12-2011 16:18,3630,591,351.8276471,1,0.055555556,5,5,5,Champions,1.619178082,9684.417452
17492,248,3,1122.42,09-07-2010 13:27,05-04-2011 15:21,450,518,374.14,0,0,2,3,3,At_Risk,1.419178082,1592.913863
17493,385,1,100.91,19-11-2010 16:57,19-11-2010 16:57,62,385,100.91,0,0,2,2,1,lost,1.054794521,106.4393151
17494,502,1,54.7,26-07-2010 10:06,26-07-2010 10:06,26,502,54.7,0,0,1,2,1,lost,1.375342466,75.23123288
17495,8,3,806.72,14-11-2010 11:50,02-12-2011 12:08,367,391,268.9066667,1,0.25,5,3,3,Loyal_customers,1.071232877,864.1849863
17496,359,4,1412.89,14-01-2010 13:36,16-12-2010 08:39,675,694,353.2225,1,0.2,2,4,4,At_Risk,1.901369863,2686.426466
17497,390,2,287.25,08-04-2010 08:01,14-11-2010 14:17,59,611,143.625,0,0,2,3,1,At_Risk,1.673972603,480.8486301
17498,76,1,272.22,25-09-2011 12:25,25-09-2011 12:25,394,76,272.22,0,0,3,2,1,Needs_Attention,0.208219178,56.68142466
17499,290,2,1341.39,27-05-2010 09:59,23-02-2011 09:14,1086,562,670.695,1,0.333333333,2,3,4,At_Risk,1.539726027,2065.373096
17500,17,3,1138,10-11-2011 09:08,22-11-2011 14:25,17,30,379.3333333,0,0,5,3,3,Loyal_customers,0.082191781,93.53424658
17501,221,2,288.6,03-05-2011 09:46,03-05-2011 09:47,160,221,144.3,0,0,2,3,1,At_Risk,0.605479452,174.7413699
17502,9,4,689.1,10-11-2011 16:39,30-11-2011 13:13,376,29,172.275,0,0,5,4,3,Loyal_customers,0.079452055,54.75041096
17503,3,2,558.96,01-11-2011 11:12,07-12-2011 09:18,486,39,279.48,0,0,5,3,2,Needs_Attention,0.106849315,59.72449315
17504,206,18,9565.12,08-02-2010 09:22,17-05-2011 12:59,5517,670,531.3955556,1,0.052631579,2,5,5,At_Risk,1.835616438,17557.89151
17505,162,5,2435.48,13-04-2010 16:33,01-07-2011 12:50,1242,605,487.096,0,0,3,4,4,Loyal_customers,1.657534247,4036.891507
17506,76,1,302.2,25-09-2011 11:39,25-09-2011 11:39,139,76,302.2,1,0.5,3,2,2,Needs_Attention,0.208219178,62.92383562
17507,262,2,605.58,03-02-2011 18:08,23-03-2011 11:48,359,309,302.79,0,0,2,3,2,At_Risk,0.846575342,512.6690959
17508,281,8,4579.23,07-12-2009 11:46,04-03-2011 08:10,2891,733,572.40375,1,0.111111111,2,5,5,At_Risk,2.008219178,9196.097507
17509,58,8,6115.14,07-10-2011 13:14,13-10-2011 10:26,3534,63,764.3925,3,0.272727273,4,5,5,Champions,0.17260274,1055.489918
17510,25,2,514.56,15-10-2010 10:20,15-11-2011 10:00,422,421,257.28,0,0,4,3,2,Needs_Attention,1.153424658,593.5061918
17511,3,60,175603.55,02-12-2009 10:52,07-12-2011 10:12,119656,738,2926.725833,25,0.294117647,5,5,5,Champions,2.021917808,355055.9449
17512,29,18,5467.82,10-12-2009 19:35,11-11-2011 12:11,5434,729,303.7677778,2,0.1,4,5,5,Champions,1.997260274,10920.65967
17513,72,3,1158.8,17-08-2010 15:08,28-09-2011 16:42,440,479,386.2666667,0,0,3,3,3,Loyal_customers,1.312328767,1520.726575
17514,128,2,542.83,08-02-2010 14:00,03-08-2011 15:45,295,669,271.415,0,0,3,3,2,Needs_Attention,1.832876712,994.9404658
17515,31,9,1617.46,07-06-2010 13:29,08-11-2011 14:04,528,550,179.7177778,0,0,4,5,4,Champions,1.506849315,2437.268493
17516,15,6,957.55,26-11-2010 12:50,24-11-2011 16:51,527,379,159.5916667,0,0,5,4,3,Loyal_customers,1.038356164,994.2779452
17517,309,1,153.94,04-02-2011 11:48,04-02-2011 11:48,102,309,153.94,0,0,2,2,1,lost,0.846575342,130.3218082
17518,426,2,329.42,28-03-2010 13:31,10-10-2010 12:40,267,621,164.71,0,0,1,3,2,At_Risk,1.701369863,560.4652603
17519,17,15,5109.47,01-12-2009 09:57,22-11-2011 16:43,3414,739,340.6313333,2,0.117647059,5,5,5,Champions,2.024657534,10344.92693
17520,54,1,546.81,17-10-2011 12:04,17-10-2011 12:04,365,54,546.81,0,0,4,2,2,New_customers,0.147945205,80.89791781
17521,30,5,1278.06,01-10-2010 11:49,10-11-2011 11:22,806,435,255.612,1,0.166666667,4,4,4,Champions,1.191780822,1523.167397
17522,2,5,1070.71,05-05-2011 16:31,08-12-2011 12:31,1034,218,214.142,0,0,5,4,3,Loyal_customers,0.597260274,639.4925479
17523,11,4,652.74,20-11-2011 13:40,28-11-2011 13:20,872,19,163.185,0,0,5,4,3,Loyal_customers,0.052054795,33.97824658
17524,361,3,539.14,27-09-2010 16:20,13-12-2010 14:32,362,438,179.7133333,1,0.25,2,3,2,At_Risk,1.2,646.968
17525,360,3,1161.9,07-10-2010 09:12,15-12-2010 12:05,338,429,387.3,0,0,2,3,3,At_Risk,1.175342466,1365.630411
17526,5,12,4166.04,17-12-2009 16:18,05-12-2011 11:05,1482,722,347.17,4,0.25,5,5,5,Champions,1.978082192,8240.769534
17527,54,4,939.37,05-05-2011 13:43,17-10-2011 12:32,488,218,234.8425,2,0.333333333,4,4,3,Loyal_customers,0.597260274,561.0483836
17528,1,8,3628.5,29-09-2011 13:04,08-12-2011 13:27,2138,71,453.5625,3,0.272727273,5,5,5,Champions,0.194520548,705.8178082
17529,610,2,1240.25,11-01-2010 12:29,08-04-2010 17:51,790,698,620.125,0,0,1,3,3,At_Risk,1.912328767,2371.765753
17530,1,12,3141.51,06-12-2009 16:17,08-12-2011 18:42,1965,733,261.7925,1,0.076923077,5,5,5,Champions,2.008219178,6308.84063
17531,190,3,1266.82,31-03-2010 12:57,02-06-2011 19:17,472,618,422.2733333,6,0.666666667,2,3,4,At_Risk,1.693150685,2144.917151
17532,386,1,65.34,19-11-2010 08:13,19-11-2010 08:13,30,386,65.34,0,0,2,2,1,lost,1.057534247,69.09928767
17533,435,1,34.8,01-10-2010 09:14,01-10-2010 09:14,24,435,34.8,0,0,1,2,1,lost,1.191780822,41.4739726
17534,54,5,1668.83,25-02-2010 16:55,17-10-2011 12:47,860,652,333.766,0,0,4,4,4,Champions,1.78630137,2981.033315
17535,280,1,164.4,04-03-2011 15:20,04-03-2011 15:20,136,280,164.4,0,0,2,2,1,lost,0.767123288,126.1150685
17536,177,3,364.83,26-01-2010 12:00,15-06-2011 13:23,201,683,121.61,0,0,3,3,2,Needs_Attention,1.871232877,682.6818904
17537,30,2,897.62,09-02-2011 13:37,10-11-2011 10:56,700,303,448.81,0,0,4,3,3,Loyal_customers,0.830136986,745.1475616
17538,26,1,98.42,14-11-2011 12:12,14-11-2011 12:12,134,26,98.42,0,0,4,2,1,New_customers,0.071232877,7.010739726
17539,618,4,1226.57,13-12-2009 12:36,01-04-2010 12:07,747,727,306.6425,3,0.428571429,1,4,3,At_Risk,1.991780822,2443.058603
17540,25,6,1590.6,19-04-2010 09:47,15-11-2011 11:56,588,600,265.1,1,0.142857143,4,4,4,Champions,1.643835616,2614.684932
17541,510,1,124.46,18-07-2010 11:36,18-07-2010 11:36,46,510,124.46,0,0,1,2,1,lost,1.397260274,173.9030137
17542,270,3,341.7,08-03-2010 12:08,15-03-2011 11:45,324,642,113.9,0,0,2,3,2,At_Risk,1.75890411,601.0175342
17543,550,1,120.05,08-06-2010 12:41,08-06-2010 12:41,62,550,120.05,0,0,1,2,1,lost,1.506849315,180.8972603
17544,390,3,960.69,14-11-2010 14:47,14-11-2010 15:08,439,390,320.23,0,0,2,3,3,At_Risk,1.068493151,1026.490685
17545,43,6,1448.54,11-05-2010 10:04,27-10-2011 14:04,733,578,241.4233333,0,0,4,4,4,Champions,1.583561644,2293.852384
17547,376,2,727.85,12-02-2010 14:34,29-11-2010 09:41,223,665,363.925,2,0.5,2,3,3,At_Risk,1.821917808,1326.082877
17548,234,4,731.26,08-11-2010 16:19,20-04-2011 12:01,494,396,182.815,2,0.333333333,2,4,3,At_Risk,1.084931507,793.3670137
17549,24,2,148.86,19-10-2011 10:05,16-11-2011 09:59,210,52,74.43,0,0,4,3,1,Needs_Attention,0.142465753,21.20745205
17550,197,9,2547.64,07-02-2010 15:07,26-05-2011 14:09,989,670,283.0711111,1,0.1,2,5,4,At_Risk,1.835616438,4676.489863
17551,359,1,306.84,15-12-2010 14:12,15-12-2010 14:12,150,359,306.84,0,0,2,2,2,lost,0.983561644,301.7960548
17552,60,12,3085.29,22-03-2010 09:19,10-10-2011 17:00,2095,628,257.1075,4,0.25,3,5,5,Loyal_customers,1.720547945,5308.38937
17553,130,4,3757.6,08-04-2010 09:44,02-08-2011 10:00,2288,611,939.4,0,0,3,4,5,Loyal_customers,1.673972603,6290.119452
17554,1,5,1952.45,14-07-2011 20:01,08-12-2011 14:15,1763,148,390.49,0,0,5,4,4,Champions,0.405479452,791.6783562
17555,20,5,1057.74,02-05-2010 16:02,20-11-2011 12:22,747,586,211.548,0,0,4,4,3,Loyal_customers,1.605479452,1698.179836
17556,206,2,300.67,25-11-2010 17:00,18-05-2011 10:48,184,379,150.335,0,0,2,3,2,At_Risk,1.038356164,312.2025479
17557,14,4,575.46,07-12-2009 10:15,25-11-2011 12:57,310,733,143.865,0,0,5,4,2,Needs_Attention,2.008219178,1155.649808
17558,393,1,259.17,11-11-2010 14:36,11-11-2010 14:36,54,393,259.17,0,0,2,2,1,lost,1.076712329,279.0515342
17559,513,1,167.62,15-07-2010 12:02,15-07-2010 12:02,270,513,167.62,0,0,1,2,1,lost,1.405479452,235.5864658
17560,95,8,1895.8,17-02-2010 12:11,06-09-2011 09:18,1588,661,236.975,0,0,3,5,4,Loyal_customers,1.810958904,3433.21589
17561,19,4,722.34,06-12-2009 13:29,20-11-2011 12:53,396,733,180.585,0,0,5,4,3,Loyal_customers,2.008219178,1450.617041
17562,14,7,1122.38,19-06-2011 13:06,25-11-2011 14:21,817,173,160.34,1,0.125,5,4,3,Loyal_customers,0.473972603,531.9773699
17563,578,2,392.38,07-04-2010 10:02,10-05-2010 14:54,256,612,196.19,3,0.6,1,3,2,At_Risk,1.676712329,657.9083836
17564,24,3,454.01,20-09-2011 14:00,15-11-2011 13:27,146,80,151.3366667,0,0,4,3,2,Needs_Attention,0.219178082,99.5090411
17565,587,1,131.83,02-05-2010 11:54,02-05-2010 11:54,67,587,131.83,0,0,1,2,1,lost,1.608219178,212.0115342
17566,8,2,901.21,14-11-2011 13:42,01-12-2011 19:54,518,25,450.605,0,0,5,3,3,Loyal_customers,0.068493151,61.72671233
17567,7,9,5356.03,24-09-2010 10:48,02-12-2011 15:48,3152,442,595.1144444,2,0.181818182,5,5,5,Champions,1.210958904,6485.932219
17568,633,1,382.79,16-03-2010 16:45,16-03-2010 16:45,283,633,382.79,0,0,1,2,2,lost,1.734246575,663.8522466
17569,332,1,344.14,11-01-2011 14:15,11-01-2011 14:15,159,332,344.14,0,0,2,2,2,lost,0.909589041,313.0259726
17570,382,1,100,23-11-2010 11:56,23-11-2010 11:56,1,382,100,1,0.5,2,2,1,lost,1.046575342,104.6575342
17571,50,5,1703.75,15-06-2010 12:50,20-10-2011 15:57,1020,543,340.75,0,0,4,4,4,Champions,1.487671233,2534.619863
17572,71,10,723.01,15-12-2009 10:00,29-09-2011 17:53,351,725,72.301,0,0,3,5,3,Loyal_customers,1.98630137,1436.115753
17573,29,3,380.6,07-09-2011 10:36,10-11-2011 13:01,308,94,126.8666667,1,0.25,4,3,2,Needs_Attention,0.257534247,98.01753425
17574,243,1,185.65,11-04-2011 09:47,11-04-2011 09:47,77,243,185.65,0,0,2,2,1,lost,0.665753425,123.5971233
17575,667,1,171.7,10-02-2010 13:48,10-02-2010 13:48,72,667,171.7,0,0,1,2,1,lost,1.82739726,313.7641096
17576,8,41,9056.81,03-12-2009 16:54,01-12-2011 17:56,4740,736,220.8978049,4,0.088888889,5,5,5,Champions,2.016438356,18262.49907
17577,645,2,348.75,09-02-2010 10:10,04-03-2010 13:01,179,669,174.375,0,0,1,3,2,At_Risk,1.832876712,639.2157534
17578,218,7,1047.33,28-06-2010 11:55,05-05-2011 18:38,529,530,149.6185714,3,0.3,2,4,3,At_Risk,1.452054795,1520.780548
17579,5,4,753.28,10-05-2010 14:28,05-12-2011 12:28,375,578,188.32,1,0.2,5,4,3,Loyal_customers,1.583561644,1192.865315
17580,253,5,545.27,13-10-2010 14:28,01-04-2011 12:41,224,422,109.054,0,0,2,4,2,At_Risk,1.156164384,630.4217534
17581,1,43,18757.75,03-12-2009 12:34,09-12-2011 12:21,9972,737,436.2267442,10,0.188679245,5,5,5,Champions,2.019178082,37875.23767
17582,236,5,1450.7,26-03-2010 12:23,17-04-2011 13:18,606,624,290.14,1,0.166666667,2,4,4,At_Risk,1.709589041,2480.100822
17583,560,1,135.95,28-05-2010 14:24,28-05-2010 14:24,55,560,135.95,0,0,1,2,1,lost,1.534246575,208.5808219
17584,7,6,5309.42,25-01-2010 08:17,02-12-2011 17:12,2464,684,884.9033333,1,0.142857143,5,4,5,Champions,1.873972603,9949.707616
17585,109,7,2093.3,18-08-2010 16:39,22-08-2011 13:30,2539,478,299.0428571,0,0,3,4,4,Loyal_customers,1.309589041,2741.36274
17586,619,1,167.4,30-03-2010 13:12,30-03-2010 13:12,68,619,167.4,0,0,1,2,1,lost,1.695890411,283.8920548
17587,628,1,181.66,21-03-2010 14:16,21-03-2010 14:16,68,628,181.66,0,0,1,2,1,lost,1.720547945,312.5547397
17588,100,7,2939.55,12-03-2010 12:34,31-08-2011 13:37,1379,638,419.9357143,2,0.222222222,3,4,4,Loyal_customers,1.747945205,5138.172329
17589,60,18,14049.87,07-03-2010 13:48,10-10-2011 16:58,8788,642,780.5483333,3,0.142857143,3,5,5,Loyal_customers,1.75890411,24712.37408
17590,2,3,1479.22,30-10-2011 14:05,07-12-2011 12:55,828,40,493.0733333,0,0,5,3,4,Loyal_customers,0.109589041,162.1063014
17591,73,8,2776.67,17-01-2010 16:09,27-09-2011 13:42,1173,691,347.08375,1,0.111111111,3,5,4,Loyal_customers,1.893150685,5256.654712
17592,739,1,148.3,01-12-2009 10:49,01-12-2009 10:49,38,739,148.3,1,0.5,1,2,1,lost,2.024657534,300.2567123
17593,4,11,8095.8,04-12-2009 14:35,06-12-2011 10:30,5607,735,735.9818182,4,0.266666667,5,5,5,Champions,2.01369863,16302.50137
17594,85,4,2497.88,14-04-2010 08:53,15-09-2011 16:34,1368,605,624.47,0,0,3,4,4,Loyal_customers,1.657534247,4140.321644
17595,12,2,388.79,02-11-2011 16:19,27-11-2011 16:08,229,37,194.395,0,0,5,3,2,Needs_Attention,0.101369863,39.41158904
17596,23,13,4920.67,15-12-2009 13:21,16-11-2011 14:11,7619,724,378.5130769,1,0.071428571,4,5,5,Champions,1.983561644,9760.452274
17597,214,5,3484.09,05-05-2010 15:33,10-05-2011 11:54,2215,583,696.818,2,0.285714286,2,4,5,At_Risk,1.597260274,5564.998548
17598,381,1,409.98,23-11-2010 17:43,23-11-2010 17:43,126,381,409.98,0,0,2,2,2,lost,1.043835616,427.951726
17599,478,1,52.05,19-08-2010 12:50,19-08-2010 12:50,11,478,52.05,2,0.666666667,1,2,1,lost,1.309589041,68.16410959
17600,18,1,161.67,22-11-2011 09:43,22-11-2011 09:43,144,18,161.67,0,0,5,2,1,New_customers,0.049315068,7.972767123
17601,239,2,421.48,24-11-2010 14:29,14-04-2011 18:02,299,380,210.74,0,0,2,3,2,At_Risk,1.04109589,438.8010959
17602,2,14,7451.13,30-03-2010 17:25,07-12-2011 13:53,5936,619,532.2235714,4,0.222222222,5,5,5,Champions,1.695890411,12636.29992
17603,78,4,1793.48,10-12-2009 09:44,22-09-2011 14:18,640,730,448.37,7,0.636363636,3,4,4,Loyal_customers,2,3586.96
17604,217,6,945.93,27-01-2010 12:19,06-05-2011 13:43,616,682,157.655,0,0,2,4,3,At_Risk,1.868493151,1767.463726
17605,590,1,160.75,28-04-2010 14:45,28-04-2010 14:45,71,590,160.75,0,0,1,2,1,lost,1.616438356,259.8424658
17606,737,1,87.3,02-12-2009 13:32,02-12-2009 13:32,42,737,87.3,0,0,1,2,1,lost,2.019178082,176.2742466
17607,376,1,333.81,28-11-2010 13:11,28-11-2010 13:11,269,376,333.81,0,0,2,2,2,lost,1.030136986,343.8700274
17608,33,4,498.53,11-04-2010 13:37,06-11-2011 13:06,539,607,124.6325,0,0,4,4,2,Needs_Attention,1.663013699,829.0622192
17609,41,11,1894.34,09-04-2010 16:54,30-10-2011 12:28,1325,609,172.2127273,3,0.214285714,4,5,4,Champions,1.668493151,3160.693315
17610,540,5,1529.49,06-12-2009 16:07,17-06-2010 16:34,902,733,305.898,3,0.375,1,4,4,At_Risk,2.008219178,3071.551151
17611,7,28,8371.98,01-12-2009 13:29,02-12-2011 13:29,5356,738,298.9992857,7,0.2,5,5,5,Champions,2.021917808,16927.45545
17612,53,18,5394.86,17-12-2009 11:59,17-10-2011 14:59,3521,723,299.7144444,14,0.4375,4,5,5,Champions,1.980821918,10686.25693
17613,23,14,4559.15,07-02-2011 11:20,17-11-2011 10:51,2496,306,325.6535714,3,0.176470588,4,5,5,Champions,0.838356164,3822.191507
17614,57,1,390.07,13-10-2011 16:01,13-10-2011 16:01,238,57,390.07,0,0,4,2,2,New_customers,0.156164384,60.9150411
17615,130,6,733.2,11-08-2010 12:54,01-08-2011 14:06,386,485,122.2,1,0.142857143,3,4,3,Loyal_customers,1.328767123,974.2520548
17616,174,4,1060.8,14-09-2010 10:43,19-06-2011 10:11,416,452,265.2,0,0,3,4,3,Loyal_customers,1.238356164,1313.648219
17617,559,1,395.33,30-05-2010 12:48,30-05-2010 12:48,255,559,395.33,1,0.5,1,2,2,lost,1.531506849,605.4506027
17618,6,11,4073.24,24-01-2010 11:03,04-12-2011 11:50,1820,685,370.2945455,2,0.153846154,5,5,5,Champions,1.876712329,7644.299726
17619,312,1,218.52,31-01-2011 14:18,31-01-2011 14:18,127,312,218.52,0,0,2,2,1,lost,0.854794521,186.7896986
17620,60,1,81.44,11-10-2011 12:08,11-10-2011 12:08,60,60,81.44,0,0,3,2,1,Needs_Attention,0.164383562,13.38739726
17621,21,6,3175.12,04-10-2010 09:37,18-11-2011 17:11,1110,432,529.1866667,2,0.25,4,4,5,Champions,1.183561644,3757.950247
17622,598,2,1130.21,20-04-2010 13:38,21-04-2010 12:36,379,598,565.105,1,0.333333333,1,3,3,At_Risk,1.638356164,1851.686521
17623,33,7,2383.67,14-12-2009 14:36,07-11-2011 11:32,801,725,340.5242857,0,0,4,4,4,Champions,1.98630137,4734.686986
17624,15,4,1568.63,20-12-2009 12:35,25-11-2011 10:52,958,720,392.1575,0,0,5,4,4,Champions,1.97260274,3094.283836
17625,18,8,6067.8,15-12-2009 11:49,21-11-2011 13:36,3551,725,758.475,0,0,5,5,5,Champions,1.98630137,12052.47945
17626,603,1,254,16-04-2010 12:15,16-04-2010 12:15,202,603,254,0,0,1,2,1,lost,1.652054795,419.6219178
17627,479,1,296.36,18-08-2010 11:27,18-08-2010 11:27,676,479,296.36,1,0.5,1,2,2,lost,1.312328767,388.9217534
17628,81,1,75.75,19-09-2011 15:21,19-09-2011 15:21,79,81,75.75,0,0,3,2,1,Needs_Attention,0.221917808,16.81027397
17629,6,10,2455.52,14-10-2010 13:35,04-12-2011 10:56,1903,421,245.552,1,0.090909091,5,5,4,Champions,1.153424658,2832.257315
17630,170,2,503.6,21-04-2011 14:03,23-06-2011 11:58,158,232,251.8,0,0,3,3,2,Needs_Attention,0.635616438,320.0964384
17631,2,7,998.49,09-12-2009 14:15,08-12-2011 09:47,591,730,142.6414286,0,0,5,4,3,Loyal_customers,2,1996.98
17633,31,7,2057.39,15-11-2010 14:55,08-11-2011 13:25,899,389,293.9128571,2,0.222222222,4,4,4,Champions,1.065753425,2192.670438
17634,36,9,2361.97,06-01-2011 12:45,03-11-2011 13:09,840,338,262.4411111,0,0,4,5,4,Champions,0.926027397,2187.248932
17635,424,3,1265.58,28-04-2010 10:51,11-10-2010 15:12,770,591,421.86,1,0.25,1,3,4,At_Risk,1.619178082,2049.199397
17636,19,1,285.56,20-11-2011 14:40,20-11-2011 14:40,182,19,285.56,1,0.5,5,2,1,New_customers,0.052054795,14.86476712
17637,31,2,547.06,16-08-2011 13:25,08-11-2011 12:51,280,115,273.53,0,0,4,3,2,Needs_Attention,0.315068493,172.3613699
17638,647,2,842.4,18-12-2009 09:58,02-03-2010 14:32,432,722,421.2,0,0,1,3,3,At_Risk,1.978082192,1666.336438
17639,276,6,615.17,13-08-2010 11:59,08-03-2011 15:22,576,484,102.5283333,0,0,2,4,2,At_Risk,1.326027397,815.732274
17640,87,6,3168.94,23-03-2010 09:15,14-09-2011 09:13,1692,627,528.1566667,2,0.25,3,4,5,Loyal_customers,1.717808219,5443.631178
17642,120,5,1824.49,05-12-2009 16:01,12-08-2011 09:11,1475,734,364.898,0,0,3,4,4,Loyal_customers,2.010958904,3668.974411
17643,373,2,541.25,22-07-2010 13:07,01-12-2010 14:38,297,505,270.625,0,0,2,3,2,At_Risk,1.383561644,748.8527397
17644,1,20,6028.6,16-02-2010 08:44,08-12-2011 13:43,3469,662,301.43,8,0.285714286,5,5,5,Champions,1.81369863,10934.06356
17646,219,12,4149.79,16-12-2009 09:37,04-05-2011 13:17,1418,724,345.8158333,4,0.25,2,5,5,At_Risk,1.983561644,8231.364274
17647,65,3,331.66,08-02-2010 14:39,05-10-2011 15:38,82,669,110.5533333,0,0,3,3,2,Needs_Attention,1.832876712,607.8918904
17648,61,5,2216.37,19-11-2010 16:41,10-10-2011 09:41,954,385,443.274,1,0.166666667,3,4,4,Loyal_customers,1.054794521,2337.814932
17649,138,3,1578.89,24-08-2010 13:01,24-07-2011 15:53,723,472,526.2966667,2,0.4,3,3,4,Loyal_customers,1.293150685,2041.742685
17650,21,1,166.08,18-11-2011 14:52,18-11-2011 14:52,150,21,166.08,0,0,4,2,1,New_customers,0.057534247,9.555287671
17651,12,16,5703.52,01-07-2010 12:17,28-11-2011 10:29,4086,527,356.47,6,0.272727273,5,5,5,Champions,1.443835616,8234.945315
17652,25,12,4867.72,03-03-2011 14:05,14-11-2011 12:55,2509,281,405.6433333,6,0.333333333,4,5,5,Champions,0.769863014,3747.477589
17653,37,4,1207.56,11-08-2011 15:24,03-11-2011 12:46,1409,120,301.89,1,0.2,4,4,3,Loyal_customers,0.328767123,397.0060274
17654,277,1,117.55,07-03-2011 13:17,07-03-2011 13:17,41,277,117.55,0,0,2,2,1,lost,0.75890411,89.20917808
17655,11,9,3652.48,19-10-2010 10:20,29-11-2011 11:34,1542,417,405.8311111,1,0.1,5,5,5,Champions,1.142465753,4172.833315
17656,73,5,1674.69,03-08-2011 10:45,27-09-2011 13:04,1399,129,334.938,0,0,3,4,4,Loyal_customers,0.353424658,591.8767397
17657,430,1,126,05-10-2010 14:52,05-10-2010 14:52,60,430,126,0,0,1,2,1,lost,1.178082192,148.4383562
17658,26,2,595.42,12-05-2011 15:23,14-11-2011 12:07,616,211,297.71,1,0.333333333,4,3,2,Needs_Attention,0.578082192,344.2016986
17659,17,14,3834.79,18-11-2010 14:20,22-11-2011 13:29,1816,386,273.9135714,3,0.176470588,5,5,5,Champions,1.057534247,4055.421753
17660,141,2,359.47,02-12-2009 16:02,21-07-2011 13:37,268,737,179.735,0,0,3,3,2,Needs_Attention,2.019178082,725.8339452
17662,662,2,412.92,17-12-2009 09:54,16-02-2010 09:38,184,723,206.46,0,0,1,3,2,At_Risk,1.980821918,817.9209863
17663,26,17,5175.83,04-03-2010 11:42,14-11-2011 08:56,2297,646,304.4605882,6,0.260869565,4,5,5,Champions,1.769863014,9160.510082
17664,19,4,1166.23,29-03-2010 17:17,21-11-2011 11:29,1058,620,291.5575,0,0,5,4,3,Loyal_customers,1.698630137,1980.993425
17665,493,1,563.1,03-08-2010 13:12,03-08-2010 13:12,690,493,563.1,0,0,1,2,2,lost,1.350684932,760.5706849
17666,4,5,2047.8,30-06-2010 12:03,06-12-2011 09:06,1552,528,409.56,0,0,5,4,4,Champions,1.446575342,2962.296986
17667,66,9,3950.7,23-02-2010 09:57,04-10-2011 14:32,2192,655,438.9666667,3,0.25,3,5,5,Loyal_customers,1.794520548,7089.612329
17668,1,2,347.75,01-11-2011 14:45,08-12-2011 13:25,93,38,173.875,0,0,5,3,2,Needs_Attention,0.104109589,36.20410959
17669,43,10,6142.35,01-04-2010 18:48,28-10-2011 08:53,3505,617,614.235,0,0,4,5,5,Champions,1.690410959,10383.09575
17670,228,1,205.7,26-04-2011 09:12,26-04-2011 09:12,110,228,205.7,0,0,2,2,1,lost,0.624657534,128.4920548
17671,16,5,2403.34,29-11-2010 11:53,24-11-2011 12:21,1177,376,480.668,2,0.285714286,5,4,4,Champions,1.030136986,2475.769425
17672,50,7,5778.63,26-01-2010 17:20,20-10-2011 14:18,2758,682,825.5185714,2,0.222222222,4,4,5,Champions,1.868493151,10797.33058
17673,2,13,4233.58,19-03-2010 14:02,08-12-2011 12:50,3338,630,325.66,2,0.133333333,5,5,5,Champions,1.726027397,7307.275068
17674,74,2,851.7,06-12-2010 10:20,26-09-2011 13:35,1021,369,425.85,0,0,3,3,3,Loyal_customers,1.010958904,861.0336986
17675,1,70,38259.6,10-12-2009 16:10,08-12-2011 18:03,16416,729,546.5657143,20,0.222222222,5,5,5,Champions,1.997260274,76414.37918
17676,4,10,2765.84,30-03-2010 10:49,05-12-2011 15:16,1932,620,276.584,3,0.230769231,5,5,4,Champions,1.698630137,4698.139178
17677,2,54,36692.91,16-12-2009 11:23,08-12-2011 09:56,21936,724,679.4983333,37,0.406593407,5,5,5,Champions,1.983561644,72782.64888
17678,264,2,599.76,15-04-2010 13:54,21-03-2011 11:52,368,603,299.88,1,0.333333333,2,3,2,At_Risk,1.652054795,990.8363836
17679,53,7,3577.61,03-12-2009 17:32,18-10-2011 07:43,1755,736,511.0871429,4,0.363636364,4,4,5,Champions,2.016438356,7214.030027
17680,24,3,497.45,16-07-2010 16:07,16-11-2011 12:42,155,511,165.8166667,1,0.25,4,3,2,Needs_Attention,1.4,696.43
17681,597,5,731.2,15-01-2010 11:53,21-04-2010 17:22,450,694,146.24,1,0.166666667,1,4,3,At_Risk,1.901369863,1390.281644
17682,10,11,4456.78,08-03-2010 09:49,29-11-2011 15:59,2491,642,405.1618182,1,0.083333333,5,5,5,Champions,1.75890411,7839.048658
17683,386,3,819.01,03-06-2010 17:15,19-11-2010 10:11,781,554,273.0033333,0,0,2,3,3,At_Risk,1.517808219,1243.10011
17684,44,1,239.41,27-10-2011 11:10,27-10-2011 11:10,145,44,239.41,0,0,4,2,1,New_customers,0.120547945,28.86038356
17685,17,12,5943.17,11-02-2010 13:44,23-11-2011 11:36,3854,666,495.2641667,2,0.142857143,5,5,5,Champions,1.824657534,10844.24992
17686,7,9,8296.81,24-06-2010 09:49,02-12-2011 15:39,3583,534,921.8677778,0,0,5,5,5,Champions,1.463013699,12138.34668
17687,421,1,432.68,15-10-2010 12:30,15-10-2010 12:30,210,421,432.68,0,0,1,2,2,lost,1.153424658,499.0637808
17688,394,1,304.2,11-11-2010 10:41,11-11-2010 10:41,114,394,304.2,1,0.5,2,2,2,lost,1.079452055,328.3693151
17689,388,2,317.08,22-08-2010 13:54,16-11-2010 13:22,300,474,158.54,0,0,2,3,2,At_Risk,1.298630137,411.7696438
17690,30,20,7448.1,03-02-2010 14:26,09-11-2011 15:17,3126,674,372.405,1,0.047619048,4,5,5,Champions,1.846575342,13753.47781
17691,358,4,780.05,11-06-2010 11:50,16-12-2010 17:20,373,547,195.0125,1,0.2,2,4,3,At_Risk,1.498630137,1169.006438
17692,127,12,2975.8,17-06-2010 11:14,04-08-2011 14:01,2338,541,247.9833333,2,0.142857143,3,5,5,Loyal_customers,1.482191781,4410.706301
17693,137,1,200.47,25-07-2011 15:48,25-07-2011 15:48,231,137,200.47,2,0.666666667,3,2,1,Needs_Attention,0.375342466,75.24490411
17694,142,3,1695.97,26-05-2010 08:27,21-07-2011 12:00,1493,563,565.3233333,0,0,3,3,4,Loyal_customers,1.542465753,2615.975644
17695,132,5,1746.04,28-01-2010 09:27,31-07-2011 10:40,1809,681,349.208,1,0.166666667,3,4,4,Loyal_customers,1.865753425,3257.68011
17696,38,27,7679.59,10-12-2009 17:09,01-11-2011 13:43,5891,729,284.4292593,21,0.4375,4,5,5,Champions,1.997260274,15338.14003
17697,236,1,338.95,17-04-2011 15:40,17-04-2011 15:40,93,236,338.95,0,0,2,2,2,lost,0.646575342,219.1567123
17698,261,1,154.95,24-03-2011 11:34,24-03-2011 11:34,93,261,154.95,0,0,2,2,1,lost,0.715068493,110.799863
17699,477,2,442,27-05-2010 11:53,20-08-2010 09:39,208,562,221,0,0,1,3,2,At_Risk,1.539726027,680.5589041
17700,17,14,6679.97,01-12-2009 11:37,23-11-2011 11:51,3469,739,477.1407143,3,0.176470588,5,5,5,Champions,2.024657534,13524.65159
17701,253,1,417.95,01-04-2011 12:25,01-04-2011 12:25,109,253,417.95,0,0,2,2,2,lost,0.693150685,289.7023288
17702,30,6,3144.04,04-11-2010 12:09,09-11-2011 16:03,2153,401,524.0066667,3,0.333333333,4,4,5,Champions,1.098630137,3454.137096
17703,35,4,1094.84,17-10-2010 16:16,04-11-2011 15:51,897,418,273.71,0,0,4,4,3,Loyal_customers,1.145205479,1253.816767
17704,169,2,885.19,14-04-2011 09:28,24-06-2011 09:40,343,240,442.595,0,0,3,3,3,Loyal_customers,0.657534247,582.0427397
17705,3,11,2083.9,12-05-2010 09:47,06-12-2011 13:45,1301,577,189.4454545,1,0.083333333,5,5,4,Champions,1.580821918,3294.274795
17706,4,31,20749.98,19-01-2010 12:13,05-12-2011 13:34,8049,690,669.3541935,12,0.279069767,5,5,5,Champions,1.890410959,39225.98959
17707,185,8,609.3,07-12-2009 12:19,07-06-2011 15:03,546,733,76.1625,1,0.111111111,3,5,2,Needs_Attention,2.008219178,1223.607945
17708,188,4,887.93,12-10-2010 12:13,05-06-2011 10:12,388,424,221.9825,0,0,3,4,3,Loyal_customers,1.161643836,1031.458411
17709,170,5,671.01,15-04-2010 14:48,23-06-2011 11:55,295,603,134.202,0,0,3,4,3,Loyal_customers,1.652054795,1108.545288
17710,424,1,293.5,12-10-2010 07:49,12-10-2010 07:49,158,424,293.5,0,0,1,2,2,lost,1.161643836,340.9424658
17711,11,2,385.1,23-02-2011 11:32,29-11-2011 11:40,246,290,192.55,0,0,5,3,2,Needs_Attention,0.794520548,305.969863
17712,45,1,522.91,26-10-2011 12:28,26-10-2011 12:28,215,45,522.91,0,0,4,2,2,New_customers,0.123287671,64.46835616
17713,382,4,1198.09,09-06-2010 09:33,22-11-2010 16:50,989,549,299.5225,0,0,2,4,3,At_Risk,1.504109589,1802.058658
17714,321,5,1410.18,14-07-2010 10:41,23-01-2011 10:32,608,514,282.036,4,0.444444444,2,4,4,At_Risk,1.408219178,1985.842521
17715,201,2,489.6,26-04-2010 12:17,23-05-2011 12:32,576,593,244.8,0,0,2,3,2,At_Risk,1.624657534,795.4323288
17716,23,24,15956.97,02-12-2009 17:18,17-11-2011 12:00,8819,737,664.87375,3,0.111111111,4,5,5,Champions,2.019178082,32219.96408
17717,421,1,376.92,14-10-2010 12:54,14-10-2010 12:54,344,421,376.92,0,0,1,2,2,lost,1.153424658,434.7488219
17718,232,2,439.18,05-03-2010 08:01,21-04-2011 13:39,274,645,219.59,1,0.333333333,2,3,2,At_Risk,1.767123288,776.0852055
17719,38,15,5396.04,29-03-2011 11:29,02-11-2011 10:36,2466,256,359.736,3,0.166666667,4,5,5,Champions,0.701369863,3784.619836
17720,26,10,2768.91,10-05-2010 09:58,13-11-2011 15:04,1613,579,276.891,2,0.166666667,4,5,4,Champions,1.58630137,4392.325726
17721,659,1,307.21,18-02-2010 15:18,18-02-2010 15:18,107,659,307.21,0,0,1,2,2,lost,1.805479452,554.6613425
17722,96,5,4430.36,29-11-2010 09:44,04-09-2011 15:22,2937,376,886.072,2,0.285714286,3,4,5,Loyal_customers,1.030136986,4563.877699
17723,127,7,3378.4,29-11-2010 10:35,04-08-2011 18:37,912,376,482.6285714,0,0,3,4,5,Loyal_customers,1.030136986,3480.214795
17724,71,3,1033,24-07-2011 13:26,29-09-2011 15:26,300,138,344.3333333,1,0.25,3,3,3,Loyal_customers,0.378082192,390.5589041
17725,16,11,3439.08,17-03-2011 19:47,23-11-2011 16:34,2162,267,312.6436364,3,0.214285714,5,5,5,Champions,0.731506849,2515.710575
17726,395,7,1092.06,26-01-2010 14:58,09-11-2010 13:37,444,682,156.0085714,1,0.125,2,4,3,At_Risk,1.868493151,2040.50663
17727,15,1,1060.25,24-11-2011 17:06,24-11-2011 17:06,645,15,1060.25,1,0.5,5,2,3,New_customers,0.04109589,43.57191781
17728,4,5,4238.76,12-09-2010 14:58,06-12-2011 08:52,2146,453,847.752,3,0.375,5,4,5,Champions,1.24109589,5260.707616
17729,596,1,438.65,22-04-2010 15:03,22-04-2010 15:03,247,596,438.65,0,0,1,2,2,lost,1.632876712,716.2613699
17730,3,20,7773.8,29-04-2010 11:48,06-12-2011 15:43,5300,590,388.69,3,0.130434783,5,5,5,Champions,1.616438356,12565.86849
17731,79,6,1708.99,09-02-2010 12:37,21-09-2011 15:02,707,669,284.8316667,1,0.142857143,3,4,4,Loyal_customers,1.832876712,3132.367973
17732,373,8,2470.39,09-08-2010 08:41,02-12-2010 09:29,1151,488,308.79875,2,0.2,2,5,4,At_Risk,1.336986301,3302.877589
17733,39,2,692.19,23-03-2011 09:54,01-11-2011 08:16,463,262,346.095,0,0,4,3,3,Loyal_customers,0.717808219,496.8596712
17734,54,6,1442.32,07-03-2010 13:55,17-10-2011 12:33,741,642,240.3866667,0,0,4,4,4,Champions,1.75890411,2536.902575
17735,2,26,17244.93,30-07-2010 13:25,07-12-2011 16:47,10901,497,663.2665385,3,0.103448276,5,5,5,Champions,1.361643836,23481.45263
17736,9,3,377.44,18-08-2011 14:33,30-11-2011 15:36,238,113,125.8133333,1,0.25,5,3,2,Needs_Attention,0.309589041,116.8512877
17737,9,2,168.24,12-10-2011 14:42,30-11-2011 15:16,108,58,84.12,0,0,5,3,1,Needs_Attention,0.15890411,26.7340274
17738,19,13,4183.56,19-03-2010 10:07,20-11-2011 15:05,2776,631,321.8123077,2,0.133333333,5,5,5,Champions,1.728767123,7232.400986
17739,12,18,7730.59,07-12-2009 10:48,28-11-2011 09:12,2335,733,429.4772222,2,0.1,5,5,5,Champions,2.008219178,15524.7191
17740,389,6,426.9,11-01-2010 13:11,15-11-2010 16:33,222,697,71.15,0,0,2,4,2,At_Risk,1.909589041,815.2035616
17741,407,2,101.1,28-05-2010 12:11,29-10-2010 11:59,114,561,50.55,0,0,2,3,1,At_Risk,1.536986301,155.3893151
17742,113,11,2098.48,01-12-2009 13:16,18-08-2011 15:28,653,738,190.7709091,0,0,3,5,4,Loyal_customers,2.021917808,4242.954082
17743,448,1,229.2,17-09-2010 14:54,17-09-2010 14:54,96,448,229.2,1,0.5,1,2,1,lost,1.22739726,281.3194521
17744,4,7,2649.14,24-11-2010 09:34,06-12-2011 12:11,3826,381,378.4485714,1,0.125,5,4,4,Champions,1.043835616,2765.266685
17745,478,2,600.34,02-06-2010 09:03,19-08-2010 12:30,164,556,300.17,0,0,1,3,2,At_Risk,1.523287671,914.4905205
17746,240,4,904.18,08-04-2010 12:54,13-04-2011 14:31,688,610,226.045,3,0.428571429,2,4,3,At_Risk,1.671232877,1511.095342
17747,113,1,71.4,19-08-2011 08:13,19-08-2011 08:13,12,113,71.4,1,0.5,3,2,1,Needs_Attention,0.309589041,22.10465753
17748,527,1,358.15,30-06-2010 13:49,30-06-2010 13:49,111,527,358.15,0,0,1,2,2,lost,1.443835616,517.109726
17749,178,3,1026.18,11-06-2010 14:56,14-06-2011 15:45,446,546,342.06,0,0,3,3,3,Loyal_customers,1.495890411,1535.052822
17750,5,9,1797.57,28-06-2011 15:44,04-12-2011 14:09,3957,164,199.73,0,0,5,5,4,Champions,0.449315068,807.6752877
17751,421,1,157.86,14-10-2010 13:57,14-10-2010 13:57,147,421,157.86,0,0,1,2,1,lost,1.153424658,182.0796164
17752,359,1,80.64,15-12-2010 16:19,15-12-2010 16:19,192,359,80.64,0,0,2,2,1,lost,0.983561644,79.31441096
17753,464,4,390.56,06-01-2010 14:20,01-09-2010 15:49,128,702,97.64,1,0.2,1,4,2,At_Risk,1.923287671,751.1592329
17754,1,13,4577.53,11-12-2009 15:52,09-12-2011 11:20,4441,728,352.1176923,3,0.1875,5,5,5,Champions,1.994520548,9129.977644
17756,376,3,733.7,10-11-2010 12:54,29-11-2010 12:20,400,394,244.5666667,0,0,2,3,3,At_Risk,1.079452055,791.9939726
17757,1,56,9422.45,13-01-2010 15:56,08-12-2011 15:31,5163,695,168.2580357,4,0.066666667,5,5,5,Champions,1.904109589,17941.3774
17758,19,12,5012.53,20-05-2010 13:18,20-11-2011 14:45,3236,568,417.7108333,0,0,5,5,5,Champions,1.556164384,7800.320658
17759,17,5,1276.91,05-05-2010 11:40,22-11-2011 16:02,976,584,255.382,0,0,5,4,4,Champions,1.6,2043.056
17760,22,6,918.93,28-02-2010 12:15,18-11-2011 10:56,696,650,153.155,1,0.142857143,4,4,3,Loyal_customers,1.780821918,1636.450685
17761,33,1,712.78,07-11-2011 10:23,07-11-2011 10:23,398,33,712.78,0,0,4,2,3,New_customers,0.090410959,64.44312329
17762,456,1,129.75,09-09-2010 17:40,09-09-2010 17:40,129,456,129.75,0,0,1,2,1,lost,1.249315068,162.0986301
17763,263,4,86.15,18-02-2010 14:32,21-03-2011 14:25,41,659,21.5375,1,0.2,2,4,1,At_Risk,1.805479452,155.5420548
17764,51,5,1623.64,03-12-2009 14:28,20-10-2011 11:03,729,736,324.728,0,0,4,4,4,Champions,2.016438356,3273.969973
17765,159,4,530.8,17-09-2010 12:45,04-07-2011 12:41,197,449,132.7,0,0,3,4,2,Needs_Attention,1.230136986,652.9567123
17766,381,2,299.61,23-11-2010 14:17,23-11-2010 14:29,155,381,149.805,0,0,2,3,2,At_Risk,1.043835616,312.743589
17767,15,2,413.05,25-10-2010 16:22,24-11-2011 14:42,198,410,206.525,0,0,5,3,2,Needs_Attention,1.123287671,463.9739726
17768,8,7,3509.51,02-12-2009 12:26,01-12-2011 13:22,2433,738,501.3585714,1,0.125,5,4,5,Champions,2.021917808,7095.940767
17769,13,17,7103.08,19-01-2010 11:33,27-11-2011 11:18,3176,690,417.8282353,4,0.19047619,5,5,5,Champions,1.890410959,13427.74027
17770,199,5,1143.27,02-03-2011 13:35,25-05-2011 12:34,365,282,228.654,0,0,2,4,3,At_Risk,0.77260274,883.2935342
17771,57,4,387.41,29-04-2010 13:21,14-10-2011 11:43,373,589,96.8525,0,0,4,4,2,Needs_Attention,1.61369863,625.1629863
17772,11,3,384.77,12-11-2010 11:31,29-11-2011 11:05,122,393,128.2566667,0,0,5,3,2,Needs_Attention,1.076712329,414.2866027
17773,514,2,585.27,18-01-2010 14:32,13-07-2010 14:07,260,690,292.635,0,0,1,3,2,At_Risk,1.890410959,1106.400822
17774,97,9,3328.05,08-02-2010 16:06,04-09-2011 12:49,1609,669,369.7833333,4,0.307692308,3,5,5,Loyal_customers,1.832876712,6099.905342
17775,255,1,56.4,30-03-2011 10:50,30-03-2011 10:50,72,255,56.4,0,0,2,2,1,lost,0.698630137,39.40273973
17776,387,2,338.56,16-12-2009 14:59,18-11-2010 12:14,277,723,169.28,1,0.333333333,2,3,2,At_Risk,1.980821918,670.6270685
17777,25,3,665.86,31-08-2011 14:35,15-11-2011 12:02,507,100,221.9533333,0,0,4,3,3,Loyal_customers,0.273972603,182.4273973
17778,662,1,197.7,16-02-2010 12:44,16-02-2010 12:44,214,662,197.7,0,0,1,2,1,lost,1.81369863,358.5682192
17779,21,3,658.57,19-07-2011 12:19,18-11-2011 14:15,397,144,219.5233333,2,0.4,4,3,3,Loyal_customers,0.394520548,259.8193973
17780,667,3,352.91,24-01-2010 11:21,10-02-2010 13:43,158,685,117.6366667,0,0,1,3,2,At_Risk,1.876712329,662.3105479
17781,159,2,188.02,31-03-2011 19:54,03-07-2011 16:00,34,253,94.01,0,0,3,3,1,Needs_Attention,0.693150685,130.3261918
17782,383,2,679.02,22-11-2010 10:03,22-11-2010 11:15,538,383,339.51,0,0,2,3,3,At_Risk,1.049315068,712.5059178
17783,72,3,379.91,15-07-2010 12:50,28-09-2011 16:07,439,513,126.6366667,0,0,3,3,2,Needs_Attention,1.405479452,533.9556986
17784,550,1,112.86,07-06-2010 16:08,07-06-2010 16:08,72,550,112.86,0,0,1,2,1,lost,1.506849315,170.0630137
17785,53,3,403.38,23-05-2010 13:01,17-10-2011 13:43,227,565,134.46,0,0,4,3,2,Needs_Attention,1.547945205,624.410137
17786,85,2,278.74,26-01-2011 14:35,15-09-2011 12:51,200,317,139.37,0,0,3,3,1,Needs_Attention,0.868493151,242.0837808
17787,153,4,2601.47,03-12-2010 13:43,10-07-2011 11:24,1266,371,650.3675,0,0,3,4,4,Loyal_customers,1.016438356,2644.23389
17788,74,2,1117.9,02-08-2011 10:38,27-09-2011 10:09,211,130,558.95,0,0,3,3,3,Loyal_customers,0.356164384,398.1561644
17789,281,2,397.15,16-02-2010 13:16,03-03-2011 13:14,199,661,198.575,0,0,2,3,2,At_Risk,1.810958904,719.2223288
17790,27,20,2783.61,13-06-2010 13:30,13-11-2011 11:30,1389,544,139.1805,0,0,4,5,4,Champions,1.490410959,4148.722849
17791,30,1,106.1,10-11-2011 12:09,10-11-2011 12:09,46,30,106.1,0,0,4,2,1,New_customers,0.082191781,8.720547945
17792,467,2,370.05,18-08-2010 13:08,29-08-2010 14:30,151,478,185.025,0,0,1,3,2,At_Risk,1.309589041,484.6134247
17793,25,1,323.04,14-11-2011 14:24,14-11-2011 14:24,232,25,323.04,0,0,4,2,2,New_customers,0.068493151,22.1260274
17794,687,2,147.3,20-01-2010 12:17,22-01-2010 10:18,46,689,73.65,0,0,1,3,1,At_Risk,1.887671233,278.0539726
17795,180,2,350.39,20-03-2011 12:02,13-06-2011 12:36,341,265,175.195,0,0,3,3,2,Needs_Attention,0.726027397,254.3927397
17796,40,7,1361.99,14-10-2010 13:37,30-10-2011 15:38,379,421,194.57,0,0,4,4,4,Champions,1.153424658,1570.952849
17797,22,8,1985.87,15-12-2009 14:30,17-11-2011 13:21,1090,724,248.23375,0,0,4,5,4,Champions,1.983561644,3939.095562
17798,582,1,183.09,07-05-2010 11:42,07-05-2010 11:42,142,582,183.09,0,0,1,2,1,lost,1.594520548,291.9407671
17799,22,20,6341.89,13-12-2009 16:03,17-11-2011 15:16,3707,726,317.0945,3,0.130434783,4,5,5,Champions,1.989041096,12614.27984
17800,37,9,1199.01,09-01-2011 13:50,02-11-2011 12:57,736,334,133.2233333,0,0,4,5,3,Loyal_customers,0.915068493,1097.176274
17801,451,3,798.33,17-01-2010 11:31,14-09-2010 14:32,838,692,266.11,1,0.25,1,3,3,At_Risk,1.895890411,1513.546192
17802,82,10,5053.12,13-12-2009 13:39,18-09-2011 14:56,2786,726,505.312,6,0.375,3,5,5,Loyal_customers,1.989041096,10050.86334
17803,392,1,184.66,12-11-2010 13:53,12-11-2010 13:53,98,392,184.66,0,0,2,2,1,lost,1.073972603,198.3197808
17804,376,3,385.23,01-12-2009 12:22,28-11-2010 14:01,195,739,128.41,1,0.25,2,3,2,At_Risk,2.024657534,779.9588219
17805,74,2,927.03,08-04-2010 14:36,27-09-2011 11:49,1126,610,463.515,0,0,3,3,3,Loyal_customers,1.671232877,1549.283014
17806,11,1,546.04,28-11-2011 14:12,28-11-2011 14:12,727,11,546.04,0,0,5,2,2,New_customers,0.030136986,16.456
17807,395,3,437.87,04-01-2010 14:00,09-11-2010 16:21,262,704,145.9566667,0,0,2,3,2,At_Risk,1.928767123,844.5492603
17808,549,4,262.64,07-05-2010 16:26,09-06-2010 10:44,143,581,65.66,0,0,1,4,1,At_Risk,1.591780822,418.0653151
17809,16,20,11337.39,02-12-2009 14:52,23-11-2011 12:59,3353,737,566.8695,4,0.166666667,5,5,5,Champions,2.019178082,22892.2094
17810,669,2,374.81,25-01-2010 10:26,09-02-2010 10:47,119,684,187.405,1,0.333333333,1,3,2,At_Risk,1.873972603,702.3836712
17811,4,47,9609.8,20-09-2010 11:24,05-12-2011 13:46,5327,446,204.4638298,13,0.216666667,5,5,5,Champions,1.221917808,11742.38575
17812,13,7,1165.89,27-06-2010 13:34,27-11-2011 11:47,612,530,166.5557143,0,0,5,4,3,Loyal_customers,1.452054795,1692.936164
17813,14,5,1770.88,29-09-2011 15:57,25-11-2011 16:13,790,71,354.176,2,0.285714286,5,4,4,Champions,0.194520548,344.4725479
17814,375,2,1617.32,13-10-2010 14:03,29-11-2010 14:21,1440,422,808.66,0,0,2,3,4,At_Risk,1.156164384,1869.887781
17815,393,1,591.96,11-11-2010 14:39,11-11-2010 14:39,612,393,591.96,0,0,2,2,2,lost,1.076712329,637.3706301
17816,37,6,112.32,15-12-2009 15:27,03-11-2011 11:34,96,724,18.72,0,0,4,4,1,Needs_Attention,1.983561644,222.7936438
17817,4,6,807.85,13-10-2010 15:07,05-12-2011 14:39,365,422,134.6416667,1,0.142857143,5,4,3,Loyal_customers,1.156164384,934.0073973
17818,738,1,130.18,02-12-2009 11:34,02-12-2009 11:34,90,738,130.18,0,0,1,2,1,lost,2.021917808,263.2132603
17819,72,12,6612.52,13-12-2009 15:24,29-09-2011 10:52,1849,726,551.0433333,1,0.076923077,3,5,5,Loyal_customers,1.989041096,13152.57403
17820,374,1,183.56,30-11-2010 17:43,30-11-2010 17:43,112,374,183.56,2,0.666666667,2,2,1,lost,1.024657534,188.086137
17821,406,1,334.62,29-10-2010 13:20,29-10-2010 13:20,162,406,334.62,0,0,2,2,2,lost,1.112328767,372.2074521
17822,420,5,2188.5,28-05-2010 12:15,15-10-2010 13:47,1389,561,437.7,0,0,1,4,4,At_Risk,1.536986301,3363.694521
17823,421,2,494.25,14-10-2010 16:14,14-10-2010 16:24,262,421,247.125,0,0,1,3,2,At_Risk,1.153424658,570.080137
17824,51,1,298.4,19-10-2011 14:14,19-10-2011 14:14,408,51,298.4,0,0,4,2,2,New_customers,0.139726027,41.69424658
17825,599,4,731.96,14-12-2009 12:09,20-04-2010 12:01,540,726,182.99,0,0,1,4,3,At_Risk,1.989041096,1455.898521
17826,374,1,134.59,30-11-2010 13:23,30-11-2010 13:23,85,374,134.59,0,0,2,2,1,lost,1.024657534,137.9086575
17827,5,6,2388.05,28-03-2010 12:20,04-12-2011 15:00,1592,622,398.0083333,1,0.142857143,5,4,4,Champions,1.704109589,4069.498904
17828,23,4,1820.09,08-06-2011 08:31,17-11-2011 08:41,667,185,455.0225,5,0.555555556,4,4,4,Champions,0.506849315,922.5113699
17829,299,5,4756.74,22-02-2010 15:39,14-02-2011 12:46,3009,655,951.348,1,0.166666667,2,4,5,At_Risk,1.794520548,8536.067671
17830,2,3,398.7,24-02-2011 10:15,08-12-2011 12:28,92,289,132.9,0,0,5,3,2,Needs_Attention,0.791780822,315.6830137
17831,33,1,35.4,06-11-2011 15:09,06-11-2011 15:09,12,33,35.4,0,0,4,2,1,New_customers,0.090410959,3.200547945
17832,50,1,155.37,21-10-2011 11:43,21-10-2011 11:43,208,50,155.37,0,0,4,2,1,New_customers,0.136986301,21.28356164
17833,723,1,342.36,16-12-2009 13:40,16-12-2009 13:40,145,723,342.36,0,0,1,2,2,lost,1.980821918,678.1541918
17834,415,2,730.47,20-09-2010 15:32,21-10-2010 12:09,687,445,365.235,0,0,1,3,3,At_Risk,1.219178082,890.5730137
17835,3,3,350.64,16-11-2011 16:30,07-12-2011 11:48,348,23,116.88,0,0,5,3,2,Needs_Attention,0.063013699,22.09512329
17836,47,1,110.21,23-10-2011 16:13,23-10-2011 16:13,88,47,110.21,0,0,4,2,1,New_customers,0.128767123,14.19142466
17837,42,8,1593.38,29-06-2011 16:44,28-10-2011 16:13,518,163,199.1725,2,0.2,4,5,4,Champions,0.446575342,711.5642192
17838,27,13,6722.9,19-03-2010 09:53,13-11-2011 11:20,4149,631,517.1461538,2,0.133333333,4,5,5,Champions,1.728767123,11622.32849
17839,42,1,338.8,28-10-2011 17:27,28-10-2011 17:27,285,42,338.8,0,0,4,2,2,New_customers,0.115068493,38.98520548
17840,444,1,185.72,22-09-2010 12:24,22-09-2010 12:24,138,444,185.72,0,0,1,2,1,lost,1.216438356,225.9169315
17841,2,211,70884.07,02-12-2009 15:41,08-12-2011 12:07,37558,737,335.9434597,78,0.269896194,5,5,5,Champions,2.019178082,143127.5605
17842,602,1,430.69,16-04-2010 14:23,16-04-2010 14:23,89,602,430.69,0,0,1,2,2,lost,1.649315068,710.3435068
17843,303,2,326.23,24-10-2010 10:56,09-02-2011 15:33,276,412,163.115,0,0,2,3,2,At_Risk,1.128767123,368.2376986
17844,107,1,51.56,25-08-2011 11:27,25-08-2011 11:27,52,107,51.56,0,0,3,2,1,Needs_Attention,0.293150685,15.11484932
17845,555,4,598.19,12-05-2010 13:04,02-06-2010 15:20,196,576,149.5475,0,0,1,4,2,At_Risk,1.578082192,943.9929863
17846,85,1,2033.1,15-09-2011 15:20,15-09-2011 15:20,1,85,2033.1,0,0,3,2,4,Needs_Attention,0.232876712,473.4616438
17847,516,2,129.69,04-03-2010 12:57,12-07-2010 10:00,29,645,64.845,0,0,1,3,1,At_Risk,1.767123288,229.1782192
17848,81,30,3650.9,06-12-2009 13:19,19-09-2011 16:49,1438,733,121.6966667,1,0.032258065,3,5,5,Loyal_customers,2.008219178,7331.807397
17849,218,8,1063.76,14-03-2010 15:17,05-05-2011 13:46,224,635,132.97,0,0,2,5,3,At_Risk,1.739726027,1850.650959
17850,372,155,56600.08,05-12-2009 12:28,02-12-2010 15:27,22785,735,365.1618065,4,0.025157233,2,5,5,At_Risk,2.01369863,113975.5036
17851,422,6,1563.34,03-12-2009 17:46,13-10-2010 15:13,938,736,260.5566667,0,0,1,4,4,At_Risk,2.016438356,3152.37874
17852,12,5,663.21,08-12-2009 12:51,28-11-2011 12:36,376,731,132.642,0,0,5,4,3,Loyal_customers,2.002739726,1328.237014
17853,407,3,1608.19,03-12-2009 15:09,28-10-2010 15:29,627,736,536.0633333,0,0,2,3,4,At_Risk,2.016438356,3242.816
17854,185,6,1071.45,08-12-2009 11:13,07-06-2011 16:21,610,732,178.575,0,0,3,4,3,Loyal_customers,2.005479452,2148.770959
17855,373,1,417.94,02-12-2010 09:44,02-12-2010 09:44,394,373,417.94,0,0,2,2,2,lost,1.021917808,427.1003288
17856,2,4,1418.03,03-03-2011 11:40,08-12-2011 09:40,842,282,354.5075,2,0.333333333,5,4,4,Champions,0.77260274,1095.573863
17857,4,24,28682.24,08-03-2010 12:09,05-12-2011 13:13,22060,642,1195.093333,2,0.076923077,5,5,5,Champions,1.75890411,50449.30981
17858,6,30,12797.65,06-12-2009 15:41,04-12-2011 11:56,5483,733,426.5883333,2,0.0625,5,5,5,Champions,2.008219178,25700.48616
17859,305,1,148.21,08-02-2011 10:32,08-02-2011 10:32,127,305,148.21,0,0,2,2,1,lost,0.835616438,123.8467123
17860,369,4,1015.54,11-12-2009 16:48,06-12-2010 12:41,817,728,253.885,0,0,2,4,3,At_Risk,1.994520548,2025.515397
17861,3,18,5127.69,10-12-2009 11:27,06-12-2011 16:21,4574,730,284.8716667,4,0.181818182,5,5,5,Champions,2,10255.38
17862,324,4,1279.09,25-05-2010 17:22,20-01-2011 12:23,443,563,319.7725,0,0,2,4,4,At_Risk,1.542465753,1972.952521
17863,59,12,5745.2,25-02-2010 12:01,11-10-2011 13:45,4952,653,478.7666667,0,0,4,5,5,Champions,1.789041096,10278.3989
17864,13,5,924.32,08-10-2010 11:49,27-11-2011 11:15,1121,428,184.864,0,0,5,4,3,Loyal_customers,1.17260274,1083.860164
17865,31,46,26374.39,01-12-2009 10:49,09-11-2011 12:08,12985,739,573.3563043,16,0.258064516,4,5,5,Champions,2.024657534,53399.10742
17866,143,3,1134.95,14-12-2009 16:01,20-07-2011 11:07,535,725,378.3166667,1,0.25,3,3,3,Loyal_customers,1.98630137,2254.35274
17867,30,15,1621.28,02-12-2009 13:39,09-11-2011 14:15,672,737,108.0853333,5,0.25,4,5,4,Champions,2.019178082,3273.653041
17868,386,1,234.65,18-11-2010 18:55,18-11-2010 18:55,91,386,234.65,0,0,2,2,1,lost,1.057534247,248.150411
17869,107,7,1036.16,10-06-2010 13:47,24-08-2011 16:16,560,547,148.0228571,0,0,3,4,3,Loyal_customers,1.498630137,1552.820603
17870,2,13,3108.15,23-11-2010 11:39,07-12-2011 15:07,1877,382,239.0884615,1,0.071428571,5,5,5,Champions,1.046575342,3252.913151
17871,205,5,1118.99,15-01-2010 14:48,19-05-2011 11:32,713,693,223.798,0,0,2,4,3,At_Risk,1.898630137,2124.548137
17872,382,1,235.87,23-11-2010 12:02,23-11-2010 12:02,176,382,235.87,0,0,2,2,1,lost,1.046575342,246.855726
17873,80,18,6515.88,16-12-2009 15:11,20-09-2011 16:41,4312,723,361.9933333,2,0.1,3,5,5,Loyal_customers,1.980821918,12906.79792
17874,185,6,683.46,29-03-2011 11:25,07-06-2011 12:54,221,256,113.91,1,0.142857143,3,4,3,Loyal_customers,0.701369863,479.3582466
17875,688,1,167.1,20-01-2010 15:30,20-01-2010 15:30,98,688,167.1,0,0,1,2,1,lost,1.884931507,314.9720548
17876,400,3,3424.02,02-02-2010 13:00,05-11-2010 10:52,1958,675,1141.34,0,0,2,3,5,At_Risk,1.849315068,6332.091781
17877,170,1,237.61,22-06-2011 13:00,22-06-2011 13:00,98,170,237.61,0,0,3,2,1,Needs_Attention,0.465753425,110.6676712
17878,44,3,1412.33,09-11-2010 13:50,27-10-2011 11:24,1038,395,470.7766667,0,0,4,3,4,Loyal_customers,1.082191781,1528.411918
17879,174,1,178.52,19-06-2011 12:36,19-06-2011 12:36,45,174,178.52,0,0,3,2,1,Needs_Attention,0.476712329,85.10268493
17880,365,3,824.92,09-12-2009 16:13,10-12-2010 10:21,466,730,274.9733333,0,0,2,3,3,At_Risk,2,1649.84
17881,304,1,133.35,08-02-2011 17:16,08-02-2011 17:16,32,304,133.35,0,0,2,2,1,lost,0.832876712,111.0641096
17882,379,2,313.46,25-11-2010 14:35,25-11-2010 14:40,134,379,156.73,0,0,2,3,2,At_Risk,1.038356164,325.4831233
17883,3,7,995.85,25-02-2010 20:07,06-12-2011 17:49,481,652,142.2642857,1,0.125,5,4,3,Loyal_customers,1.78630137,1778.888219
17884,4,20,3072.89,04-12-2009 16:23,06-12-2011 11:33,3088,735,153.6445,3,0.130434783,5,5,5,Champions,2.01369863,6187.874384
17885,12,1,190.19,27-11-2011 14:40,27-11-2011 14:40,167,12,190.19,0,0,5,2,1,New_customers,0.032876712,6.252821918
17886,32,6,1608.38,29-04-2010 11:10,08-11-2011 10:09,725,590,268.0633333,1,0.142857143,4,4,4,Champions,1.616438356,2599.847123
17887,129,1,111.35,02-08-2011 17:29,02-08-2011 17:29,30,129,111.35,0,0,3,2,1,Needs_Attention,0.353424658,39.35383562
17888,21,25,1820.44,21-12-2009 16:34,18-11-2011 13:45,1544,718,72.8176,6,0.193548387,4,5,4,Champions,1.967123288,3581.029918
17889,212,7,774.87,31-03-2010 10:54,11-05-2011 16:26,417,619,110.6957143,0,0,2,4,3,At_Risk,1.695890411,1314.094603
17890,323,2,602.09,13-12-2010 15:12,21-01-2011 11:19,416,361,301.045,0,0,2,3,2,At_Risk,0.989041096,595.4917534
17891,162,1,203.86,30-06-2011 20:08,30-06-2011 20:08,393,162,203.86,0,0,3,2,1,Needs_Attention,0.443835616,90.48032877
17892,56,3,244.1,07-07-2011 12:56,14-10-2011 16:49,109,155,81.36666667,0,0,4,3,1,Needs_Attention,0.424657534,103.6589041
17893,225,1,112.25,28-04-2011 13:50,28-04-2011 13:50,161,225,112.25,0,0,2,2,1,lost,0.616438356,69.19520548
17894,72,18,2453.38,27-08-2010 14:13,29-09-2011 09:23,1020,469,136.2988889,2,0.1,3,5,4,Loyal_customers,1.284931507,3152.42526
17895,44,1,98,26-10-2011 17:00,26-10-2011 17:00,130,44,98,0,0,4,2,1,New_customers,0.120547945,11.81369863
17896,23,1,256.32,16-11-2011 13:59,16-11-2011 13:59,288,23,256.32,0,0,4,2,1,New_customers,0.063013699,16.15167123
17897,173,9,2585,12-05-2010 16:03,20-06-2011 11:23,1043,576,287.2222222,1,0.1,3,5,4,Loyal_customers,1.578082192,4079.342466
17898,85,4,299.18,21-05-2010 17:22,15-09-2011 14:56,251,567,74.795,0,0,3,4,2,Needs_Attention,1.553424658,464.753589
17899,159,1,155.8,03-07-2011 14:58,03-07-2011 14:58,171,159,155.8,0,0,3,2,1,Needs_Attention,0.435616438,67.8690411
17900,190,2,112.2,02-06-2011 14:28,02-06-2011 14:38,73,190,56.1,2,0.5,2,3,1,At_Risk,0.520547945,58.40547945
17901,29,3,260.08,06-07-2010 10:54,10-11-2011 17:29,38,522,86.69333333,0,0,4,3,1,Needs_Attention,1.430136986,371.9500274
17902,547,1,216.4,11-06-2010 12:25,11-06-2010 12:25,526,547,216.4,0,0,1,2,1,lost,1.498630137,324.3035616
17903,394,1,381.09,10-11-2010 15:39,10-11-2010 15:39,142,394,381.09,0,0,2,2,2,lost,1.079452055,411.3683836
17904,21,1,191.67,18-11-2011 12:57,18-11-2011 12:57,63,21,191.67,1,0.5,4,2,1,New_customers,0.057534247,11.02758904
17905,71,13,2383.52,28-01-2010 17:54,29-09-2011 17:33,1373,680,183.3476923,1,0.071428571,3,5,4,Loyal_customers,1.863013699,4440.530411
17906,247,1,72.9,06-04-2011 17:25,06-04-2011 17:25,26,247,72.9,0,0,2,2,1,lost,0.676712329,49.33232877
17907,641,1,291.76,09-03-2010 12:33,09-03-2010 12:33,1046,641,291.76,0,0,1,2,2,lost,1.756164384,512.3785205
17908,374,5,1411.54,14-12-2009 12:24,01-12-2010 11:45,856,726,282.308,2,0.285714286,2,4,4,At_Risk,1.989041096,2807.611068
17909,737,1,132.55,02-12-2009 13:10,02-12-2009 13:10,41,737,132.55,0,0,1,2,1,lost,2.019178082,267.6420548
17910,726,1,261.7,13-12-2009 16:04,13-12-2009 16:04,121,726,261.7,0,0,1,2,1,lost,1.989041096,520.5320548
17911,9,1,366.23,30-11-2011 14:52,30-11-2011 14:52,223,9,366.23,0,0,5,2,2,New_customers,0.024657534,9.030328767
17912,310,6,375.5,29-11-2010 13:53,02-02-2011 14:25,216,375,62.58333333,1,0.142857143,2,4,2,At_Risk,1.02739726,385.7876712
17913,59,14,3479.64,03-12-2009 13:02,12-10-2011 10:45,1745,736,248.5457143,0,0,4,5,5,Champions,2.016438356,7016.479562
17914,4,1,336.43,06-12-2011 11:58,06-12-2011 11:58,473,4,336.43,0,0,5,2,2,New_customers,0.010958904,3.68690411
17915,551,1,242.13,06-06-2010 13:22,06-06-2010 13:22,191,551,242.13,0,0,1,2,1,lost,1.509589041,365.5167945
17916,629,2,43.87,06-12-2009 14:10,21-03-2010 12:26,90,733,21.935,0,0,1,3,1,At_Risk,2.008219178,88.10057534
17917,45,3,341.28,12-12-2010 12:08,25-10-2011 13:20,187,363,113.76,0,0,4,3,2,Needs_Attention,0.994520548,339.4099726
17918,501,3,396.39,22-07-2010 14:20,27-07-2010 11:51,352,505,132.13,0,0,1,3,2,At_Risk,1.383561644,548.43
17919,88,2,1840.32,27-09-2010 10:40,12-09-2011 13:41,1452,439,920.16,0,0,3,3,4,Loyal_customers,1.202739726,2213.425973
17920,4,54,24516.46,06-12-2009 10:37,05-12-2011 14:29,12666,734,454.0085185,2,0.035714286,5,5,5,Champions,2.010958904,49301.59353
17921,64,10,2423.5,15-07-2010 20:05,06-10-2011 18:56,1002,512,242.35,2,0.166666667,3,5,4,Loyal_customers,1.402739726,3399.539726
17922,543,1,170.4,14-06-2010 16:32,14-06-2010 16:32,49,543,170.4,0,0,1,2,1,lost,1.487671233,253.4991781
17923,282,3,497,13-06-2010 13:58,02-03-2011 15:15,140,544,165.6666667,0,0,2,3,2,At_Risk,1.490410959,740.7342466
17924,12,8,3536.7,21-10-2010 12:17,28-11-2011 09:11,1268,415,442.0875,6,0.428571429,5,5,5,Champions,1.136986301,4021.179452
17925,373,1,488.16,02-12-2010 10:10,02-12-2010 10:10,144,373,488.16,0,0,2,2,2,lost,1.021917808,498.8593973
17926,133,5,1035.49,09-05-2010 14:07,29-07-2011 14:39,572,579,207.098,0,0,3,4,3,Loyal_customers,1.58630137,1642.599205
17927,722,1,294,18-12-2009 11:03,18-12-2009 11:03,108,722,294,0,0,1,2,2,lost,1.978082192,581.5561644
17928,45,3,341.24,17-05-2010 15:30,25-10-2011 13:52,222,571,113.7466667,0,0,4,3,2,Needs_Attention,1.564383562,533.8302466
17929,11,12,3082.1,09-12-2009 11:40,28-11-2011 16:01,434,731,256.8416667,1,0.076923077,5,5,5,Champions,2.002739726,6172.64411
17930,36,13,4275.22,04-03-2010 10:41,04-11-2011 10:23,3795,646,328.8630769,2,0.133333333,4,5,5,Champions,1.769863014,7566.553753
17931,134,14,3437.29,16-02-2010 15:47,28-07-2011 18:33,1937,661,245.5207143,4,0.222222222,3,5,5,Loyal_customers,1.810958904,6224.790932
17932,29,3,1331.57,12-05-2011 13:58,10-11-2011 19:49,789,211,443.8566667,0,0,4,3,4,Loyal_customers,0.578082192,769.7569041
17933,632,1,114.69,17-03-2010 15:11,17-03-2010 15:11,63,632,114.69,0,0,1,2,1,lost,1.731506849,198.5865205
17934,52,3,1049.15,29-10-2010 12:23,19-10-2011 11:16,628,407,349.7166667,0,0,4,3,3,Loyal_customers,1.115068493,1169.87411
17935,138,7,686.14,04-12-2009 14:33,24-07-2011 13:18,244,735,98.02,1,0.125,3,4,3,Loyal_customers,2.01369863,1381.679178
17936,5,1,389.84,04-12-2011 13:32,04-12-2011 13:32,262,5,389.84,0,0,5,2,2,New_customers,0.01369863,5.340273973
17937,9,7,4301.22,12-12-2010 14:43,01-12-2011 11:45,1754,362,614.46,0,0,5,4,5,Champions,0.991780822,4265.867507
17938,420,1,144.29,15-10-2010 14:27,15-10-2010 14:27,53,420,144.29,0,0,1,2,1,lost,1.150684932,166.0323288
17939,160,1,99.14,03-07-2011 12:27,03-07-2011 12:27,40,160,99.14,0,0,3,2,1,Needs_Attention,0.438356164,43.45863014
17940,49,16,30393.19,03-12-2009 12:31,21-10-2011 13:27,85580,737,1899.574375,6,0.272727273,4,5,5,Champions,2.019178082,61369.2631
17941,131,4,1433.28,06-01-2010 15:37,01-08-2011 08:30,1108,702,358.32,0,0,3,4,4,Loyal_customers,1.923287671,2756.609753
17942,8,1,77.5,02-12-2011 10:45,02-12-2011 10:45,38,8,77.5,0,0,5,2,1,New_customers,0.021917808,1.698630137
17944,423,1,75.41,12-10-2010 16:25,12-10-2010 16:25,85,423,75.41,0,0,1,2,1,lost,1.15890411,87.3929589
17945,697,3,360.35,12-01-2010 11:33,12-01-2010 11:40,244,697,120.1166667,0,0,1,3,2,At_Risk,1.909589041,688.120411
17946,233,2,149.58,25-03-2011 14:34,20-04-2011 17:00,75,259,74.79,0,0,2,3,1,At_Risk,0.709589041,106.1403288
17947,37,1,176.68,02-11-2011 13:05,02-11-2011 13:05,168,37,176.68,0,0,4,2,1,New_customers,0.101369863,17.9100274
17948,147,1,358.56,15-07-2011 12:58,15-07-2011 12:58,144,147,358.56,0,0,3,2,2,Needs_Attention,0.402739726,144.4063562
17949,1,118,118628.08,02-12-2009 11:07,08-12-2011 18:46,60658,738,1005.322712,20,0.144927536,5,5,5,Champions,2.021917808,239856.2275
17950,72,7,1432.81,04-01-2010 17:39,28-09-2011 15:18,847,704,204.6871429,1,0.125,3,4,4,Loyal_customers,1.928767123,2763.556822
17951,40,4,1636.08,31-10-2010 15:15,31-10-2011 12:30,898,404,409.02,1,0.2,4,4,4,Champions,1.106849315,1810.894027
17952,378,4,819.61,16-06-2010 11:54,26-11-2010 13:54,504,542,204.9025,0,0,2,4,3,At_Risk,1.484931507,1217.064712
17953,540,1,160.82,17-06-2010 15:08,17-06-2010 15:08,99,540,160.82,0,0,1,2,1,lost,1.479452055,237.9254795
17954,5,19,3966.05,09-12-2009 13:22,04-12-2011 14:15,3265,730,208.7394737,7,0.269230769,5,5,5,Champions,2,7932.1
17955,199,6,949.9,12-02-2010 16:27,25-05-2011 12:00,681,665,158.3166667,0,0,2,4,3,At_Risk,1.821917808,1730.639726
17956,249,1,12.75,04-04-2011 13:47,04-04-2011 13:47,1,249,12.75,0,0,2,2,1,lost,0.682191781,8.697945205
17957,66,1,111.68,04-10-2011 14:58,04-10-2011 14:58,287,66,111.68,0,0,3,2,1,Needs_Attention,0.180821918,20.19419178
17958,117,2,973.88,11-12-2009 15:37,15-08-2011 12:19,284,728,486.94,0,0,3,3,3,Loyal_customers,1.994520548,1942.423671
17959,592,1,140.75,26-04-2010 14:12,26-04-2010 14:12,49,592,140.75,0,0,1,2,1,lost,1.621917808,228.2849315
17960,171,3,135.08,08-03-2010 12:22,21-06-2011 14:15,60,642,45.02666667,0,0,3,3,1,Needs_Attention,1.75890411,237.5927671
17961,21,100,2995.54,01-12-2009 14:48,18-11-2011 16:55,1537,738,29.9554,2,0.019607843,4,5,5,Champions,2.021917808,6056.735671
17962,142,4,687.42,13-01-2010 15:24,20-07-2011 14:16,651,695,171.855,1,0.2,3,4,3,Loyal_customers,1.904109589,1308.923014
17963,471,4,651.51,19-01-2010 17:25,25-08-2010 15:58,344,689,162.8775,0,0,1,4,3,At_Risk,1.887671233,1229.836685
17964,32,2,733.46,02-12-2010 13:32,08-11-2011 10:44,496,372,366.73,0,0,4,3,3,Loyal_customers,1.019178082,747.5263562
17965,38,29,7240.98,14-12-2009 13:19,02-11-2011 09:31,4525,725,249.6889655,4,0.121212121,4,5,5,Champions,1.98630137,14382.76849
17966,38,10,1974.42,18-01-2010 13:24,02-11-2011 10:26,3943,690,197.442,0,0,4,5,4,Champions,1.890410959,3732.465205
17967,372,2,357.29,19-10-2010 13:19,03-12-2010 11:19,198,416,178.645,0,0,2,3,2,At_Risk,1.139726027,407.2127123
17968,374,4,888.04,15-07-2010 15:01,01-12-2010 12:23,525,512,222.01,0,0,2,4,3,At_Risk,1.402739726,1245.688986
17969,166,20,2369.94,06-12-2009 13:53,26-06-2011 13:00,1017,733,118.497,7,0.259259259,3,5,4,Loyal_customers,2.008219178,4759.358959
17970,211,1,582.59,12-05-2011 20:03,12-05-2011 20:03,525,211,582.59,0,0,2,2,2,lost,0.578082192,336.7849041
17971,548,1,161.94,09-06-2010 14:04,09-06-2010 14:04,62,548,161.94,0,0,1,2,1,lost,1.501369863,243.1318356
17972,242,1,136.04,12-04-2011 12:16,12-04-2011 12:16,37,242,136.04,0,0,2,2,1,lost,0.663013699,90.19638356
17973,52,1,337.04,19-10-2011 10:34,19-10-2011 10:34,176,52,337.04,0,0,4,2,2,New_customers,0.142465753,48.01665753
17974,25,6,1858.06,28-10-2010 20:03,15-11-2011 11:37,1243,407,309.6766667,0,0,4,4,4,Champions,1.115068493,2071.864164
17975,15,24,7028.83,06-08-2010 11:24,24-11-2011 13:27,2271,491,292.8679167,2,0.076923077,5,5,5,Champions,1.345205479,9455.22063
17976,372,1,706.38,02-12-2010 13:49,02-12-2010 13:49,212,372,706.38,0,0,2,2,3,Needs_Attention,1.019178082,719.9270137
17977,29,2,1565.63,04-11-2010 14:26,10-11-2011 13:28,2062,400,782.815,1,0.333333333,4,3,4,Loyal_customers,1.095890411,1715.758904
17978,365,4,1461.76,08-12-2009 13:27,09-12-2010 14:05,1797,731,365.44,0,0,2,4,4,At_Risk,2.002739726,2927.524822
17979,36,4,757.71,25-03-2011 11:34,04-11-2011 12:05,397,260,189.4275,1,0.2,4,4,3,Loyal_customers,0.712328767,539.7386301
17980,166,4,1033.42,11-11-2010 14:42,27-06-2011 12:01,782,393,258.355,0,0,3,4,3,Loyal_customers,1.076712329,1112.696055
17981,411,1,239.12,25-10-2010 10:40,25-10-2010 10:40,260,411,239.12,0,0,1,2,1,lost,1.126027397,269.2556712
17982,681,1,138.18,28-01-2010 09:38,28-01-2010 09:38,117,681,138.18,0,0,1,2,1,lost,1.865753425,257.8098082
17983,395,1,171.71,09-11-2010 13:23,09-11-2010 13:24,108,395,171.71,0,0,2,2,1,lost,1.082191781,185.8231507
17984,145,5,1191.27,01-12-2009 11:51,17-07-2011 15:59,973,739,238.254,0,0,3,4,3,Loyal_customers,2.024657534,2411.913781
17985,22,1,634.95,17-11-2011 14:24,17-11-2011 14:24,183,22,634.95,0,0,4,2,3,New_customers,0.060273973,38.2709589
17986,56,1,20.8,14-10-2011 14:22,14-10-2011 14:22,10,56,20.8,0,0,4,2,1,New_customers,0.153424658,3.191232877
17987,185,5,1003.64,07-06-2010 11:23,07-06-2011 14:22,1015,551,200.728,1,0.166666667,3,4,3,Loyal_customers,1.509589041,1515.083945
17988,12,14,489.54,07-12-2009 13:35,28-11-2011 11:00,186,732,34.96714286,1,0.066666667,5,5,2,Needs_Attention,2.005479452,981.762411
17989,379,1,228.83,25-11-2010 13:49,25-11-2010 13:49,329,379,228.83,0,0,2,2,1,lost,1.038356164,237.6070411
17990,237,6,1527.61,07-12-2009 15:19,17-04-2011 11:44,777,732,254.6016667,1,0.142857143,2,4,4,At_Risk,2.005479452,3063.590466
17991,225,3,320.55,27-04-2010 12:46,28-04-2011 15:58,100,592,106.85,0,0,2,3,2,At_Risk,1.621917808,519.9057534
17992,389,1,254.13,15-11-2010 13:04,15-11-2010 13:04,131,389,254.13,0,0,2,2,1,lost,1.065753425,270.8399178
17993,617,1,235.19,01-04-2010 14:23,01-04-2010 14:23,112,617,235.19,0,0,1,2,1,lost,1.690410959,397.5677534
17994,122,11,2313.32,29-03-2010 10:37,10-08-2011 11:41,2194,621,210.3018182,3,0.214285714,3,5,4,Loyal_customers,1.701369863,3935.812932
17995,282,3,495.48,17-11-2010 17:01,03-03-2011 12:30,263,387,165.16,0,0,2,3,2,At_Risk,1.060273973,525.3445479
17996,380,3,482.33,11-06-2010 11:48,25-11-2010 11:00,587,547,160.7766667,0,0,2,3,2,At_Risk,1.498630137,722.834274
17997,74,8,1970.67,28-06-2011 17:28,26-09-2011 16:13,2298,164,246.33375,4,0.333333333,3,5,4,Loyal_customers,0.449315068,885.451726
17998,380,3,639.24,01-12-2009 13:07,24-11-2010 15:31,561,738,213.08,1,0.25,2,3,3,At_Risk,2.021917808,1292.49074
17999,37,3,730.9,26-11-2010 13:16,02-11-2011 15:56,395,378,243.6333333,0,0,4,3,3,Loyal_customers,1.035616438,756.9320548
18000,564,1,124.25,24-05-2010 17:34,24-05-2010 17:34,109,564,124.25,0,0,1,2,1,lost,1.545205479,191.9917808
18001,12,6,953.84,02-12-2009 15:38,27-11-2011 16:02,893,737,158.9733333,0,0,5,4,3,Loyal_customers,2.019178082,1925.972822
18002,376,4,249.92,08-12-2009 11:07,29-11-2010 10:57,72,732,62.48,0,0,2,4,1,At_Risk,2.005479452,501.2094247
18003,376,1,358.61,28-11-2010 15:09,28-11-2010 15:09,299,376,358.61,0,0,2,2,2,lost,1.030136986,369.4174247
18004,362,1,169.47,12-12-2010 13:47,12-12-2010 13:47,78,362,169.47,0,0,2,2,1,lost,0.991780822,168.0770959
18005,4,2,249.72,23-10-2011 14:40,06-12-2011 11:51,93,47,124.86,0,0,5,3,1,Needs_Attention,0.128767123,32.15572603
18006,23,4,997.86,17-12-2009 12:27,16-11-2011 16:52,403,723,249.465,0,0,4,4,3,Loyal_customers,1.980821918,1976.582959
18007,393,1,220.32,12-11-2010 11:08,12-11-2010 11:08,252,393,220.32,0,0,2,2,1,lost,1.076712329,237.2212603
18008,70,23,19787.13,06-01-2010 12:35,30-09-2011 15:17,7830,703,860.31,0,0,3,5,5,Loyal_customers,1.926027397,38110.55449
18009,235,8,2155.83,25-02-2010 11:49,18-04-2011 13:36,653,653,269.47875,6,0.428571429,2,5,4,At_Risk,1.789041096,3856.868466
18010,257,1,174.8,28-03-2011 12:27,28-03-2011 12:27,60,257,174.8,0,0,2,2,1,lost,0.704109589,123.0783562
18011,373,2,527.03,21-05-2010 13:28,01-12-2010 17:35,198,567,263.515,0,0,2,3,2,At_Risk,1.553424658,818.7013973
18012,723,1,115.3,16-12-2009 13:16,16-12-2009 13:16,63,723,115.3,0,0,1,2,1,lost,1.980821918,228.3887671
18013,155,2,187.29,07-07-2011 14:08,07-07-2011 14:11,285,155,93.645,0,0,3,3,1,Needs_Attention,0.424657534,79.53410959
18014,28,1,166.42,11-11-2011 15:28,11-11-2011 15:28,68,28,166.42,0,0,4,2,1,New_customers,0.076712329,12.76646575
18015,4,1,120.03,05-12-2011 14:49,05-12-2011 14:49,157,4,120.03,0,0,5,2,1,New_customers,0.010958904,1.31539726
18016,32,7,1960.46,27-01-2010 16:00,07-11-2011 13:25,1209,681,280.0657143,0,0,4,4,4,Champions,1.865753425,3657.734959
18017,81,4,688,04-10-2010 15:11,19-09-2011 16:15,400,431,172,0,0,3,4,3,Loyal_customers,1.180821918,812.4054795
18018,108,4,297.99,15-10-2010 11:05,23-08-2011 17:37,186,421,74.4975,1,0.2,3,4,2,Needs_Attention,1.153424658,343.7090137
18019,52,1,38.45,19-10-2011 12:10,19-10-2011 12:10,7,52,38.45,0,0,4,2,1,New_customers,0.142465753,5.477808219
18020,544,1,190.48,14-06-2010 12:31,14-06-2010 12:31,67,544,190.48,1,0.5,1,2,1,lost,1.490410959,283.8934795
18021,510,2,227.06,15-07-2010 18:47,18-07-2010 10:52,169,512,113.53,0,0,1,3,1,At_Risk,1.402739726,318.5060822
18022,36,5,1651.79,11-06-2010 13:59,04-11-2011 12:45,1390,546,330.358,0,0,4,4,4,Champions,1.495890411,2470.896822
18024,153,2,389.78,10-07-2011 12:28,10-07-2011 12:40,184,153,194.89,1,0.333333333,3,3,2,Needs_Attention,0.419178082,163.3872329
18025,380,6,1177.72,30-03-2010 17:33,25-11-2010 12:37,1053,619,196.2866667,0,0,2,4,3,At_Risk,1.695890411,1997.284055
18026,501,2,2074.07,22-07-2010 16:21,27-07-2010 10:37,530,505,1037.035,0,0,1,3,4,At_Risk,1.383561644,2869.603699
18027,99,1,115.31,02-09-2011 10:38,02-09-2011 10:38,78,99,115.31,0,0,3,2,1,Needs_Attention,0.271232877,31.27586301
18028,583,1,192.05,05-05-2010 13:28,05-05-2010 13:28,133,583,192.05,0,0,1,2,1,lost,1.597260274,306.7538356
18029,642,1,433.77,07-03-2010 15:30,07-03-2010 15:30,253,642,433.77,0,0,1,2,2,lost,1.75890411,762.9598356
18030,4,2,230.65,28-10-2011 13:55,05-12-2011 16:37,67,42,115.325,1,0.333333333,5,3,1,Needs_Attention,0.115068493,26.54054795
18031,379,1,462.1,26-11-2010 11:00,26-11-2010 11:00,300,379,462.1,0,0,2,2,2,lost,1.038356164,479.8243836
18032,334,1,73.5,09-01-2011 15:32,09-01-2011 15:32,42,334,73.5,0,0,2,2,1,lost,0.915068493,67.25753425
18033,65,1,97.97,05-10-2011 17:28,05-10-2011 17:28,253,65,97.97,0,0,3,2,1,Needs_Attention,0.178082192,17.44671233
18034,22,3,793.7,29-11-2010 12:36,18-11-2011 12:22,992,376,264.5666667,0,0,4,3,3,Loyal_customers,1.030136986,817.619726
18035,36,5,1276.74,19-11-2010 13:42,04-11-2011 12:39,1161,385,255.348,0,0,4,4,4,Champions,1.054794521,1346.698356
18036,32,11,1563.64,18-12-2009 12:04,07-11-2011 14:40,748,722,142.1490909,0,0,4,5,4,Champions,1.978082192,3093.008438
18037,154,15,167.42,01-12-2009 13:48,08-07-2011 13:39,37,738,11.16133333,0,0,3,5,1,Needs_Attention,2.021917808,338.5094795
18038,556,1,149.41,01-06-2010 15:59,01-06-2010 15:59,85,556,149.41,0,0,1,2,1,lost,1.523287671,227.594411
18039,374,4,579.17,09-03-2010 11:19,30-11-2010 13:07,570,641,144.7925,0,0,2,4,2,At_Risk,1.756164384,1017.117726
18040,19,2,357.2,08-04-2011 08:27,20-11-2011 14:20,148,246,178.6,0,0,5,3,2,Needs_Attention,0.673972603,240.7430137
18041,12,38,8752.38,14-01-2010 10:04,28-11-2011 11:39,7859,695,230.3257895,2,0.05,5,5,5,Champions,1.904109589,16665.49068
18042,54,2,281.15,16-06-2010 10:53,17-10-2011 11:49,69,542,140.575,0,0,4,3,1,Needs_Attention,1.484931507,417.4884932
18043,25,3,875.97,08-12-2010 12:35,15-11-2011 12:48,454,367,291.99,0,0,4,3,3,Loyal_customers,1.005479452,880.7698356
18044,4,18,3505.61,28-05-2010 15:31,05-12-2011 14:26,1598,560,194.7561111,1,0.052631579,5,5,5,Champions,1.534246575,5378.470137
18045,45,1,189.4,25-10-2011 13:07,25-10-2011 13:07,142,45,189.4,0,0,4,2,1,New_customers,0.123287671,23.35068493
18046,650,1,189.63,28-02-2010 11:36,28-02-2010 11:36,44,650,189.63,0,0,1,2,1,lost,1.780821918,337.6972603
18047,381,2,342.69,23-11-2010 12:57,23-11-2010 13:11,138,381,171.345,0,0,2,3,2,At_Risk,1.043835616,357.7120274
18048,203,3,401.73,03-08-2010 13:03,20-05-2011 14:58,258,493,133.91,0,0,2,3,2,At_Risk,1.350684932,542.6106575
18049,437,2,556.52,28-04-2010 13:24,28-09-2010 14:26,425,590,278.26,0,0,1,3,2,At_Risk,1.616438356,899.580274
18050,359,2,412.06,11-11-2010 15:51,15-12-2010 14:25,250,393,206.03,0,0,2,3,2,At_Risk,1.076712329,443.6700822
18051,634,7,2282.28,09-12-2009 12:17,15-03-2010 13:58,1661,731,326.04,1,0.125,1,4,4,At_Risk,2.002739726,4570.812822
18052,565,1,10877.18,24-05-2010 11:11,24-05-2010 11:11,17766,565,10877.18,0,0,1,2,5,Needs_Attention,1.547945205,16837.27863
18053,71,3,571.07,30-06-2010 12:36,30-09-2011 09:05,409,528,190.3566667,3,0.5,3,3,2,Needs_Attention,1.446575342,826.0957808
18054,393,1,176.5,12-11-2010 08:18,12-11-2010 08:18,96,393,176.5,0,0,2,2,1,lost,1.076712329,190.039726
18055,7,14,11195.57,22-10-2010 13:27,02-12-2011 14:25,3839,413,799.6835714,1,0.066666667,5,5,5,Champions,1.131506849,12667.86414
18056,288,2,554.6,31-03-2010 12:29,24-02-2011 14:27,334,619,277.3,1,0.333333333,2,3,2,At_Risk,1.695890411,940.5408219
18057,393,3,1203.56,18-01-2010 12:42,11-11-2010 16:55,978,691,401.1866667,0,0,2,3,3,At_Risk,1.893150685,2278.520438
18058,10,3,774.06,10-02-2010 09:38,30-11-2011 08:38,394,668,258.02,0,0,5,3,3,Loyal_customers,1.830136986,1416.635836
18059,23,3,306.46,03-10-2011 09:30,16-11-2011 16:49,258,68,102.1533333,1,0.25,4,3,2,Needs_Attention,0.18630137,57.09391781
18060,408,2,1185.46,24-05-2010 08:34,27-10-2010 16:41,902,565,592.73,0,0,2,3,3,At_Risk,1.547945205,1835.027123
18061,22,28,6488.97,04-12-2009 11:36,18-11-2011 11:20,3607,736,231.7489286,1,0.034482759,4,5,5,Champions,2.016438356,13084.608
18062,173,6,1632.67,21-04-2010 08:55,19-06-2011 14:47,831,598,272.1116667,3,0.333333333,3,4,4,Loyal_customers,1.638356164,2674.894959
18063,391,2,186.6,16-03-2010 13:05,14-11-2010 10:46,48,633,93.3,0,0,2,3,1,At_Risk,1.734246575,323.610411
18064,133,11,4495.03,01-02-2010 15:01,29-07-2011 16:39,2709,676,408.6390909,4,0.266666667,3,5,5,Loyal_customers,1.852054795,8325.041863
18065,6,29,5866.63,09-12-2009 16:00,04-12-2011 10:30,2265,730,202.2975862,3,0.09375,5,5,5,Champions,2,11733.26
18066,75,3,1440.4,20-10-2010 11:42,25-09-2011 15:30,535,416,480.1333333,0,0,3,3,4,Loyal_customers,1.139726027,1641.66137
18067,40,1,396.33,30-10-2011 15:58,30-10-2011 15:58,189,40,396.33,0,0,4,2,2,New_customers,0.109589041,43.43342466
18068,289,1,101.7,23-02-2011 14:50,23-02-2011 14:50,6,289,101.7,0,0,2,2,1,lost,0.791780822,80.52410959
18069,26,11,4540.56,28-02-2010 16:14,13-11-2011 16:03,3227,649,412.7781818,2,0.153846154,4,5,5,Champions,1.778082192,8073.488877
18070,669,1,314.1,08-02-2010 13:28,08-02-2010 13:28,86,669,314.1,1,0.5,1,2,2,lost,1.832876712,575.7065753
18071,258,6,1428.63,05-12-2009 10:31,27-03-2011 11:59,835,735,238.105,0,0,2,4,4,At_Risk,2.01369863,2876.830274
18072,186,1,247.44,07-06-2011 10:44,07-06-2011 10:44,288,186,247.44,1,0.5,3,2,1,Needs_Attention,0.509589041,126.0927123
18073,114,12,3877.52,26-05-2011 19:38,17-08-2011 14:02,3108,197,323.1266667,1,0.076923077,3,5,5,Loyal_customers,0.539726027,2092.798466
18074,374,2,1509.04,22-07-2010 10:31,01-12-2010 09:53,551,506,754.52,0,0,2,3,4,At_Risk,1.38630137,2091.984219
18075,23,20,5783.29,29-07-2010 11:47,16-11-2011 15:21,3281,499,289.1645,11,0.35483871,4,5,5,Champions,1.367123288,7906.470438
18076,380,1,151.49,24-11-2010 14:02,24-11-2010 14:02,164,380,151.49,0,0,2,2,1,lost,1.04109589,157.7156164
18077,8,18,4338.56,07-12-2009 11:40,01-12-2011 13:32,3233,733,241.0311111,0,0,5,5,5,Champions,2.008219178,8712.779397
18078,217,4,844.6,21-03-2010 15:50,06-05-2011 14:32,431,628,211.15,0,0,2,4,3,At_Risk,1.720547945,1453.174795
18079,45,5,4242.75,05-08-2010 12:19,25-10-2011 15:27,8815,492,848.55,0,0,4,4,5,Champions,1.347945205,5718.994521
18080,19,2,1231.5,11-04-2011 10:10,21-11-2011 08:02,642,243,615.75,0,0,5,3,3,Loyal_customers,0.665753425,819.8753425
18081,36,3,343.45,29-07-2011 11:56,03-11-2011 16:30,195,134,114.4833333,0,0,4,3,2,Needs_Attention,0.367123288,126.0884932
18082,26,1,703.37,14-11-2011 12:45,14-11-2011 12:45,621,26,703.37,0,0,4,2,3,New_customers,0.071232877,50.10306849
18083,398,1,470.73,07-11-2010 11:44,07-11-2010 11:44,270,398,470.73,0,0,2,2,2,lost,1.090410959,513.2891507
18084,16,3,812.93,16-11-2010 08:09,23-11-2011 13:57,761,389,270.9766667,2,0.4,5,3,3,Loyal_customers,1.065753425,866.3829315
18085,330,4,1645.75,21-03-2010 11:57,13-01-2011 15:17,585,629,411.4375,0,0,2,4,4,At_Risk,1.723287671,2836.100685
18086,274,1,101.34,10-03-2011 13:34,10-03-2011 13:34,106,274,101.34,0,0,2,2,1,lost,0.750684932,76.07441096
18087,98,17,14761.52,01-12-2009 09:43,02-09-2011 15:12,7775,739,868.3247059,4,0.19047619,3,5,5,Loyal_customers,2.024657534,29887.02268
18088,61,1,167.67,09-10-2011 13:41,09-10-2011 13:41,109,61,167.67,0,0,3,2,1,Needs_Attention,0.167123288,28.02156164
18089,447,1,428.45,19-09-2010 11:57,19-09-2010 11:57,95,447,428.45,0,0,1,2,2,lost,1.224657534,524.7045205
18090,422,1,349.4,14-10-2010 12:32,14-10-2010 12:32,321,422,349.4,0,0,1,2,2,lost,1.156164384,403.9638356
18091,593,1,360.85,25-04-2010 13:18,25-04-2010 13:18,539,593,360.85,0,0,1,2,2,lost,1.624657534,586.2576712
18092,2,18,16179.44,04-12-2009 12:37,07-12-2011 13:14,8830,736,898.8577778,2,0.1,5,5,5,Champions,2.016438356,32624.8434
18093,93,8,4452.71,31-03-2010 10:27,07-09-2011 15:43,3429,619,556.58875,1,0.111111111,3,5,5,Loyal_customers,1.695890411,7551.308192
18094,82,13,6391.52,07-01-2010 11:16,19-09-2011 09:28,4164,702,491.6553846,2,0.133333333,3,5,5,Loyal_customers,1.923287671,12292.73162
18095,313,5,2303.09,19-04-2010 14:09,31-01-2011 12:50,1623,599,460.618,0,0,2,4,4,At_Risk,1.64109589,3779.591534
18096,12,6,1805.28,14-07-2010 14:30,28-11-2011 12:44,1483,513,300.88,0,0,5,4,4,Champions,1.405479452,2537.283945
18097,8,11,4663.32,17-12-2009 11:06,02-12-2011 11:16,2740,723,423.9381818,3,0.214285714,5,5,5,Champions,1.980821918,9237.206466
18098,396,1,550.84,08-11-2010 16:31,08-11-2010 16:31,217,396,550.84,0,0,2,2,2,lost,1.084931507,597.6236712
18099,127,1,168.31,04-08-2011 15:52,04-08-2011 15:52,149,127,168.31,0,0,3,2,1,Needs_Attention,0.347945205,58.56265753
18100,550,1,451.56,07-06-2010 14:19,07-06-2010 14:19,440,550,451.56,0,0,1,2,2,lost,1.506849315,680.4328767
18101,11,5,629.16,03-02-2010 13:52,28-11-2011 13:37,250,674,125.832,0,0,5,4,3,Loyal_customers,1.846575342,1161.791342
18102,1,145,608821.65,01-12-2009 09:24,09-12-2011 11:50,188340,739,4198.77,8,0.052287582,5,5,5,Champions,2.024657534,1232655.341
18103,549,1,105.8,08-06-2010 13:36,08-06-2010 13:36,23,549,105.8,0,0,1,2,1,lost,1.504109589,159.1347945
18104,37,1,754.64,02-11-2011 14:07,02-11-2011 14:07,362,37,754.64,0,0,4,2,3,New_customers,0.101369863,76.49775342
18105,38,1,113.48,02-11-2011 12:04,02-11-2011 12:04,46,38,113.48,0,0,4,2,1,New_customers,0.104109589,11.81435616
18106,330,6,1461.46,15-01-2010 11:36,14-01-2011 12:23,512,694,243.5766667,0,0,2,4,4,At_Risk,1.901369863,2778.776
18107,442,1,167.13,23-09-2010 13:03,23-09-2010 13:03,66,442,167.13,0,0,1,2,1,lost,1.210958904,202.3875616
18108,254,3,848.81,02-12-2009 12:47,30-03-2011 13:56,261,738,282.9366667,1,0.25,2,3,3,At_Risk,2.021917808,1716.224055
18109,2,38,9893.96,01-07-2010 12:13,08-12-2011 11:36,4885,527,260.3673684,7,0.155555556,5,5,5,Champions,1.443835616,14285.25184
18110,20,2,435.43,24-10-2010 14:21,20-11-2011 12:34,186,411,217.715,1,0.333333333,4,3,2,Needs_Attention,1.126027397,490.3061096
18111,589,1,405.85,29-04-2010 12:58,29-04-2010 12:58,232,589,405.85,1,0.5,1,2,2,lost,1.61369863,654.919589
18112,12,4,775.96,06-06-2010 12:40,27-11-2011 14:43,447,552,193.99,0,0,5,4,3,Loyal_customers,1.512328767,1173.50663
18113,369,1,152.64,06-12-2010 12:31,06-12-2010 12:31,144,369,152.64,0,0,2,2,1,lost,1.010958904,154.3127671
18114,290,1,220.1,22-02-2011 13:20,22-02-2011 13:20,55,290,220.1,0,0,2,2,1,lost,0.794520548,174.8739726
18115,698,1,9.7,11-01-2010 11:57,11-01-2010 11:57,3,698,9.7,0,0,1,2,1,lost,1.912328767,18.54958904
18116,68,13,2154.3,24-10-2010 15:29,03-10-2011 11:00,1281,411,165.7153846,0,0,3,5,4,Loyal_customers,1.126027397,2425.800822
18117,26,1,320.72,14-11-2011 12:47,14-11-2011 12:47,618,26,320.72,0,0,4,2,2,New_customers,0.071232877,22.84580822
18118,11,29,6733.22,23-11-2010 13:36,29-11-2011 11:32,3417,381,232.18,6,0.171428571,5,5,5,Champions,1.043835616,7028.374849
18119,368,1,362.24,07-12-2010 11:59,07-12-2010 11:59,250,368,362.24,0,0,2,2,2,lost,1.008219178,365.2173151
18120,214,1,111.15,09-05-2011 13:45,09-05-2011 13:45,31,214,111.15,0,0,2,2,1,lost,0.58630137,65.16739726
18121,149,2,673.1,08-07-2011 12:14,13-07-2011 12:53,450,155,336.55,0,0,3,3,3,Loyal_customers,0.424657534,285.8369863
18122,8,6,1826.21,12-07-2011 11:37,01-12-2011 13:08,1234,151,304.3683333,0,0,5,4,4,Champions,0.41369863,755.5005753
18123,24,3,684.59,14-07-2010 12:47,15-11-2011 14:23,629,514,228.1966667,0,0,4,3,3,Loyal_customers,1.408219178,964.0527671
18124,472,1,111.53,24-08-2010 17:21,24-08-2010 17:21,51,472,111.53,0,0,1,2,1,lost,1.293150685,144.2250959
18125,30,4,1142.99,27-01-2011 15:02,10-11-2011 12:29,804,316,285.7475,1,0.2,4,4,3,Loyal_customers,0.865753425,989.5475068
18126,61,1,206.83,10-10-2011 12:19,10-10-2011 12:19,144,61,206.83,0,0,3,2,1,Needs_Attention,0.167123288,34.56610959
18127,19,4,561.53,01-11-2010 13:56,20-11-2011 14:05,252,403,140.3825,0,0,5,4,2,Needs_Attention,1.104109589,619.9906575
18128,537,1,420.04,20-06-2010 13:19,20-06-2010 13:19,221,537,420.04,0,0,1,2,2,lost,1.471232877,617.9766575
18129,243,1,112.55,10-04-2011 14:16,10-04-2011 14:16,48,243,112.55,0,0,2,2,1,lost,0.665753425,74.93054795
18130,15,3,1059.39,13-10-2011 15:58,24-11-2011 14:40,824,57,353.13,1,0.25,5,3,3,Loyal_customers,0.156164384,165.4389863
18131,632,1,222.96,18-03-2010 08:48,18-03-2010 08:48,552,632,222.96,0,0,1,2,1,lost,1.731506849,386.0567671
18132,504,1,226.9,23-07-2010 16:54,23-07-2010 16:54,216,504,226.9,0,0,1,2,1,lost,1.380821918,313.3084932
18133,212,1,931.5,11-05-2011 14:14,11-05-2011 14:14,1350,212,931.5,1,0.5,2,2,3,Needs_Attention,0.580821918,541.0356164
18134,598,2,445,14-01-2010 11:59,20-04-2010 14:02,128,695,222.5,0,0,1,3,2,At_Risk,1.904109589,847.3287671
18135,29,10,1249.62,15-03-2010 13:55,10-11-2011 19:32,753,634,124.962,3,0.230769231,4,5,4,Champions,1.736986301,2170.572822
18136,63,5,1631.36,14-09-2010 15:50,07-10-2011 15:40,860,451,326.272,4,0.444444444,3,4,4,Loyal_customers,1.235616438,2015.735233
18137,551,2,145.99,06-06-2010 13:45,06-06-2010 14:18,59,551,72.995,0,0,1,3,1,At_Risk,1.509589041,220.3849041
18138,295,1,152.65,17-02-2011 14:51,17-02-2011 14:51,38,295,152.65,0,0,2,2,1,lost,0.808219178,123.3746575
18139,18,6,8438.34,21-11-2011 14:06,22-11-2011 10:44,5557,18,1406.39,2,0.25,5,4,5,Champions,0.049315068,416.1373151
18140,474,1,536.41,23-08-2010 11:58,23-08-2010 11:58,395,474,536.41,0,0,1,2,2,lost,1.298630137,696.5981918
18141,402,2,882.47,29-04-2010 15:32,03-11-2010 11:44,433,589,441.235,2,0.5,2,3,3,At_Risk,1.61369863,1424.04063
18142,157,2,1019.52,08-05-2011 12:31,05-07-2011 13:19,1276,216,509.76,2,0.5,3,3,3,Loyal_customers,0.591780822,603.3323836
18143,117,2,1000.16,21-07-2011 10:44,15-08-2011 12:07,570,142,500.08,0,0,3,3,3,Loyal_customers,0.389041096,389.1033425
18144,8,19,5058,16-12-2009 15:57,02-12-2011 12:46,2239,723,266.2105263,0,0,5,5,5,Champions,1.980821918,10018.99726
18145,13,11,5617.79,08-12-2009 12:30,27-11-2011 11:22,5107,732,510.7081818,1,0.083333333,5,5,5,Champions,2.005479452,11266.36241
18146,141,2,160.35,03-05-2011 16:35,22-07-2011 12:08,153,220,80.175,0,0,3,3,1,Needs_Attention,0.602739726,96.64931507
18147,46,2,179.34,23-08-2011 12:22,25-10-2011 11:46,203,109,89.67,0,0,4,3,1,Needs_Attention,0.298630137,53.55632877
18148,647,1,114.1,03-03-2010 11:40,03-03-2010 11:40,64,647,114.1,0,0,1,2,1,lost,1.77260274,202.2539726
18149,51,7,1624.71,14-03-2010 12:41,20-10-2011 12:04,918,636,232.1014286,0,0,4,4,4,Champions,1.742465753,2831.001534
18150,32,3,566.58,22-05-2011 10:47,07-11-2011 16:49,332,202,188.86,0,0,4,3,2,Needs_Attention,0.553424658,313.5593425
18151,135,6,1879.44,04-03-2010 10:47,28-07-2011 11:35,986,646,313.24,1,0.142857143,3,4,4,Loyal_customers,1.769863014,3326.351342
18152,646,1,426.69,03-03-2010 15:26,03-03-2010 15:26,75,646,426.69,0,0,1,2,2,lost,1.769863014,755.1828493
18153,659,1,246.22,18-02-2010 15:50,18-02-2010 15:50,200,659,246.22,0,0,1,2,1,lost,1.805479452,444.5451507
18154,3,5,932.6,06-08-2010 09:18,06-12-2011 16:41,626,491,186.52,0,0,5,4,3,Loyal_customers,1.345205479,1254.53863
18155,75,3,371.62,21-02-2011 10:36,25-09-2011 13:32,266,292,123.8733333,1,0.25,3,3,2,Needs_Attention,0.8,297.296
18156,13,2,941.17,05-12-2010 12:29,27-11-2011 12:24,374,370,470.585,0,0,5,3,3,Loyal_customers,1.01369863,954.0627397
18157,571,1,215.35,17-05-2010 14:09,17-05-2010 14:09,146,571,215.35,0,0,1,2,1,lost,1.564383562,336.89
18158,9,2,453.4,12-09-2011 09:03,30-11-2011 16:19,354,89,226.7,1,0.333333333,5,3,2,Needs_Attention,0.243835616,110.5550685
18159,301,1,530.15,11-02-2011 14:26,11-02-2011 14:26,139,301,530.15,0,0,2,2,2,lost,0.824657534,437.1921918
18160,57,3,1003.88,18-11-2010 16:33,13-10-2011 15:50,519,386,334.6266667,0,0,4,3,3,Loyal_customers,1.057534247,1061.637479
18161,15,6,1803.1,25-11-2010 15:55,24-11-2011 16:40,965,379,300.5166667,1,0.142857143,5,4,4,Champions,1.038356164,1872.26
18162,732,1,379.16,07-12-2009 13:24,07-12-2009 13:24,335,732,379.16,0,0,1,2,2,lost,2.005479452,760.397589
18163,584,1,728.84,04-05-2010 14:51,04-05-2010 14:51,452,584,728.84,1,0.5,1,2,3,Needs_Attention,1.6,1166.144
18164,37,1,399.65,02-11-2011 12:56,02-11-2011 12:56,184,37,399.65,1,0.5,4,2,2,New_customers,0.101369863,40.51246575
18165,177,1,302.46,15-06-2011 13:23,15-06-2011 13:23,254,177,302.46,0,0,3,2,2,Needs_Attention,0.484931507,146.6723836
18166,624,1,175.5,26-03-2010 12:26,26-03-2010 12:26,90,624,175.5,0,0,1,2,1,lost,1.709589041,300.0328767
18167,23,3,1384.86,26-08-2011 11:40,16-11-2011 15:56,382,106,461.62,3,0.5,4,3,4,Loyal_customers,0.290410959,402.1785205
18168,176,16,3770.27,03-12-2009 17:29,16-06-2011 19:21,2177,736,235.641875,6,0.272727273,3,5,5,Loyal_customers,2.016438356,7602.517041
18169,61,1,202.65,10-10-2011 12:18,10-10-2011 12:18,61,61,202.65,0,0,3,2,1,Needs_Attention,0.167123288,33.86753425
18170,33,9,2878,08-01-2010 14:10,06-11-2011 14:35,1184,700,319.7777778,0,0,4,5,4,Champions,1.917808219,5519.452055
18171,59,9,2437.31,05-01-2010 10:46,12-10-2011 09:13,991,704,270.8122222,2,0.181818182,4,5,4,Champions,1.928767123,4701.003397
18172,15,52,17479.84,11-12-2009 09:58,25-11-2011 11:12,7413,729,336.1507692,11,0.174603175,5,5,5,Champions,1.997260274,34911.79003
18173,87,5,2696.36,06-04-2010 10:43,14-09-2011 11:26,1730,613,539.272,0,0,3,4,4,Loyal_customers,1.679452055,4528.407342
18174,7,2,162.5,15-04-2010 12:17,02-12-2011 16:56,80,604,81.25,0,0,5,3,1,Needs_Attention,1.654794521,268.9041096
18175,676,1,176.1,02-02-2010 10:25,02-02-2010 10:25,70,676,176.1,0,0,1,2,1,lost,1.852054795,326.1468493
18176,358,1,476.35,16-12-2010 15:45,16-12-2010 15:45,283,358,476.35,1,0.5,2,2,2,lost,0.980821918,467.2145205
18177,31,9,2216.87,15-12-2009 18:57,08-11-2011 14:44,1239,724,246.3188889,1,0.1,4,5,4,Champions,1.983561644,4397.298301
18178,129,11,6103.74,18-02-2010 14:25,03-08-2011 09:30,3850,659,554.8854545,4,0.266666667,3,5,5,Loyal_customers,1.805479452,11020.17715
18179,9,8,2547.55,14-02-2010 15:51,30-11-2011 16:23,1811,663,318.44375,0,0,5,5,4,Champions,1.816438356,4627.467534
18180,5,6,1843.75,20-07-2011 08:59,05-12-2011 08:39,1721,143,307.2916667,0,0,5,4,4,Champions,0.391780822,722.3458904
18181,24,5,1205.94,04-12-2009 15:30,15-11-2011 15:08,524,735,241.188,2,0.285714286,4,4,3,Loyal_customers,2.01369863,2428.399726
18182,463,1,291.13,02-09-2010 14:25,02-09-2010 14:25,167,463,291.13,0,0,1,2,1,lost,1.268493151,369.296411
18183,227,2,632.07,10-03-2011 10:08,26-04-2011 15:26,371,275,316.035,4,0.666666667,2,3,3,At_Risk,0.753424658,476.2171233
18184,15,1,49.8,24-11-2011 15:28,24-11-2011 15:28,60,15,49.8,0,0,5,2,1,New_customers,0.04109589,2.046575342
18185,249,1,304.25,04-04-2011 13:42,04-04-2011 13:42,183,249,304.25,0,0,2,2,2,lost,0.682191781,207.5568493
18186,723,1,329.58,17-12-2009 10:22,17-12-2009 10:22,338,723,329.58,0,0,1,2,2,lost,1.980821918,652.8392877
18187,632,1,724.89,18-03-2010 09:49,18-03-2010 09:49,310,632,724.89,2,0.666666667,1,2,3,Needs_Attention,1.731506849,1255.152
18188,15,6,3280.59,26-03-2010 11:37,24-11-2011 16:46,1888,624,546.765,2,0.25,5,4,5,Champions,1.709589041,5608.460712
18189,78,3,1403.73,24-03-2010 09:57,23-09-2011 12:40,836,626,467.91,2,0.4,3,3,4,Loyal_customers,1.715068493,2407.493096
18190,192,5,745.62,22-12-2009 12:05,31-05-2011 14:48,490,718,149.124,1,0.166666667,2,4,3,At_Risk,1.967123288,1466.726466
18191,262,2,529.4,19-08-2010 17:42,23-03-2011 12:08,332,477,264.7,0,0,2,3,2,At_Risk,1.306849315,691.8460274
18192,72,1,957.97,29-09-2011 09:53,29-09-2011 09:53,339,72,957.97,0,0,3,2,3,Needs_Attention,0.197260274,188.9694247
18193,165,3,1207.35,23-09-2010 13:33,27-06-2011 13:58,926,442,402.45,2,0.4,3,3,3,Loyal_customers,1.210958904,1462.051233
18194,82,6,4162.04,28-01-2010 15:30,18-09-2011 13:29,1774,680,693.6733333,1,0.142857143,3,4,5,Loyal_customers,1.863013699,7753.937534
18195,387,1,101.16,17-11-2010 15:03,17-11-2010 15:03,60,387,101.16,0,0,2,2,1,lost,1.060273973,107.2573151
18196,95,4,1464.31,17-03-2010 14:55,05-09-2011 16:22,1047,632,366.0775,0,0,3,4,4,Loyal_customers,1.731506849,2535.462795
18197,576,1,230.1,13-05-2010 10:46,13-05-2010 10:46,166,576,230.1,1,0.5,1,2,1,lost,1.578082192,363.1167123
18198,4,17,5425.56,07-01-2011 13:39,05-12-2011 14:49,4074,336,319.1505882,4,0.19047619,5,5,5,Champions,0.920547945,4994.48811
18199,684,1,344.75,25-01-2010 11:32,25-01-2010 11:32,99,684,344.75,1,0.5,1,2,2,lost,1.873972603,646.0520548
18200,106,1,163.8,25-08-2011 18:45,25-08-2011 18:45,111,106,163.8,0,0,3,2,1,Needs_Attention,0.290410959,47.56931507
18201,723,1,447.53,17-12-2009 08:55,17-12-2009 08:55,191,723,447.53,0,0,1,2,2,lost,1.980821918,886.4772329
18202,200,3,1396.99,01-02-2011 13:36,24-05-2011 12:12,581,311,465.6633333,0,0,2,3,4,At_Risk,0.852054795,1190.312027
18203,157,4,504.42,08-12-2009 13:19,05-07-2011 13:07,113,731,126.105,0,0,3,4,2,Needs_Attention,2.002739726,1010.221973
18204,71,3,1993.7,31-05-2011 15:26,29-09-2011 16:44,1200,192,664.5666667,1,0.25,3,3,4,Loyal_customers,0.526027397,1048.740822
18205,36,2,517.36,26-09-2011 12:02,03-11-2011 13:22,192,75,258.68,0,0,4,3,2,Needs_Attention,0.205479452,106.3068493
18206,553,1,314.66,04-06-2010 13:47,04-06-2010 13:47,246,553,314.66,0,0,1,2,2,lost,1.515068493,476.7314521
18207,499,1,544.47,28-07-2010 14:26,28-07-2010 14:26,325,499,544.47,2,0.666666667,1,2,2,lost,1.367123288,744.3576164
18208,566,1,360.08,23-05-2010 11:54,23-05-2010 11:54,82,566,360.08,0,0,1,2,2,lost,1.550684932,558.3706301
18209,29,1,139.1,11-11-2011 12:07,11-11-2011 12:07,58,29,139.1,0,0,4,2,1,New_customers,0.079452055,11.05178082
18210,2,7,2768.83,22-11-2010 09:39,08-12-2011 11:02,1499,383,395.5471429,0,0,5,4,4,Champions,1.049315068,2905.375041
18211,26,5,600.07,06-03-2011 12:09,14-11-2011 08:10,359,279,120.014,0,0,4,4,2,Needs_Attention,0.764383562,458.6836438
18212,326,2,546.72,31-01-2010 14:42,17-01-2011 16:14,167,677,273.36,0,0,2,3,2,At_Risk,1.854794521,1014.05326
18213,237,1,232.48,17-04-2011 10:21,17-04-2011 10:21,232,237,232.48,0,0,2,2,1,lost,0.649315068,150.9527671
18214,531,4,1780.34,03-06-2010 19:47,27-06-2010 11:21,989,554,445.085,1,0.2,1,4,4,At_Risk,1.517808219,2702.214685
18215,89,5,2247.49,26-03-2010 13:03,11-09-2011 16:05,1143,623,449.498,1,0.166666667,3,4,4,Loyal_customers,1.706849315,3836.126767
18216,31,1,481.75,08-11-2011 16:55,08-11-2011 16:55,200,31,481.75,0,0,4,2,2,New_customers,0.084931507,40.91575342
18217,29,4,945.04,01-07-2010 15:39,10-11-2011 13:18,740,526,236.26,2,0.333333333,4,4,3,Loyal_customers,1.44109589,1361.89326
18218,211,4,1142,17-02-2010 15:11,12-05-2011 12:53,1076,660,285.5,2,0.333333333,2,4,3,At_Risk,1.808219178,2064.986301
18219,3,17,3562.89,07-12-2009 13:17,07-12-2011 11:43,1653,732,209.5817647,2,0.105263158,5,5,5,Champions,2.005479452,7145.302685
18220,227,6,1921.76,15-12-2009 11:42,27-04-2011 09:03,1352,725,320.2933333,5,0.454545455,2,4,4,At_Risk,1.98630137,3817.194521
18221,22,6,1424.94,14-11-2010 15:46,17-11-2011 14:40,1000,390,237.49,2,0.25,4,4,4,Champions,1.068493151,1522.53863
18222,93,1,443,08-09-2011 10:45,08-09-2011 10:45,335,93,443,0,0,3,2,2,Needs_Attention,0.254794521,112.8739726
18223,5,26,14000.85,04-12-2009 12:20,05-12-2011 09:11,6644,736,538.4942308,26,0.5,5,5,5,Champions,2.016438356,28231.85096
18224,264,1,158.95,21-03-2011 10:30,21-03-2011 10:30,69,264,158.95,0,0,2,2,1,lost,0.723287671,114.9665753
18225,3,26,13054.26,04-12-2009 16:52,06-12-2011 13:27,7304,735,502.0869231,8,0.235294118,5,5,5,Champions,2.01369863,26287.34548
18226,44,26,11878.88,05-03-2010 10:05,26-10-2011 13:36,7883,645,456.88,12,0.315789474,4,5,5,Champions,1.767123288,20991.44548
18227,218,2,388.75,12-08-2010 16:45,06-05-2011 12:23,22,484,194.375,1,0.333333333,2,3,2,At_Risk,1.326027397,515.4931507
18228,57,2,779.9,21-09-2011 10:48,14-10-2011 09:21,238,80,389.95,1,0.333333333,4,3,3,Loyal_customers,0.219178082,170.9369863
18229,12,28,10803.71,03-12-2009 14:42,28-11-2011 09:48,3183,736,385.8467857,0,0,5,5,5,Champions,2.016438356,21785.01523
18230,9,9,4291.06,02-07-2010 10:01,30-11-2011 13:22,1996,526,476.7844444,3,0.25,5,5,5,Champions,1.44109589,6183.828932
18231,192,28,6880.97,10-01-2010 12:13,31-05-2011 14:18,2923,699,245.7489286,2,0.066666667,2,5,5,At_Risk,1.915068493,13177.52885
18232,82,4,592.97,26-05-2011 16:30,19-09-2011 11:49,302,197,148.2425,1,0.2,3,4,2,Needs_Attention,0.539726027,320.0413425
18233,326,1,440,18-01-2011 08:44,18-01-2011 08:44,4,326,440,0,0,2,2,2,lost,0.893150685,392.9863014
18234,552,1,179.6,06-06-2010 11:22,06-06-2010 11:22,80,552,179.6,0,0,1,2,1,lost,1.512328767,271.6142466
18235,72,3,1796.48,06-05-2011 13:35,29-09-2011 08:27,1578,217,598.8266667,0,0,3,3,4,Loyal_customers,0.594520548,1068.044274
18236,30,12,1795.35,15-04-2010 13:39,10-11-2011 08:06,696,603,149.6125,0,0,4,5,4,Champions,1.652054795,2966.016575
18237,3,5,987.1,28-07-2011 13:05,07-12-2011 12:49,622,134,197.42,0,0,5,4,3,Loyal_customers,0.367123288,362.3873973
18238,515,1,270.92,12-07-2010 12:51,12-07-2010 12:51,114,515,270.92,0,0,1,2,1,lost,1.410958904,382.2569863
18239,219,6,2150.36,13-10-2010 10:11,05-05-2011 12:38,1052,423,358.3933333,0,0,2,4,4,At_Risk,1.15890411,2492.061041
18240,46,1,422.58,24-10-2011 13:06,24-10-2011 13:06,126,46,422.58,0,0,4,2,2,New_customers,0.126027397,53.25665753
18241,10,21,2986.99,01-04-2010 11:55,30-11-2011 12:10,1471,618,142.237619,2,0.086956522,5,5,5,Champions,1.693150685,5057.424164
18242,72,8,3605.21,11-01-2010 08:49,28-09-2011 13:43,2021,698,450.65125,0,0,3,5,5,Loyal_customers,1.912328767,6894.346795
18243,414,1,515.78,21-10-2010 14:29,21-10-2010 14:29,221,414,515.78,0,0,1,2,2,lost,1.134246575,585.0216986
18244,431,2,568.64,25-07-2010 10:30,05-10-2010 11:15,856,503,284.32,0,0,1,3,2,At_Risk,1.378082192,783.6326575
18245,7,20,6324.98,08-03-2010 15:26,02-12-2011 14:48,5098,641,316.249,3,0.130434783,5,5,5,Champions,1.756164384,11107.7046
18246,24,3,758.82,09-04-2010 10:19,16-11-2011 11:49,214,610,252.94,0,0,4,3,3,Loyal_customers,1.671232877,1268.164932
18247,415,3,839.73,18-03-2010 15:52,21-10-2010 09:49,335,631,279.91,3,0.5,1,3,3,At_Risk,1.728767123,1451.697616
18248,123,2,804.02,06-06-2011 13:18,09-08-2011 10:19,511,186,402.01,2,0.5,3,3,3,Loyal_customers,0.509589041,409.7197808
18249,17,1,95.34,22-11-2011 15:07,22-11-2011 15:07,128,17,95.34,0,0,5,2,1,New_customers,0.046575342,4.440493151
18250,310,1,349.27,02-02-2011 13:16,02-02-2011 13:16,199,310,349.27,1,0.5,2,2,2,lost,0.849315068,296.640274
18251,87,9,26278.86,22-12-2009 12:01,13-09-2011 15:03,39639,718,2919.873333,0,0,3,5,5,Loyal_customers,1.967123288,51693.75748
18252,51,7,1542.09,18-12-2009 16:13,20-10-2011 12:43,937,721,220.2985714,1,0.125,4,4,4,Champions,1.975342466,3046.155863
18253,643,1,317.88,07-03-2010 12:38,07-03-2010 12:38,128,643,317.88,0,0,1,2,2,lost,1.761643836,559.9913425
18254,581,1,267.9,07-05-2010 14:37,07-05-2010 14:37,188,581,267.9,0,0,1,2,1,lost,1.591780822,426.4380822
18255,89,2,303.15,09-09-2010 16:31,11-09-2011 13:16,201,456,151.575,0,0,3,3,2,Needs_Attention,1.249315068,378.729863
18256,388,1,110.7,17-11-2010 08:53,17-11-2010 08:53,180,388,110.7,1,0.5,2,2,1,lost,1.063013699,117.6756164
18257,39,12,4600.15,18-02-2010 16:20,31-10-2011 14:48,2369,659,383.3458333,6,0.333333333,4,5,5,Champions,1.805479452,8305.476301
18258,464,6,2059.67,16-05-2010 11:35,01-09-2010 14:20,1981,573,343.2783333,2,0.25,1,4,4,At_Risk,1.569863014,3233.399753
18259,25,7,4318.2,08-12-2009 08:38,15-11-2011 12:34,1390,732,616.8857143,0,0,4,4,5,Champions,2.005479452,8660.06137
18260,173,23,9962.11,15-12-2009 13:50,20-06-2011 12:37,5247,724,433.1352174,9,0.28125,3,5,5,Loyal_customers,1.983561644,19760.45929
18261,43,2,324.24,05-09-2011 09:34,27-10-2011 15:36,146,96,162.12,0,0,4,3,2,Needs_Attention,0.263013699,85.27956164
18262,140,3,577.54,16-04-2010 09:05,22-07-2011 16:04,552,603,192.5133333,0,0,3,3,2,Needs_Attention,1.652054795,954.127726
18263,26,3,1213.16,01-04-2011 11:48,14-11-2011 09:00,1468,253,404.3866667,1,0.25,4,3,3,Loyal_customers,0.693150685,840.9026849
18264,499,1,603.25,29-07-2010 10:02,29-07-2010 10:02,241,499,603.25,0,0,1,2,2,lost,1.367123288,824.7171233
18265,72,2,801.51,04-07-2011 15:26,28-09-2011 14:10,311,158,400.755,0,0,3,3,3,Loyal_customers,0.432876712,346.9550137
18266,434,1,251.1,01-10-2010 15:33,01-10-2010 15:33,138,434,251.1,0,0,1,2,1,lost,1.189041096,298.5682192
18267,673,1,269.37,05-02-2010 08:43,05-02-2010 08:43,135,673,269.37,1,0.5,1,2,1,lost,1.843835616,496.674
18268,134,6,1490.23,11-12-2009 10:27,28-07-2011 19:13,711,729,248.3716667,2,0.25,3,4,4,Loyal_customers,1.997260274,2976.377178
18269,366,1,337.2,08-12-2010 13:53,08-12-2010 13:53,152,366,337.2,1,0.5,2,2,2,lost,1.002739726,338.1238356
18270,38,3,444.55,03-10-2010 10:49,01-11-2011 13:57,209,433,148.1833333,1,0.25,4,3,2,Needs_Attention,1.18630137,527.370274
18271,610,2,680.85,08-12-2009 11:27,09-04-2010 09:26,319,732,340.425,0,0,1,3,3,At_Risk,2.005479452,1365.430685
18272,3,9,4385.98,04-03-2010 12:53,07-12-2011 12:43,2880,645,487.3311111,2,0.181818182,5,5,5,Champions,1.767123288,7750.567397
18273,2,4,357,28-04-2010 12:24,07-12-2011 13:16,140,591,89.25,0,0,5,4,2,Needs_Attention,1.619178082,578.0465753
18274,30,1,175.92,09-11-2011 17:03,09-11-2011 17:03,88,30,175.92,1,0.5,4,2,1,New_customers,0.082191781,14.45917808
18275,578,2,741.85,08-12-2009 16:23,10-05-2010 15:46,417,731,370.925,0,0,1,3,3,At_Risk,2.002739726,1485.732466
18276,44,6,1656.52,10-12-2009 17:14,27-10-2011 10:54,1246,729,276.0866667,4,0.4,4,4,4,Champions,1.997260274,3308.501589
18277,58,5,1180.05,02-08-2010 10:26,12-10-2011 15:22,449,495,236.01,3,0.375,4,4,3,Loyal_customers,1.356164384,1600.341781
18278,74,2,414.2,31-10-2010 12:13,27-09-2011 11:58,140,405,207.1,0,0,3,3,2,Needs_Attention,1.109589041,459.5917808
18279,519,1,231.34,08-07-2010 14:48,08-07-2010 14:48,630,519,231.34,0,0,1,2,1,lost,1.421917808,328.9464658
18280,278,2,488.15,10-11-2010 15:51,07-03-2011 09:52,194,394,244.075,1,0.333333333,2,3,2,At_Risk,1.079452055,526.9345205
18281,181,2,201.14,11-05-2010 10:49,12-06-2011 10:53,146,578,100.57,0,0,3,3,1,Needs_Attention,1.583561644,318.517589
18282,8,2,178.05,05-08-2011 13:35,02-12-2011 11:43,103,126,89.025,1,0.333333333,5,3,1,Needs_Attention,0.345205479,61.46383562
18283,4,22,2736.65,19-02-2010 17:16,06-12-2011 12:02,1733,658,124.3931818,0,0,5,5,4,Champions,1.802739726,4933.467671
18284,432,1,461.68,04-10-2010 11:33,04-10-2010 11:33,494,432,461.68,1,0.5,1,2,2,lost,1.183561644,546.4267397
18285,661,1,427,17-02-2010 10:24,17-02-2010 10:24,145,661,427,0,0,1,2,2,lost,1.810958904,773.2794521
18286,477,2,1296.43,16-12-2009 10:45,20-08-2010 11:57,608,724,648.215,1,0.333333333,1,3,4,At_Risk,1.983561644,2571.548822
18287,43,7,4182.99,17-05-2010 11:55,28-10-2011 09:29,3013,572,597.57,1,0.125,4,4,5,Champions,1.567123288,6555.261041
